Watching for file changes with StatReloader
Watching for file changes with StatReloader
Waiting for apps ready_event.
Waiting for apps ready_event.
Apps ready_event triggered. Sending autoreload_started signal.
Apps ready_event triggered. Sending autoreload_started signal.
Watching dir /Users/cc/Documents/CC_Self/CCHome/PAV/show/templates with glob **/*.
Watching dir /Users/cc/Documents/CC_Self/CCHome/PAV/show/templates with glob **/*.
Watching dir /Users/cc/Documents/CC_Self/CCHome/PAV/f_proc/templates with glob **/*.
Watching dir /Users/cc/Documents/CC_Self/CCHome/PAV/f_proc/templates with glob **/*.
Watching dir /Users/cc/Documents/CC_Self/CCHome/PAV/locale with glob **/*.mo.
Watching dir /Users/cc/Documents/CC_Self/CCHome/PAV/locale with glob **/*.mo.
Watching dir /Users/cc/Documents/CC_Self/CCHome/PAV/show/locale with glob **/*.mo.
Watching dir /Users/cc/Documents/CC_Self/CCHome/PAV/show/locale with glob **/*.mo.
Watching dir /Users/cc/Documents/CC_Self/CCHome/PAV/f_proc/locale with glob **/*.mo.
Watching dir /Users/cc/Documents/CC_Self/CCHome/PAV/f_proc/locale with glob **/*.mo.
File /Users/cc/Documents/CC_Self/CCHome/PAV/venv/lib/python3.12/site-packages/django/db/models/fields/files.py first seen with mtime 1729230685.772618
File /Users/cc/Documents/CC_Self/CCHome/PAV/venv/lib/python3.12/site-packages/django/db/models/fields/files.py first seen with mtime 1729230685.772618
File /Users/cc/Documents/CC_Self/CCHome/PAV/f_proc/admin.py first seen with mtime 1722835605.3386462
File /Users/cc/Documents/CC_Self/CCHome/PAV/f_proc/admin.py first seen with mtime 1722835605.3386462
File /Users/cc/Documents/CC_Self/CCHome/PAV/venv/lib/python3.12/site-packages/django/utils/choices.py first seen with mtime 1729230685.7914553
File /Users/cc/Documents/CC_Self/CCHome/PAV/venv/lib/python3.12/site-packages/django/utils/choices.py first seen with mtime 1729230685.7914553
File /Users/cc/Documents/CC_Self/CCHome/PAV/venv/lib/python3.12/site-packages/django/db/backends/base/base.py first seen with mtime 1729230685.7633555
File /Users/cc/Documents/CC_Self/CCHome/PAV/venv/lib/python3.12/site-packages/django/db/backends/base/base.py first seen with mtime 1729230685.7633555
File /Users/cc/Documents/CC_Self/CCHome/PAV/venv/lib/python3.12/site-packages/django/utils/module_loading.py first seen with mtime 1729230685.7938683
File /Users/cc/Documents/CC_Self/CCHome/PAV/venv/lib/python3.12/site-packages/django/utils/module_loading.py first seen with mtime 1729230685.7938683
File /Library/Frameworks/Python.framework/Versions/3.12/lib/python3.12/asyncio/format_helpers.py first seen with mtime 1717710263.0
File /Library/Frameworks/Python.framework/Versions/3.12/lib/python3.12/asyncio/format_helpers.py first seen with mtime 1717710263.0
File /Users/cc/Documents/CC_Self/CCHome/PAV/venv/lib/python3.12/site-packages/django/core/files/locks.py first seen with mtime 1729230685.7556465
File /Users/cc/Documents/CC_Self/CCHome/PAV/venv/lib/python3.12/site-packages/django/core/files/locks.py first seen with mtime 1729230685.7556465
File /Users/cc/Documents/CC_Self/CCHome/PAV/venv/lib/python3.12/site-packages/django/views/debug.py first seen with mtime 1729230685.7957668
File /Users/cc/Documents/CC_Self/CCHome/PAV/venv/lib/python3.12/site-packages/django/views/debug.py first seen with mtime 1729230685.7957668
File /Users/cc/Documents/CC_Self/CCHome/PAV/venv/lib/python3.12/site-packages/PIL/ImageMode.py first seen with mtime 1729230684.284323
File /Users/cc/Documents/CC_Self/CCHome/PAV/venv/lib/python3.12/site-packages/PIL/ImageMode.py first seen with mtime 1729230684.284323
File /Library/Frameworks/Python.framework/Versions/3.12/lib/python3.12/copyreg.py first seen with mtime 1717710263.0
File /Library/Frameworks/Python.framework/Versions/3.12/lib/python3.12/copyreg.py first seen with mtime 1717710263.0
File /Users/cc/Documents/CC_Self/CCHome/PAV/venv/lib/python3.12/site-packages/sqlparse/engine/statement_splitter.py first seen with mtime 1729230683.297637
File /Users/cc/Documents/CC_Self/CCHome/PAV/venv/lib/python3.12/site-packages/sqlparse/engine/statement_splitter.py first seen with mtime 1729230683.297637
File /Users/cc/Documents/CC_Self/CCHome/PAV/venv/lib/python3.12/site-packages/django/db/models/functions/window.py first seen with mtime 1729230685.7742407
File /Users/cc/Documents/CC_Self/CCHome/PAV/venv/lib/python3.12/site-packages/django/db/models/functions/window.py first seen with mtime 1729230685.7742407
File /Library/Frameworks/Python.framework/Versions/3.12/lib/python3.12/urllib/response.py first seen with mtime 1717710265.0
File /Library/Frameworks/Python.framework/Versions/3.12/lib/python3.12/urllib/response.py first seen with mtime 1717710265.0
File /Users/cc/Documents/CC_Self/CCHome/PAV/venv/lib/python3.12/site-packages/django/core/management/__init__.py first seen with mtime 1729230685.7584598
File /Users/cc/Documents/CC_Self/CCHome/PAV/venv/lib/python3.12/site-packages/django/core/management/__init__.py first seen with mtime 1729230685.7584598
File /Users/cc/Documents/CC_Self/CCHome/PAV/venv/lib/python3.12/site-packages/django/template/smartif.py first seen with mtime 1729230685.7877498
File /Users/cc/Documents/CC_Self/CCHome/PAV/venv/lib/python3.12/site-packages/django/template/smartif.py first seen with mtime 1729230685.7877498
File /Users/cc/Documents/CC_Self/CCHome/PAV/venv/lib/python3.12/site-packages/django/core/checks/database.py first seen with mtime 1729230685.7541368
File /Users/cc/Documents/CC_Self/CCHome/PAV/venv/lib/python3.12/site-packages/django/core/checks/database.py first seen with mtime 1729230685.7541368
File /Users/cc/Documents/CC_Self/CCHome/PAV/venv/lib/python3.12/site-packages/django/views/generic/base.py first seen with mtime 1729230685.7972302
File /Users/cc/Documents/CC_Self/CCHome/PAV/venv/lib/python3.12/site-packages/django/views/generic/base.py first seen with mtime 1729230685.7972302
File /Users/cc/Documents/CC_Self/CCHome/PAV/venv/lib/python3.12/site-packages/django/db/backends/base/features.py first seen with mtime 1729230685.7637656
File /Users/cc/Documents/CC_Self/CCHome/PAV/venv/lib/python3.12/site-packages/django/db/backends/base/features.py first seen with mtime 1729230685.7637656
File /Library/Frameworks/Python.framework/Versions/3.12/lib/python3.12/ast.py first seen with mtime 1717710263.0
File /Library/Frameworks/Python.framework/Versions/3.12/lib/python3.12/ast.py first seen with mtime 1717710263.0
File /Users/cc/Documents/CC_Self/CCHome/PAV/venv/lib/python3.12/site-packages/django/core/exceptions.py first seen with mtime 1729230685.7521396
File /Users/cc/Documents/CC_Self/CCHome/PAV/venv/lib/python3.12/site-packages/django/core/exceptions.py first seen with mtime 1729230685.7521396
File /Library/Frameworks/Python.framework/Versions/3.12/lib/python3.12/opcode.py first seen with mtime 1717710263.0
File /Library/Frameworks/Python.framework/Versions/3.12/lib/python3.12/opcode.py first seen with mtime 1717710263.0
File /Library/Frameworks/Python.framework/Versions/3.12/lib/python3.12/json/__init__.py first seen with mtime 1717710265.0
File /Library/Frameworks/Python.framework/Versions/3.12/lib/python3.12/json/__init__.py first seen with mtime 1717710265.0
File /Users/cc/Documents/CC_Self/CCHome/PAV/venv/lib/python3.12/site-packages/django/contrib/admin/decorators.py first seen with mtime 1729230685.3697402
File /Users/cc/Documents/CC_Self/CCHome/PAV/venv/lib/python3.12/site-packages/django/contrib/admin/decorators.py first seen with mtime 1729230685.3697402
File /Users/cc/Documents/CC_Self/CCHome/PAV/venv/lib/python3.12/site-packages/django/db/models/fields/related.py first seen with mtime 1729230685.773091
File /Users/cc/Documents/CC_Self/CCHome/PAV/venv/lib/python3.12/site-packages/django/db/models/fields/related.py first seen with mtime 1729230685.773091
File /Users/cc/Documents/CC_Self/CCHome/PAV/venv/lib/python3.12/site-packages/django/db/models/deletion.py first seen with mtime 1729230685.7712908
File /Users/cc/Documents/CC_Self/CCHome/PAV/venv/lib/python3.12/site-packages/django/db/models/deletion.py first seen with mtime 1729230685.7712908
File /Users/cc/Documents/CC_Self/CCHome/PAV/venv/lib/python3.12/site-packages/django/http/response.py first seen with mtime 1729230685.785281
File /Users/cc/Documents/CC_Self/CCHome/PAV/venv/lib/python3.12/site-packages/django/http/response.py first seen with mtime 1729230685.785281
File /Users/cc/Documents/CC_Self/CCHome/PAV/venv/lib/python3.12/site-packages/django/core/signing.py first seen with mtime 1729230685.7524543
File /Users/cc/Documents/CC_Self/CCHome/PAV/venv/lib/python3.12/site-packages/django/core/signing.py first seen with mtime 1729230685.7524543
File /Library/Frameworks/Python.framework/Versions/3.12/lib/python3.12/email/mime/multipart.py first seen with mtime 1717710264.0
File /Library/Frameworks/Python.framework/Versions/3.12/lib/python3.12/email/mime/multipart.py first seen with mtime 1717710264.0
File /Library/Frameworks/Python.framework/Versions/3.12/lib/python3.12/importlib/__init__.py first seen with mtime 1717710265.0
File /Library/Frameworks/Python.framework/Versions/3.12/lib/python3.12/importlib/__init__.py first seen with mtime 1717710265.0
File /Users/cc/Documents/CC_Self/CCHome/PAV/venv/lib/python3.12/site-packages/django/db/backends/base/creation.py first seen with mtime 1729230685.7636073
File /Users/cc/Documents/CC_Self/CCHome/PAV/venv/lib/python3.12/site-packages/django/db/backends/base/creation.py first seen with mtime 1729230685.7636073
File /Users/cc/Documents/CC_Self/CCHome/PAV/venv/lib/python3.12/site-packages/django/forms/models.py first seen with mtime 1729230685.776337
File /Users/cc/Documents/CC_Self/CCHome/PAV/venv/lib/python3.12/site-packages/django/forms/models.py first seen with mtime 1729230685.776337
File /Library/Frameworks/Python.framework/Versions/3.12/lib/python3.12/lib-dynload/fcntl.cpython-312-darwin.so first seen with mtime 1717710662.0
File /Library/Frameworks/Python.framework/Versions/3.12/lib/python3.12/lib-dynload/fcntl.cpython-312-darwin.so first seen with mtime 1717710662.0
File /Users/cc/Documents/CC_Self/CCHome/PAV/venv/lib/python3.12/site-packages/django/db/__init__.py first seen with mtime 1729230685.7625554
File /Users/cc/Documents/CC_Self/CCHome/PAV/venv/lib/python3.12/site-packages/django/db/__init__.py first seen with mtime 1729230685.7625554
File /Library/Frameworks/Python.framework/Versions/3.12/lib/python3.12/wsgiref/simple_server.py first seen with mtime 1717710265.0
File /Library/Frameworks/Python.framework/Versions/3.12/lib/python3.12/wsgiref/simple_server.py first seen with mtime 1717710265.0
File /Library/Frameworks/Python.framework/Versions/3.12/lib/python3.12/shutil.py first seen with mtime 1717710263.0
File /Library/Frameworks/Python.framework/Versions/3.12/lib/python3.12/shutil.py first seen with mtime 1717710263.0
File /Users/cc/Documents/CC_Self/CCHome/PAV/venv/lib/python3.12/site-packages/django/db/migrations/operations/base.py first seen with mtime 1729230685.770353
File /Users/cc/Documents/CC_Self/CCHome/PAV/venv/lib/python3.12/site-packages/django/db/migrations/operations/base.py first seen with mtime 1729230685.770353
File /Library/Frameworks/Python.framework/Versions/3.12/lib/python3.12/asyncio/streams.py first seen with mtime 1717710263.0
File /Library/Frameworks/Python.framework/Versions/3.12/lib/python3.12/asyncio/streams.py first seen with mtime 1717710263.0
File /Users/cc/Documents/CC_Self/CCHome/PAV/venv/lib/python3.12/site-packages/cryptography/hazmat/decrepit/__init__.py first seen with mtime 1729230686.4612594
File /Users/cc/Documents/CC_Self/CCHome/PAV/venv/lib/python3.12/site-packages/cryptography/hazmat/decrepit/__init__.py first seen with mtime 1729230686.4612594
File /Users/cc/Documents/CC_Self/CCHome/PAV/venv/lib/python3.12/site-packages/django/db/backends/mysql/__init__.py first seen with mtime 1729230685.76469
File /Users/cc/Documents/CC_Self/CCHome/PAV/venv/lib/python3.12/site-packages/django/db/backends/mysql/__init__.py first seen with mtime 1729230685.76469
File /Library/Frameworks/Python.framework/Versions/3.12/lib/python3.12/asyncio/selector_events.py first seen with mtime 1717710263.0
File /Library/Frameworks/Python.framework/Versions/3.12/lib/python3.12/asyncio/selector_events.py first seen with mtime 1717710263.0
File /Users/cc/Documents/CC_Self/CCHome/PAV/venv/lib/python3.12/site-packages/django/core/management/color.py first seen with mtime 1729230685.758683
File /Users/cc/Documents/CC_Self/CCHome/PAV/venv/lib/python3.12/site-packages/django/core/management/color.py first seen with mtime 1729230685.758683
File /Users/cc/Documents/CC_Self/CCHome/PAV/venv/lib/python3.12/site-packages/django/shortcuts.py first seen with mtime 1729230685.3240073
File /Users/cc/Documents/CC_Self/CCHome/PAV/venv/lib/python3.12/site-packages/django/shortcuts.py first seen with mtime 1729230685.3240073
File /Library/Frameworks/Python.framework/Versions/3.12/lib/python3.12/concurrent/futures/_base.py first seen with mtime 1717710264.0
File /Library/Frameworks/Python.framework/Versions/3.12/lib/python3.12/concurrent/futures/_base.py first seen with mtime 1717710264.0
File /Library/Frameworks/Python.framework/Versions/3.12/lib/python3.12/encodings/aliases.py first seen with mtime 1717710264.0
File /Library/Frameworks/Python.framework/Versions/3.12/lib/python3.12/encodings/aliases.py first seen with mtime 1717710264.0
File /Users/cc/Documents/CC_Self/CCHome/PAV/venv/lib/python3.12/site-packages/django/apps/config.py first seen with mtime 1729230685.3242247
File /Users/cc/Documents/CC_Self/CCHome/PAV/venv/lib/python3.12/site-packages/django/apps/config.py first seen with mtime 1729230685.3242247
File /Library/Frameworks/Python.framework/Versions/3.12/lib/python3.12/email/base64mime.py first seen with mtime 1717710264.0
File /Library/Frameworks/Python.framework/Versions/3.12/lib/python3.12/email/base64mime.py first seen with mtime 1717710264.0
File /Users/cc/Documents/CC_Self/CCHome/PAV/venv/lib/python3.12/site-packages/django/contrib/messages/storage/__init__.py first seen with mtime 1729230685.6514125
File /Users/cc/Documents/CC_Self/CCHome/PAV/venv/lib/python3.12/site-packages/django/contrib/messages/storage/__init__.py first seen with mtime 1729230685.6514125
File /Users/cc/Documents/CC_Self/CCHome/PAV/venv/lib/python3.12/site-packages/django/contrib/sessions/apps.py first seen with mtime 1729230685.6990066
File /Users/cc/Documents/CC_Self/CCHome/PAV/venv/lib/python3.12/site-packages/django/contrib/sessions/apps.py first seen with mtime 1729230685.6990066
File /Users/cc/Documents/CC_Self/CCHome/PAV/venv/lib/python3.12/site-packages/django/contrib/admin/templatetags/admin_list.py first seen with mtime 1729230685.4393642
File /Users/cc/Documents/CC_Self/CCHome/PAV/venv/lib/python3.12/site-packages/django/contrib/admin/templatetags/admin_list.py first seen with mtime 1729230685.4393642
File /Users/cc/Documents/CC_Self/CCHome/PAV/venv/lib/python3.12/site-packages/django/contrib/admin/utils.py first seen with mtime 1729230685.3707988
File /Users/cc/Documents/CC_Self/CCHome/PAV/venv/lib/python3.12/site-packages/django/contrib/admin/utils.py first seen with mtime 1729230685.3707988
File /Users/cc/Documents/CC_Self/CCHome/PAV/venv/lib/python3.12/site-packages/django/contrib/admin/__init__.py first seen with mtime 1729230685.3693633
File /Users/cc/Documents/CC_Self/CCHome/PAV/venv/lib/python3.12/site-packages/django/contrib/admin/__init__.py first seen with mtime 1729230685.3693633
File /Library/Frameworks/Python.framework/Versions/3.12/lib/python3.12/asyncio/mixins.py first seen with mtime 1717710263.0
File /Library/Frameworks/Python.framework/Versions/3.12/lib/python3.12/asyncio/mixins.py first seen with mtime 1717710263.0
File /Library/Frameworks/Python.framework/Versions/3.12/lib/python3.12/asyncio/queues.py first seen with mtime 1717710263.0
File /Library/Frameworks/Python.framework/Versions/3.12/lib/python3.12/asyncio/queues.py first seen with mtime 1717710263.0
File /Users/cc/Documents/CC_Self/CCHome/PAV/venv/lib/python3.12/site-packages/django/db/models/base.py first seen with mtime 1729230685.771033
File /Users/cc/Documents/CC_Self/CCHome/PAV/venv/lib/python3.12/site-packages/django/db/models/base.py first seen with mtime 1729230685.771033
File /Users/cc/Documents/CC_Self/CCHome/PAV/venv/lib/python3.12/site-packages/django/middleware/http.py first seen with mtime 1729230685.7860124
File /Users/cc/Documents/CC_Self/CCHome/PAV/venv/lib/python3.12/site-packages/django/middleware/http.py first seen with mtime 1729230685.7860124
File /Users/cc/Documents/CC_Self/CCHome/PAV/venv/lib/python3.12/site-packages/django/utils/lorem_ipsum.py first seen with mtime 1729230685.7937927
File /Users/cc/Documents/CC_Self/CCHome/PAV/venv/lib/python3.12/site-packages/django/utils/lorem_ipsum.py first seen with mtime 1729230685.7937927
File /Users/cc/Documents/CC_Self/CCHome/PAV/venv/lib/python3.12/site-packages/django/core/signals.py first seen with mtime 1729230685.7523363
File /Users/cc/Documents/CC_Self/CCHome/PAV/venv/lib/python3.12/site-packages/django/core/signals.py first seen with mtime 1729230685.7523363
File /Users/cc/Documents/CC_Self/CCHome/PAV/venv/lib/python3.12/site-packages/pymysql/times.py first seen with mtime 1729230683.373307
File /Users/cc/Documents/CC_Self/CCHome/PAV/venv/lib/python3.12/site-packages/pymysql/times.py first seen with mtime 1729230683.373307
File /Users/cc/Documents/CC_Self/CCHome/PAV/venv/lib/python3.12/site-packages/PIL/_version.py first seen with mtime 1729230684.2875144
File /Users/cc/Documents/CC_Self/CCHome/PAV/venv/lib/python3.12/site-packages/PIL/_version.py first seen with mtime 1729230684.2875144
File /Users/cc/Documents/CC_Self/CCHome/PAV/venv/lib/python3.12/site-packages/django/db/models/constraints.py first seen with mtime 1729230685.771203
File /Users/cc/Documents/CC_Self/CCHome/PAV/venv/lib/python3.12/site-packages/django/db/models/constraints.py first seen with mtime 1729230685.771203
File /Users/cc/Documents/CC_Self/CCHome/PAV/venv/lib/python3.12/site-packages/django/db/models/fields/generated.py first seen with mtime 1729230685.7727215
File /Users/cc/Documents/CC_Self/CCHome/PAV/venv/lib/python3.12/site-packages/django/db/models/fields/generated.py first seen with mtime 1729230685.7727215
File /Users/cc/Documents/CC_Self/CCHome/PAV/venv/lib/python3.12/site-packages/django/utils/translation/__init__.py first seen with mtime 1729230685.7950904
File /Users/cc/Documents/CC_Self/CCHome/PAV/venv/lib/python3.12/site-packages/django/utils/translation/__init__.py first seen with mtime 1729230685.7950904
File /Users/cc/Documents/CC_Self/CCHome/PAV/venv/lib/python3.12/site-packages/django/db/models/sql/subqueries.py first seen with mtime 1729230685.7750978
File /Users/cc/Documents/CC_Self/CCHome/PAV/venv/lib/python3.12/site-packages/django/db/models/sql/subqueries.py first seen with mtime 1729230685.7750978
File /Users/cc/Documents/CC_Self/CCHome/PAV/venv/lib/python3.12/site-packages/django/template/backends/django.py first seen with mtime 1729230685.7881048
File /Users/cc/Documents/CC_Self/CCHome/PAV/venv/lib/python3.12/site-packages/django/template/backends/django.py first seen with mtime 1729230685.7881048
File /Users/cc/Documents/CC_Self/CCHome/PAV/venv/lib/python3.12/site-packages/cryptography/hazmat/primitives/hashes.py first seen with mtime 1729230686.466144
File /Users/cc/Documents/CC_Self/CCHome/PAV/venv/lib/python3.12/site-packages/cryptography/hazmat/primitives/hashes.py first seen with mtime 1729230686.466144
File /Users/cc/Documents/CC_Self/CCHome/PAV/venv/lib/python3.12/site-packages/PIL/_imaging.cpython-312-darwin.so first seen with mtime 1729230684.291978
File /Users/cc/Documents/CC_Self/CCHome/PAV/venv/lib/python3.12/site-packages/PIL/_imaging.cpython-312-darwin.so first seen with mtime 1729230684.291978
File /Library/Frameworks/Python.framework/Versions/3.12/lib/python3.12/subprocess.py first seen with mtime 1717710263.0
File /Library/Frameworks/Python.framework/Versions/3.12/lib/python3.12/subprocess.py first seen with mtime 1717710263.0
File /Users/cc/Documents/CC_Self/CCHome/PAV/venv/lib/python3.12/site-packages/sqlparse/engine/__init__.py first seen with mtime 1729230683.2973456
File /Users/cc/Documents/CC_Self/CCHome/PAV/venv/lib/python3.12/site-packages/sqlparse/engine/__init__.py first seen with mtime 1729230683.2973456
File /Users/cc/Documents/CC_Self/CCHome/PAV/venv/lib/python3.12/site-packages/django/db/backends/base/introspection.py first seen with mtime 1729230685.7638865
File /Users/cc/Documents/CC_Self/CCHome/PAV/venv/lib/python3.12/site-packages/django/db/backends/base/introspection.py first seen with mtime 1729230685.7638865
File /Users/cc/Documents/CC_Self/CCHome/PAV/venv/lib/python3.12/site-packages/django/contrib/contenttypes/models.py first seen with mtime 1729230685.5344822
File /Users/cc/Documents/CC_Self/CCHome/PAV/venv/lib/python3.12/site-packages/django/contrib/contenttypes/models.py first seen with mtime 1729230685.5344822
File /Library/Frameworks/Python.framework/Versions/3.12/lib/python3.12/html/parser.py first seen with mtime 1717710264.0
File /Library/Frameworks/Python.framework/Versions/3.12/lib/python3.12/html/parser.py first seen with mtime 1717710264.0
File /Library/Frameworks/Python.framework/Versions/3.12/lib/python3.12/asyncio/events.py first seen with mtime 1717710263.0
File /Library/Frameworks/Python.framework/Versions/3.12/lib/python3.12/asyncio/events.py first seen with mtime 1717710263.0
File /Users/cc/Documents/CC_Self/CCHome/PAV/venv/lib/python3.12/site-packages/django/utils/timesince.py first seen with mtime 1729230685.7945695
File /Users/cc/Documents/CC_Self/CCHome/PAV/venv/lib/python3.12/site-packages/django/utils/timesince.py first seen with mtime 1729230685.7945695
File /Library/Frameworks/Python.framework/Versions/3.12/lib/python3.12/urllib/error.py first seen with mtime 1717710265.0
File /Library/Frameworks/Python.framework/Versions/3.12/lib/python3.12/urllib/error.py first seen with mtime 1717710265.0
File /Users/cc/Documents/CC_Self/CCHome/PAV/venv/lib/python3.12/site-packages/cryptography/__about__.py first seen with mtime 1729230686.4709609
File /Users/cc/Documents/CC_Self/CCHome/PAV/venv/lib/python3.12/site-packages/cryptography/__about__.py first seen with mtime 1729230686.4709609
File /Library/Frameworks/Python.framework/Versions/3.12/lib/python3.12/ipaddress.py first seen with mtime 1717710263.0
File /Library/Frameworks/Python.framework/Versions/3.12/lib/python3.12/ipaddress.py first seen with mtime 1717710263.0
File /Library/Frameworks/Python.framework/Versions/3.12/lib/python3.12/lib-dynload/_lzma.cpython-312-darwin.so first seen with mtime 1717710656.0
File /Library/Frameworks/Python.framework/Versions/3.12/lib/python3.12/lib-dynload/_lzma.cpython-312-darwin.so first seen with mtime 1717710656.0
File /Users/cc/Documents/CC_Self/CCHome/PAV/venv/lib/python3.12/site-packages/django/db/models/fields/json.py first seen with mtime 1729230685.7728121
File /Users/cc/Documents/CC_Self/CCHome/PAV/venv/lib/python3.12/site-packages/django/db/models/fields/json.py first seen with mtime 1729230685.7728121
File /Users/cc/Documents/CC_Self/CCHome/PAV/venv/lib/python3.12/site-packages/django/template/loaders/base.py first seen with mtime 1729230685.7885456
File /Users/cc/Documents/CC_Self/CCHome/PAV/venv/lib/python3.12/site-packages/django/template/loaders/base.py first seen with mtime 1729230685.7885456
File /Users/cc/Documents/CC_Self/CCHome/PAV/venv/lib/python3.12/site-packages/django/utils/itercompat.py first seen with mtime 1729230685.7934828
File /Users/cc/Documents/CC_Self/CCHome/PAV/venv/lib/python3.12/site-packages/django/utils/itercompat.py first seen with mtime 1729230685.7934828
File /Users/cc/Documents/CC_Self/CCHome/PAV/venv/lib/python3.12/site-packages/django/contrib/auth/validators.py first seen with mtime 1729230685.4709287
File /Users/cc/Documents/CC_Self/CCHome/PAV/venv/lib/python3.12/site-packages/django/contrib/auth/validators.py first seen with mtime 1729230685.4709287
File /Users/cc/Documents/CC_Self/CCHome/PAV/venv/lib/python3.12/site-packages/django/contrib/admin/filters.py first seen with mtime 1729230685.3699436
File /Users/cc/Documents/CC_Self/CCHome/PAV/venv/lib/python3.12/site-packages/django/contrib/admin/filters.py first seen with mtime 1729230685.3699436
File /Users/cc/Documents/CC_Self/CCHome/PAV/venv/lib/python3.12/site-packages/django/contrib/sites/requests.py first seen with mtime 1729230685.7266035
File /Users/cc/Documents/CC_Self/CCHome/PAV/venv/lib/python3.12/site-packages/django/contrib/sites/requests.py first seen with mtime 1729230685.7266035
File /Library/Frameworks/Python.framework/Versions/3.12/lib/python3.12/json/encoder.py first seen with mtime 1717710265.0
File /Library/Frameworks/Python.framework/Versions/3.12/lib/python3.12/json/encoder.py first seen with mtime 1717710265.0
File /Users/cc/Documents/CC_Self/CCHome/PAV/venv/lib/python3.12/site-packages/sqlparse/filters/reindent.py first seen with mtime 1729230683.2981663
File /Users/cc/Documents/CC_Self/CCHome/PAV/venv/lib/python3.12/site-packages/sqlparse/filters/reindent.py first seen with mtime 1729230683.2981663
File /Users/cc/Documents/CC_Self/CCHome/PAV/venv/lib/python3.12/site-packages/django/contrib/messages/storage/base.py first seen with mtime 1729230685.6515112
File /Users/cc/Documents/CC_Self/CCHome/PAV/venv/lib/python3.12/site-packages/django/contrib/messages/storage/base.py first seen with mtime 1729230685.6515112
File /Users/cc/Documents/CC_Self/CCHome/PAV/venv/lib/python3.12/site-packages/cryptography/hazmat/decrepit/ciphers/algorithms.py first seen with mtime 1729230686.4613733
File /Users/cc/Documents/CC_Self/CCHome/PAV/venv/lib/python3.12/site-packages/cryptography/hazmat/decrepit/ciphers/algorithms.py first seen with mtime 1729230686.4613733
File /Users/cc/Documents/CC_Self/CCHome/PAV/PAV/__init__.py first seen with mtime 1722845684.3984337
File /Users/cc/Documents/CC_Self/CCHome/PAV/PAV/__init__.py first seen with mtime 1722845684.3984337
File /Users/cc/Documents/CC_Self/CCHome/PAV/venv/lib/python3.12/site-packages/django/contrib/staticfiles/management/__init__.py first seen with mtime 1729230685.7512138
File /Users/cc/Documents/CC_Self/CCHome/PAV/venv/lib/python3.12/site-packages/django/contrib/staticfiles/management/__init__.py first seen with mtime 1729230685.7512138
File /Library/Frameworks/Python.framework/Versions/3.12/lib/python3.12/lib-dynload/_random.cpython-312-darwin.so first seen with mtime 1717710657.0
File /Library/Frameworks/Python.framework/Versions/3.12/lib/python3.12/lib-dynload/_random.cpython-312-darwin.so first seen with mtime 1717710657.0
File /Library/Frameworks/Python.framework/Versions/3.12/lib/python3.12/configparser.py first seen with mtime 1717710263.0
File /Library/Frameworks/Python.framework/Versions/3.12/lib/python3.12/configparser.py first seen with mtime 1717710263.0
File /Users/cc/Documents/CC_Self/CCHome/PAV/venv/lib/python3.12/site-packages/django/utils/__init__.py first seen with mtime 1729230685.7908976
File /Users/cc/Documents/CC_Self/CCHome/PAV/venv/lib/python3.12/site-packages/django/utils/__init__.py first seen with mtime 1729230685.7908976
File /Library/Frameworks/Python.framework/Versions/3.12/lib/python3.12/email/_policybase.py first seen with mtime 1717710264.0
File /Library/Frameworks/Python.framework/Versions/3.12/lib/python3.12/email/_policybase.py first seen with mtime 1717710264.0
File /Users/cc/Documents/CC_Self/CCHome/PAV/venv/lib/python3.12/site-packages/django/db/backends/mysql/schema.py first seen with mtime 1729230685.7656317
File /Users/cc/Documents/CC_Self/CCHome/PAV/venv/lib/python3.12/site-packages/django/db/backends/mysql/schema.py first seen with mtime 1729230685.7656317
File /Users/cc/Documents/CC_Self/CCHome/PAV/venv/lib/python3.12/site-packages/cryptography/hazmat/primitives/asymmetric/rsa.py first seen with mtime 1729230686.4650624
File /Users/cc/Documents/CC_Self/CCHome/PAV/venv/lib/python3.12/site-packages/cryptography/hazmat/primitives/asymmetric/rsa.py first seen with mtime 1729230686.4650624
File /Library/Frameworks/Python.framework/Versions/3.12/lib/python3.12/email/_header_value_parser.py first seen with mtime 1717710264.0
File /Library/Frameworks/Python.framework/Versions/3.12/lib/python3.12/email/_header_value_parser.py first seen with mtime 1717710264.0
File /Users/cc/Documents/CC_Self/CCHome/PAV/f_proc/urls.py first seen with mtime 1730473131.0399332
File /Users/cc/Documents/CC_Self/CCHome/PAV/f_proc/urls.py first seen with mtime 1730473131.0399332
File /Users/cc/Documents/CC_Self/CCHome/PAV/venv/lib/python3.12/site-packages/sqlparse/filters/others.py first seen with mtime 1729230683.2979758
File /Users/cc/Documents/CC_Self/CCHome/PAV/venv/lib/python3.12/site-packages/sqlparse/filters/others.py first seen with mtime 1729230683.2979758
File /Library/Frameworks/Python.framework/Versions/3.12/lib/python3.12/asyncio/trsock.py first seen with mtime 1717710263.0
File /Library/Frameworks/Python.framework/Versions/3.12/lib/python3.12/asyncio/trsock.py first seen with mtime 1717710263.0
File /Users/cc/Documents/CC_Self/CCHome/PAV/venv/lib/python3.12/site-packages/django/core/validators.py first seen with mtime 1729230685.75256
File /Users/cc/Documents/CC_Self/CCHome/PAV/venv/lib/python3.12/site-packages/django/core/validators.py first seen with mtime 1729230685.75256
File /Library/Frameworks/Python.framework/Versions/3.12/lib/python3.12/mimetypes.py first seen with mtime 1717710263.0
File /Library/Frameworks/Python.framework/Versions/3.12/lib/python3.12/mimetypes.py first seen with mtime 1717710263.0
File /Users/cc/Documents/CC_Self/CCHome/PAV/venv/lib/python3.12/site-packages/pymysql/converters.py first seen with mtime 1729230683.3728123
File /Users/cc/Documents/CC_Self/CCHome/PAV/venv/lib/python3.12/site-packages/pymysql/converters.py first seen with mtime 1729230683.3728123
File /Library/Frameworks/Python.framework/Versions/3.12/lib/python3.12/numbers.py first seen with mtime 1717710263.0
File /Library/Frameworks/Python.framework/Versions/3.12/lib/python3.12/numbers.py first seen with mtime 1717710263.0
File /Users/cc/Documents/CC_Self/CCHome/PAV/venv/lib/python3.12/site-packages/django/db/backends/base/schema.py first seen with mtime 1729230685.7641766
File /Users/cc/Documents/CC_Self/CCHome/PAV/venv/lib/python3.12/site-packages/django/db/backends/base/schema.py first seen with mtime 1729230685.7641766
File /Users/cc/Documents/CC_Self/CCHome/PAV/venv/lib/python3.12/site-packages/cryptography/hazmat/bindings/_rust.abi3.so first seen with mtime 1729230686.495461
File /Users/cc/Documents/CC_Self/CCHome/PAV/venv/lib/python3.12/site-packages/cryptography/hazmat/bindings/_rust.abi3.so first seen with mtime 1729230686.495461
File /Users/cc/Documents/CC_Self/CCHome/PAV/venv/lib/python3.12/site-packages/django/db/models/fields/reverse_related.py first seen with mtime 1729230685.773473
File /Users/cc/Documents/CC_Self/CCHome/PAV/venv/lib/python3.12/site-packages/django/db/models/fields/reverse_related.py first seen with mtime 1729230685.773473
File /Users/cc/Documents/CC_Self/CCHome/PAV/venv/lib/python3.12/site-packages/django/views/generic/__init__.py first seen with mtime 1729230685.797122
File /Users/cc/Documents/CC_Self/CCHome/PAV/venv/lib/python3.12/site-packages/django/views/generic/__init__.py first seen with mtime 1729230685.797122
File /Users/cc/Documents/CC_Self/CCHome/PAV/venv/lib/python3.12/site-packages/django/db/migrations/migration.py first seen with mtime 1729230685.769423
File /Users/cc/Documents/CC_Self/CCHome/PAV/venv/lib/python3.12/site-packages/django/db/migrations/migration.py first seen with mtime 1729230685.769423
File /Library/Frameworks/Python.framework/Versions/3.12/lib/python3.12/__future__.py first seen with mtime 1717710263.0
File /Library/Frameworks/Python.framework/Versions/3.12/lib/python3.12/__future__.py first seen with mtime 1717710263.0
File /Users/cc/Documents/CC_Self/CCHome/PAV/venv/lib/python3.12/site-packages/django/db/migrations/operations/models.py first seen with mtime 1729230685.7705786
File /Users/cc/Documents/CC_Self/CCHome/PAV/venv/lib/python3.12/site-packages/django/db/migrations/operations/models.py first seen with mtime 1729230685.7705786
File /Users/cc/Documents/CC_Self/CCHome/PAV/venv/lib/python3.12/site-packages/django/middleware/__init__.py first seen with mtime 1729230685.7853787
File /Users/cc/Documents/CC_Self/CCHome/PAV/venv/lib/python3.12/site-packages/django/middleware/__init__.py first seen with mtime 1729230685.7853787
File /Library/Frameworks/Python.framework/Versions/3.12/lib/python3.12/warnings.py first seen with mtime 1717710263.0
File /Library/Frameworks/Python.framework/Versions/3.12/lib/python3.12/warnings.py first seen with mtime 1717710263.0
File /Library/Frameworks/Python.framework/Versions/3.12/lib/python3.12/lib-dynload/_heapq.cpython-312-darwin.so first seen with mtime 1717710655.0
File /Library/Frameworks/Python.framework/Versions/3.12/lib/python3.12/lib-dynload/_heapq.cpython-312-darwin.so first seen with mtime 1717710655.0
File /Users/cc/Documents/CC_Self/CCHome/PAV/venv/lib/python3.12/site-packages/django/contrib/contenttypes/forms.py first seen with mtime 1729230685.5343475
File /Users/cc/Documents/CC_Self/CCHome/PAV/venv/lib/python3.12/site-packages/django/contrib/contenttypes/forms.py first seen with mtime 1729230685.5343475
File /Library/Frameworks/Python.framework/Versions/3.12/lib/python3.12/threading.py first seen with mtime 1717710263.0
File /Library/Frameworks/Python.framework/Versions/3.12/lib/python3.12/threading.py first seen with mtime 1717710263.0
File /Users/cc/Documents/CC_Self/CCHome/PAV/venv/lib/python3.12/site-packages/cryptography/hazmat/primitives/asymmetric/ec.py first seen with mtime 1729230686.4649522
File /Users/cc/Documents/CC_Self/CCHome/PAV/venv/lib/python3.12/site-packages/cryptography/hazmat/primitives/asymmetric/ec.py first seen with mtime 1729230686.4649522
File /Users/cc/Documents/CC_Self/CCHome/PAV/venv/lib/python3.12/site-packages/django/db/backends/mysql/introspection.py first seen with mtime 1729230685.7654088
File /Users/cc/Documents/CC_Self/CCHome/PAV/venv/lib/python3.12/site-packages/django/db/backends/mysql/introspection.py first seen with mtime 1729230685.7654088
File /Users/cc/Documents/CC_Self/CCHome/PAV/venv/lib/python3.12/site-packages/django/core/management/commands/__init__.py first seen with mtime 1729230685.759109
File /Users/cc/Documents/CC_Self/CCHome/PAV/venv/lib/python3.12/site-packages/django/core/management/commands/__init__.py first seen with mtime 1729230685.759109
File /Users/cc/Documents/CC_Self/CCHome/PAV/venv/lib/python3.12/site-packages/django/db/models/functions/math.py first seen with mtime 1729230685.7739394
File /Users/cc/Documents/CC_Self/CCHome/PAV/venv/lib/python3.12/site-packages/django/db/models/functions/math.py first seen with mtime 1729230685.7739394
File /Users/cc/Documents/CC_Self/CCHome/PAV/venv/lib/python3.12/site-packages/django/core/serializers/base.py first seen with mtime 1729230685.7618706
File /Users/cc/Documents/CC_Self/CCHome/PAV/venv/lib/python3.12/site-packages/django/core/serializers/base.py first seen with mtime 1729230685.7618706
File /Users/cc/Documents/CC_Self/CCHome/PAV/venv/lib/python3.12/site-packages/sqlparse/formatter.py first seen with mtime 1729230683.2968283
File /Users/cc/Documents/CC_Self/CCHome/PAV/venv/lib/python3.12/site-packages/sqlparse/formatter.py first seen with mtime 1729230683.2968283
File /Users/cc/Documents/CC_Self/CCHome/PAV/venv/lib/python3.12/site-packages/django/core/checks/__init__.py first seen with mtime 1729230685.753875
File /Users/cc/Documents/CC_Self/CCHome/PAV/venv/lib/python3.12/site-packages/django/core/checks/__init__.py first seen with mtime 1729230685.753875
File /Users/cc/Documents/CC_Self/CCHome/PAV/venv/lib/python3.12/site-packages/django/contrib/messages/__init__.py first seen with mtime 1729230685.6507027
File /Users/cc/Documents/CC_Self/CCHome/PAV/venv/lib/python3.12/site-packages/django/contrib/messages/__init__.py first seen with mtime 1729230685.6507027
File /Library/Frameworks/Python.framework/Versions/3.12/lib/python3.12/lib-dynload/_contextvars.cpython-312-darwin.so first seen with mtime 1717710653.0
File /Library/Frameworks/Python.framework/Versions/3.12/lib/python3.12/lib-dynload/_contextvars.cpython-312-darwin.so first seen with mtime 1717710653.0
File /Library/Frameworks/Python.framework/Versions/3.12/lib/python3.12/email/utils.py first seen with mtime 1717710264.0
File /Library/Frameworks/Python.framework/Versions/3.12/lib/python3.12/email/utils.py first seen with mtime 1717710264.0
File /Library/Frameworks/Python.framework/Versions/3.12/lib/python3.12/wsgiref/util.py first seen with mtime 1717710265.0
File /Library/Frameworks/Python.framework/Versions/3.12/lib/python3.12/wsgiref/util.py first seen with mtime 1717710265.0
File /Users/cc/Documents/CC_Self/CCHome/PAV/venv/lib/python3.12/site-packages/django/views/static.py first seen with mtime 1729230685.7961116
File /Users/cc/Documents/CC_Self/CCHome/PAV/venv/lib/python3.12/site-packages/django/views/static.py first seen with mtime 1729230685.7961116
File /Library/Frameworks/Python.framework/Versions/3.12/lib/python3.12/encodings/__init__.py first seen with mtime 1717710264.0
File /Library/Frameworks/Python.framework/Versions/3.12/lib/python3.12/encodings/__init__.py first seen with mtime 1717710264.0
File /Users/cc/Documents/CC_Self/CCHome/PAV/venv/lib/python3.12/site-packages/django/contrib/admin/templatetags/admin_modify.py first seen with mtime 1729230685.4394639
File /Users/cc/Documents/CC_Self/CCHome/PAV/venv/lib/python3.12/site-packages/django/contrib/admin/templatetags/admin_modify.py first seen with mtime 1729230685.4394639
File /Users/cc/Documents/CC_Self/CCHome/PAV/show/__init__.py first seen with mtime 1725105618.243058
File /Users/cc/Documents/CC_Self/CCHome/PAV/show/__init__.py first seen with mtime 1725105618.243058
File /Users/cc/Documents/CC_Self/CCHome/PAV/venv/lib/python3.12/site-packages/django/db/models/fields/related_descriptors.py first seen with mtime 1729230685.7732368
File /Users/cc/Documents/CC_Self/CCHome/PAV/venv/lib/python3.12/site-packages/django/db/models/fields/related_descriptors.py first seen with mtime 1729230685.7732368
File /Library/Frameworks/Python.framework/Versions/3.12/lib/python3.12/asyncio/exceptions.py first seen with mtime 1717710263.0
File /Library/Frameworks/Python.framework/Versions/3.12/lib/python3.12/asyncio/exceptions.py first seen with mtime 1717710263.0
File /Library/Frameworks/Python.framework/Versions/3.12/lib/python3.12/platform.py first seen with mtime 1717710263.0
File /Library/Frameworks/Python.framework/Versions/3.12/lib/python3.12/platform.py first seen with mtime 1717710263.0
File /Users/cc/Documents/CC_Self/CCHome/PAV/venv/lib/python3.12/site-packages/django/contrib/auth/base_user.py first seen with mtime 1729230685.4693496
File /Users/cc/Documents/CC_Self/CCHome/PAV/venv/lib/python3.12/site-packages/django/contrib/auth/base_user.py first seen with mtime 1729230685.4693496
File /Users/cc/Documents/CC_Self/CCHome/PAV/venv/lib/python3.12/site-packages/django/core/checks/async_checks.py first seen with mtime 1729230685.7539635
File /Users/cc/Documents/CC_Self/CCHome/PAV/venv/lib/python3.12/site-packages/django/core/checks/async_checks.py first seen with mtime 1729230685.7539635
File /Library/Frameworks/Python.framework/Versions/3.12/lib/python3.12/_sysconfigdata__darwin_darwin.py first seen with mtime 1717710299.0
File /Library/Frameworks/Python.framework/Versions/3.12/lib/python3.12/_sysconfigdata__darwin_darwin.py first seen with mtime 1717710299.0
File /Library/Frameworks/Python.framework/Versions/3.12/lib/python3.12/html/__init__.py first seen with mtime 1717710264.0
File /Library/Frameworks/Python.framework/Versions/3.12/lib/python3.12/html/__init__.py first seen with mtime 1717710264.0
File /Users/cc/Documents/CC_Self/CCHome/PAV/venv/lib/python3.12/site-packages/django/forms/__init__.py first seen with mtime 1729230685.7756925
File /Users/cc/Documents/CC_Self/CCHome/PAV/venv/lib/python3.12/site-packages/django/forms/__init__.py first seen with mtime 1729230685.7756925
File /Library/Frameworks/Python.framework/Versions/3.12/lib/python3.12/urllib/request.py first seen with mtime 1717710265.0
File /Library/Frameworks/Python.framework/Versions/3.12/lib/python3.12/urllib/request.py first seen with mtime 1717710265.0
File /Library/Frameworks/Python.framework/Versions/3.12/lib/python3.12/lib-dynload/_struct.cpython-312-darwin.so first seen with mtime 1717710659.0
File /Library/Frameworks/Python.framework/Versions/3.12/lib/python3.12/lib-dynload/_struct.cpython-312-darwin.so first seen with mtime 1717710659.0
File /Library/Frameworks/Python.framework/Versions/3.12/lib/python3.12/lib-dynload/_asyncio.cpython-312-darwin.so first seen with mtime 1717710651.0
File /Library/Frameworks/Python.framework/Versions/3.12/lib/python3.12/lib-dynload/_asyncio.cpython-312-darwin.so first seen with mtime 1717710651.0
File /Users/cc/Documents/CC_Self/CCHome/PAV/venv/lib/python3.12/site-packages/django/utils/autoreload.py first seen with mtime 1729230685.7912652
File /Users/cc/Documents/CC_Self/CCHome/PAV/venv/lib/python3.12/site-packages/django/utils/autoreload.py first seen with mtime 1729230685.7912652
File /Users/cc/Documents/CC_Self/CCHome/PAV/venv/lib/python3.12/site-packages/django/db/migrations/operations/fields.py first seen with mtime 1729230685.7704844
File /Users/cc/Documents/CC_Self/CCHome/PAV/venv/lib/python3.12/site-packages/django/db/migrations/operations/fields.py first seen with mtime 1729230685.7704844
File /Library/Frameworks/Python.framework/Versions/3.12/lib/python3.12/re/__init__.py first seen with mtime 1717710265.0
File /Library/Frameworks/Python.framework/Versions/3.12/lib/python3.12/re/__init__.py first seen with mtime 1717710265.0
File /Users/cc/Documents/CC_Self/CCHome/PAV/venv/lib/python3.12/site-packages/django/utils/timezone.py first seen with mtime 1729230685.7946737
File /Users/cc/Documents/CC_Self/CCHome/PAV/venv/lib/python3.12/site-packages/django/utils/timezone.py first seen with mtime 1729230685.7946737
File /Library/Frameworks/Python.framework/Versions/3.12/lib/python3.12/selectors.py first seen with mtime 1717710263.0
File /Library/Frameworks/Python.framework/Versions/3.12/lib/python3.12/selectors.py first seen with mtime 1717710263.0
File /Users/cc/Documents/CC_Self/CCHome/PAV/venv/lib/python3.12/site-packages/django/db/backends/ddl_references.py first seen with mtime 1729230685.762997
File /Users/cc/Documents/CC_Self/CCHome/PAV/venv/lib/python3.12/site-packages/django/db/backends/ddl_references.py first seen with mtime 1729230685.762997
File /Users/cc/Documents/CC_Self/CCHome/PAV/venv/lib/python3.12/site-packages/django/contrib/staticfiles/handlers.py first seen with mtime 1729230685.7507155
File /Users/cc/Documents/CC_Self/CCHome/PAV/venv/lib/python3.12/site-packages/django/contrib/staticfiles/handlers.py first seen with mtime 1729230685.7507155
File /Users/cc/Documents/CC_Self/CCHome/PAV/venv/lib/python3.12/site-packages/django/template/base.py first seen with mtime 1729230685.7865548
File /Users/cc/Documents/CC_Self/CCHome/PAV/venv/lib/python3.12/site-packages/django/template/base.py first seen with mtime 1729230685.7865548
File /Users/cc/Documents/CC_Self/CCHome/PAV/venv/lib/python3.12/site-packages/django/views/generic/detail.py first seen with mtime 1729230685.7974389
File /Users/cc/Documents/CC_Self/CCHome/PAV/venv/lib/python3.12/site-packages/django/views/generic/detail.py first seen with mtime 1729230685.7974389
File /Library/Frameworks/Python.framework/Versions/3.12/lib/python3.12/email/quoprimime.py first seen with mtime 1717710264.0
File /Library/Frameworks/Python.framework/Versions/3.12/lib/python3.12/email/quoprimime.py first seen with mtime 1717710264.0
File /Users/cc/Documents/CC_Self/CCHome/PAV/venv/lib/python3.12/site-packages/pymysql/optionfile.py first seen with mtime 1729230683.3731105
File /Users/cc/Documents/CC_Self/CCHome/PAV/venv/lib/python3.12/site-packages/pymysql/optionfile.py first seen with mtime 1729230683.3731105
File /Library/Frameworks/Python.framework/Versions/3.12/lib/python3.12/html/entities.py first seen with mtime 1717710264.0
File /Library/Frameworks/Python.framework/Versions/3.12/lib/python3.12/html/entities.py first seen with mtime 1717710264.0
File /Users/cc/Documents/CC_Self/CCHome/PAV/venv/lib/python3.12/site-packages/django/utils/encoding.py first seen with mtime 1729230685.7924871
File /Users/cc/Documents/CC_Self/CCHome/PAV/venv/lib/python3.12/site-packages/django/utils/encoding.py first seen with mtime 1729230685.7924871
File /Users/cc/Documents/CC_Self/CCHome/PAV/venv/lib/python3.12/site-packages/PIL/TiffTags.py first seen with mtime 1729230684.2949247
File /Users/cc/Documents/CC_Self/CCHome/PAV/venv/lib/python3.12/site-packages/PIL/TiffTags.py first seen with mtime 1729230684.2949247
File /Users/cc/Documents/CC_Self/CCHome/PAV/manage.py first seen with mtime 1722835473.1492891
File /Users/cc/Documents/CC_Self/CCHome/PAV/manage.py first seen with mtime 1722835473.1492891
File /Users/cc/Documents/CC_Self/CCHome/PAV/venv/lib/python3.12/site-packages/django/views/csrf.py first seen with mtime 1729230685.7956634
File /Users/cc/Documents/CC_Self/CCHome/PAV/venv/lib/python3.12/site-packages/django/views/csrf.py first seen with mtime 1729230685.7956634
File /Users/cc/Documents/CC_Self/CCHome/PAV/venv/lib/python3.12/site-packages/asgiref/sync.py first seen with mtime 1729230684.9768643
File /Users/cc/Documents/CC_Self/CCHome/PAV/venv/lib/python3.12/site-packages/asgiref/sync.py first seen with mtime 1729230684.9768643
File /Users/cc/Documents/CC_Self/CCHome/PAV/venv/lib/python3.12/site-packages/django/db/models/sql/where.py first seen with mtime 1729230685.775249
File /Users/cc/Documents/CC_Self/CCHome/PAV/venv/lib/python3.12/site-packages/django/db/models/sql/where.py first seen with mtime 1729230685.775249
File /Library/Frameworks/Python.framework/Versions/3.12/lib/python3.12/wsgiref/headers.py first seen with mtime 1717710265.0
File /Library/Frameworks/Python.framework/Versions/3.12/lib/python3.12/wsgiref/headers.py first seen with mtime 1717710265.0
File /Users/cc/Documents/CC_Self/CCHome/PAV/venv/lib/python3.12/site-packages/django/utils/formats.py first seen with mtime 1729230685.7927384
File /Users/cc/Documents/CC_Self/CCHome/PAV/venv/lib/python3.12/site-packages/django/utils/formats.py first seen with mtime 1729230685.7927384
File /Library/Frameworks/Python.framework/Versions/3.12/lib/python3.12/collections/__init__.py first seen with mtime 1717710264.0
File /Library/Frameworks/Python.framework/Versions/3.12/lib/python3.12/collections/__init__.py first seen with mtime 1717710264.0
File /Library/Frameworks/Python.framework/Versions/3.12/lib/python3.12/lib-dynload/zlib.cpython-312-darwin.so first seen with mtime 1717710664.0
File /Library/Frameworks/Python.framework/Versions/3.12/lib/python3.12/lib-dynload/zlib.cpython-312-darwin.so first seen with mtime 1717710664.0
File /Users/cc/Documents/CC_Self/CCHome/PAV/venv/lib/python3.12/site-packages/cryptography/exceptions.py first seen with mtime 1729230686.4711266
File /Users/cc/Documents/CC_Self/CCHome/PAV/venv/lib/python3.12/site-packages/cryptography/exceptions.py first seen with mtime 1729230686.4711266
File /Library/Frameworks/Python.framework/Versions/3.12/lib/python3.12/queue.py first seen with mtime 1717710263.0
File /Library/Frameworks/Python.framework/Versions/3.12/lib/python3.12/queue.py first seen with mtime 1717710263.0
File /Users/cc/Documents/CC_Self/CCHome/PAV/venv/lib/python3.12/site-packages/django/core/mail/__init__.py first seen with mtime 1729230685.757583
File /Users/cc/Documents/CC_Self/CCHome/PAV/venv/lib/python3.12/site-packages/django/core/mail/__init__.py first seen with mtime 1729230685.757583
File /Users/cc/Documents/CC_Self/CCHome/PAV/venv/lib/python3.12/site-packages/cffi/api.py first seen with mtime 1729230686.375604
File /Users/cc/Documents/CC_Self/CCHome/PAV/venv/lib/python3.12/site-packages/cffi/api.py first seen with mtime 1729230686.375604
File /Users/cc/Documents/CC_Self/CCHome/PAV/venv/lib/python3.12/site-packages/sqlparse/tokens.py first seen with mtime 1729230683.2971756
File /Users/cc/Documents/CC_Self/CCHome/PAV/venv/lib/python3.12/site-packages/sqlparse/tokens.py first seen with mtime 1729230683.2971756
File /Users/cc/Documents/CC_Self/CCHome/PAV/venv/lib/python3.12/site-packages/django/db/backends/mysql/client.py first seen with mtime 1729230685.764919
File /Users/cc/Documents/CC_Self/CCHome/PAV/venv/lib/python3.12/site-packages/django/db/backends/mysql/client.py first seen with mtime 1729230685.764919
File /Users/cc/Documents/CC_Self/CCHome/PAV/venv/lib/python3.12/site-packages/django/core/checks/files.py first seen with mtime 1729230685.7542255
File /Users/cc/Documents/CC_Self/CCHome/PAV/venv/lib/python3.12/site-packages/django/core/checks/files.py first seen with mtime 1729230685.7542255
File /Users/cc/Documents/CC_Self/CCHome/PAV/venv/lib/python3.12/site-packages/django/contrib/admin/exceptions.py first seen with mtime 1729230685.369832
File /Users/cc/Documents/CC_Self/CCHome/PAV/venv/lib/python3.12/site-packages/django/contrib/admin/exceptions.py first seen with mtime 1729230685.369832
File /Users/cc/Documents/CC_Self/CCHome/PAV/venv/lib/python3.12/site-packages/cryptography/hazmat/primitives/asymmetric/utils.py first seen with mtime 1729230686.46542
File /Users/cc/Documents/CC_Self/CCHome/PAV/venv/lib/python3.12/site-packages/cryptography/hazmat/primitives/asymmetric/utils.py first seen with mtime 1729230686.46542
File /Users/cc/Documents/CC_Self/CCHome/PAV/venv/lib/python3.12/site-packages/django/contrib/sessions/__init__.py first seen with mtime 1729230685.698897
File /Users/cc/Documents/CC_Self/CCHome/PAV/venv/lib/python3.12/site-packages/django/contrib/sessions/__init__.py first seen with mtime 1729230685.698897
File /Library/Frameworks/Python.framework/Versions/3.12/lib/python3.12/email/charset.py first seen with mtime 1717710264.0
File /Library/Frameworks/Python.framework/Versions/3.12/lib/python3.12/email/charset.py first seen with mtime 1717710264.0
File /Users/cc/Documents/CC_Self/CCHome/PAV/venv/lib/python3.12/site-packages/django/contrib/admin/actions.py first seen with mtime 1729230685.3694355
File /Users/cc/Documents/CC_Self/CCHome/PAV/venv/lib/python3.12/site-packages/django/contrib/admin/actions.py first seen with mtime 1729230685.3694355
File /Library/Frameworks/Python.framework/Versions/3.12/lib/python3.12/email/parser.py first seen with mtime 1717710264.0
File /Library/Frameworks/Python.framework/Versions/3.12/lib/python3.12/email/parser.py first seen with mtime 1717710264.0
File /Users/cc/Documents/CC_Self/CCHome/PAV/venv/lib/python3.12/site-packages/django/utils/html.py first seen with mtime 1729230685.793102
File /Users/cc/Documents/CC_Self/CCHome/PAV/venv/lib/python3.12/site-packages/django/utils/html.py first seen with mtime 1729230685.793102
File /Library/Frameworks/Python.framework/Versions/3.12/lib/python3.12/dataclasses.py first seen with mtime 1717710263.0
File /Library/Frameworks/Python.framework/Versions/3.12/lib/python3.12/dataclasses.py first seen with mtime 1717710263.0
File /Users/cc/Documents/CC_Self/CCHome/PAV/venv/lib/python3.12/site-packages/django/contrib/admin/models.py first seen with mtime 1729230685.3702579
File /Users/cc/Documents/CC_Self/CCHome/PAV/venv/lib/python3.12/site-packages/django/contrib/admin/models.py first seen with mtime 1729230685.3702579
File /Users/cc/Documents/CC_Self/CCHome/PAV/venv/lib/python3.12/site-packages/django/core/management/base.py first seen with mtime 1729230685.7585871
File /Users/cc/Documents/CC_Self/CCHome/PAV/venv/lib/python3.12/site-packages/django/core/management/base.py first seen with mtime 1729230685.7585871
File /Users/cc/Documents/CC_Self/CCHome/PAV/venv/lib/python3.12/site-packages/django/contrib/auth/models.py first seen with mtime 1729230685.470445
File /Users/cc/Documents/CC_Self/CCHome/PAV/venv/lib/python3.12/site-packages/django/contrib/auth/models.py first seen with mtime 1729230685.470445
File /Users/cc/Documents/CC_Self/CCHome/PAV/venv/lib/python3.12/site-packages/django/views/__init__.py first seen with mtime 1729230685.795591
File /Users/cc/Documents/CC_Self/CCHome/PAV/venv/lib/python3.12/site-packages/django/views/__init__.py first seen with mtime 1729230685.795591
File /Users/cc/Documents/CC_Self/CCHome/PAV/f_proc/apps.py first seen with mtime 1722835605.339132
File /Users/cc/Documents/CC_Self/CCHome/PAV/f_proc/apps.py first seen with mtime 1722835605.339132
File /Users/cc/Documents/CC_Self/CCHome/PAV/venv/lib/python3.12/site-packages/django/contrib/auth/tokens.py first seen with mtime 1729230685.4707828
File /Users/cc/Documents/CC_Self/CCHome/PAV/venv/lib/python3.12/site-packages/django/contrib/auth/tokens.py first seen with mtime 1729230685.4707828
File /Users/cc/Documents/CC_Self/CCHome/PAV/venv/lib/python3.12/site-packages/django/core/cache/utils.py first seen with mtime 1729230685.752852
File /Users/cc/Documents/CC_Self/CCHome/PAV/venv/lib/python3.12/site-packages/django/core/cache/utils.py first seen with mtime 1729230685.752852
File /Users/cc/Documents/CC_Self/CCHome/PAV/venv/lib/python3.12/site-packages/django/db/models/constants.py first seen with mtime 1729230685.7711182
File /Users/cc/Documents/CC_Self/CCHome/PAV/venv/lib/python3.12/site-packages/django/db/models/constants.py first seen with mtime 1729230685.7711182
File /Users/cc/Documents/CC_Self/CCHome/PAV/venv/lib/python3.12/site-packages/django/db/models/options.py first seen with mtime 1729230685.7719078
File /Users/cc/Documents/CC_Self/CCHome/PAV/venv/lib/python3.12/site-packages/django/db/models/options.py first seen with mtime 1729230685.7719078
File /Library/Frameworks/Python.framework/Versions/3.12/lib/python3.12/email/iterators.py first seen with mtime 1717710264.0
File /Library/Frameworks/Python.framework/Versions/3.12/lib/python3.12/email/iterators.py first seen with mtime 1717710264.0
File /Library/Frameworks/Python.framework/Versions/3.12/lib/python3.12/lib-dynload/_queue.cpython-312-darwin.so first seen with mtime 1717710657.0
File /Library/Frameworks/Python.framework/Versions/3.12/lib/python3.12/lib-dynload/_queue.cpython-312-darwin.so first seen with mtime 1717710657.0
File /Users/cc/Documents/CC_Self/CCHome/PAV/venv/lib/python3.12/site-packages/django/contrib/admin/views/__init__.py first seen with mtime 1729230685.4397922
File /Users/cc/Documents/CC_Self/CCHome/PAV/venv/lib/python3.12/site-packages/django/contrib/admin/views/__init__.py first seen with mtime 1729230685.4397922
File /Library/Frameworks/Python.framework/Versions/3.12/lib/python3.12/logging/config.py first seen with mtime 1717710265.0
File /Library/Frameworks/Python.framework/Versions/3.12/lib/python3.12/logging/config.py first seen with mtime 1717710265.0
File /Users/cc/Documents/CC_Self/CCHome/PAV/venv/lib/python3.12/site-packages/sqlparse/__init__.py first seen with mtime 1729230683.2964613
File /Users/cc/Documents/CC_Self/CCHome/PAV/venv/lib/python3.12/site-packages/sqlparse/__init__.py first seen with mtime 1729230683.2964613
File /Users/cc/Documents/CC_Self/CCHome/PAV/venv/lib/python3.12/site-packages/django/core/servers/__init__.py first seen with mtime 1729230685.7623372
File /Users/cc/Documents/CC_Self/CCHome/PAV/venv/lib/python3.12/site-packages/django/core/servers/__init__.py first seen with mtime 1729230685.7623372
File /Users/cc/Documents/CC_Self/CCHome/PAV/venv/lib/python3.12/site-packages/django/utils/asyncio.py first seen with mtime 1729230685.7911625
File /Users/cc/Documents/CC_Self/CCHome/PAV/venv/lib/python3.12/site-packages/django/utils/asyncio.py first seen with mtime 1729230685.7911625
File /Users/cc/Documents/CC_Self/CCHome/PAV/venv/lib/python3.12/site-packages/django/conf/locale/__init__.py first seen with mtime 1729230685.325286
File /Users/cc/Documents/CC_Self/CCHome/PAV/venv/lib/python3.12/site-packages/django/conf/locale/__init__.py first seen with mtime 1729230685.325286
File /Library/Frameworks/Python.framework/Versions/3.12/lib/python3.12/lib-dynload/_posixsubprocess.cpython-312-darwin.so first seen with mtime 1717710657.0
File /Library/Frameworks/Python.framework/Versions/3.12/lib/python3.12/lib-dynload/_posixsubprocess.cpython-312-darwin.so first seen with mtime 1717710657.0
File /Users/cc/Documents/CC_Self/CCHome/PAV/venv/lib/python3.12/site-packages/django/utils/termcolors.py first seen with mtime 1729230685.7943
File /Users/cc/Documents/CC_Self/CCHome/PAV/venv/lib/python3.12/site-packages/django/utils/termcolors.py first seen with mtime 1729230685.7943
File /Users/cc/Documents/CC_Self/CCHome/PAV/venv/lib/python3.12/site-packages/django/views/decorators/http.py first seen with mtime 1729230685.796901
File /Users/cc/Documents/CC_Self/CCHome/PAV/venv/lib/python3.12/site-packages/django/views/decorators/http.py first seen with mtime 1729230685.796901
File /Library/Frameworks/Python.framework/Versions/3.12/lib/python3.12/urllib/__init__.py first seen with mtime 1717710265.0
File /Library/Frameworks/Python.framework/Versions/3.12/lib/python3.12/urllib/__init__.py first seen with mtime 1717710265.0
File /Users/cc/Documents/CC_Self/CCHome/PAV/venv/lib/python3.12/site-packages/django/template/response.py first seen with mtime 1729230685.7876508
File /Users/cc/Documents/CC_Self/CCHome/PAV/venv/lib/python3.12/site-packages/django/template/response.py first seen with mtime 1729230685.7876508
File /Library/Frameworks/Python.framework/Versions/3.12/lib/python3.12/base64.py first seen with mtime 1717710263.0
File /Library/Frameworks/Python.framework/Versions/3.12/lib/python3.12/base64.py first seen with mtime 1717710263.0
File /Users/cc/Documents/CC_Self/CCHome/PAV/venv/lib/python3.12/site-packages/django/template/utils.py first seen with mtime 1729230685.7878284
File /Users/cc/Documents/CC_Self/CCHome/PAV/venv/lib/python3.12/site-packages/django/template/utils.py first seen with mtime 1729230685.7878284
File /Users/cc/Documents/CC_Self/CCHome/PAV/venv/lib/python3.12/site-packages/django/db/models/functions/mixins.py first seen with mtime 1729230685.7740254
File /Users/cc/Documents/CC_Self/CCHome/PAV/venv/lib/python3.12/site-packages/django/db/models/functions/mixins.py first seen with mtime 1729230685.7740254
File /Users/cc/Documents/CC_Self/CCHome/PAV/venv/lib/python3.12/site-packages/django/utils/dateparse.py first seen with mtime 1729230685.7919185
File /Users/cc/Documents/CC_Self/CCHome/PAV/venv/lib/python3.12/site-packages/django/utils/dateparse.py first seen with mtime 1729230685.7919185
File /Library/Frameworks/Python.framework/Versions/3.12/lib/python3.12/hmac.py first seen with mtime 1717710263.0
File /Library/Frameworks/Python.framework/Versions/3.12/lib/python3.12/hmac.py first seen with mtime 1717710263.0
File /Library/Frameworks/Python.framework/Versions/3.12/lib/python3.12/json/scanner.py first seen with mtime 1717710265.0
File /Library/Frameworks/Python.framework/Versions/3.12/lib/python3.12/json/scanner.py first seen with mtime 1717710265.0
File /Library/Frameworks/Python.framework/Versions/3.12/lib/python3.12/socket.py first seen with mtime 1717710263.0
File /Library/Frameworks/Python.framework/Versions/3.12/lib/python3.12/socket.py first seen with mtime 1717710263.0
File /Users/cc/Documents/CC_Self/CCHome/PAV/venv/lib/python3.12/site-packages/django/urls/conf.py first seen with mtime 1729230685.79051
File /Users/cc/Documents/CC_Self/CCHome/PAV/venv/lib/python3.12/site-packages/django/urls/conf.py first seen with mtime 1729230685.79051
File /Library/Frameworks/Python.framework/Versions/3.12/lib/python3.12/lib-dynload/_ssl.cpython-312-darwin.so first seen with mtime 1717710659.0
File /Library/Frameworks/Python.framework/Versions/3.12/lib/python3.12/lib-dynload/_ssl.cpython-312-darwin.so first seen with mtime 1717710659.0
File /Library/Frameworks/Python.framework/Versions/3.12/lib/python3.12/email/mime/text.py first seen with mtime 1717710264.0
File /Library/Frameworks/Python.framework/Versions/3.12/lib/python3.12/email/mime/text.py first seen with mtime 1717710264.0
File /Users/cc/Documents/CC_Self/CCHome/PAV/venv/lib/python3.12/site-packages/django/utils/crypto.py first seen with mtime 1729230685.7916155
File /Users/cc/Documents/CC_Self/CCHome/PAV/venv/lib/python3.12/site-packages/django/utils/crypto.py first seen with mtime 1729230685.7916155
File /Library/Frameworks/Python.framework/Versions/3.12/lib/python3.12/lib-dynload/_zoneinfo.cpython-312-darwin.so first seen with mtime 1717710661.0
File /Library/Frameworks/Python.framework/Versions/3.12/lib/python3.12/lib-dynload/_zoneinfo.cpython-312-darwin.so first seen with mtime 1717710661.0
File /Users/cc/Documents/CC_Self/CCHome/PAV/venv/lib/python3.12/site-packages/cryptography/hazmat/primitives/ciphers/modes.py first seen with mtime 1729230686.464495
File /Users/cc/Documents/CC_Self/CCHome/PAV/venv/lib/python3.12/site-packages/cryptography/hazmat/primitives/ciphers/modes.py first seen with mtime 1729230686.464495
File /Users/cc/Documents/CC_Self/CCHome/PAV/venv/lib/python3.12/site-packages/sqlparse/engine/grouping.py first seen with mtime 1729230683.2975461
File /Users/cc/Documents/CC_Self/CCHome/PAV/venv/lib/python3.12/site-packages/sqlparse/engine/grouping.py first seen with mtime 1729230683.2975461
File /Library/Frameworks/Python.framework/Versions/3.12/lib/python3.12/asyncio/staggered.py first seen with mtime 1717710263.0
File /Library/Frameworks/Python.framework/Versions/3.12/lib/python3.12/asyncio/staggered.py first seen with mtime 1717710263.0
File /Users/cc/Documents/CC_Self/CCHome/PAV/venv/lib/python3.12/site-packages/django/template/backends/__init__.py first seen with mtime 1729230685.7879071
File /Users/cc/Documents/CC_Self/CCHome/PAV/venv/lib/python3.12/site-packages/django/template/backends/__init__.py first seen with mtime 1729230685.7879071
File /Users/cc/Documents/CC_Self/CCHome/PAV/venv/lib/python3.12/site-packages/cryptography/hazmat/primitives/asymmetric/ed25519.py first seen with mtime 1729230686.465528
File /Users/cc/Documents/CC_Self/CCHome/PAV/venv/lib/python3.12/site-packages/cryptography/hazmat/primitives/asymmetric/ed25519.py first seen with mtime 1729230686.465528
File /Users/cc/Documents/CC_Self/CCHome/PAV/venv/lib/python3.12/site-packages/django/db/backends/__init__.py first seen with mtime 1729230685.7628896
File /Users/cc/Documents/CC_Self/CCHome/PAV/venv/lib/python3.12/site-packages/django/db/backends/__init__.py first seen with mtime 1729230685.7628896
File /Users/cc/Documents/CC_Self/CCHome/PAV/venv/lib/python3.12/site-packages/PIL/_util.py first seen with mtime 1729230684.2951152
File /Users/cc/Documents/CC_Self/CCHome/PAV/venv/lib/python3.12/site-packages/PIL/_util.py first seen with mtime 1729230684.2951152
File /Library/Frameworks/Python.framework/Versions/3.12/lib/python3.12/lib-dynload/_bz2.cpython-312-darwin.so first seen with mtime 1717710652.0
File /Library/Frameworks/Python.framework/Versions/3.12/lib/python3.12/lib-dynload/_bz2.cpython-312-darwin.so first seen with mtime 1717710652.0
File /Users/cc/Documents/CC_Self/CCHome/PAV/venv/lib/python3.12/site-packages/django/contrib/__init__.py first seen with mtime 1729230685.3692465
File /Users/cc/Documents/CC_Self/CCHome/PAV/venv/lib/python3.12/site-packages/django/contrib/__init__.py first seen with mtime 1729230685.3692465
File /Users/cc/Documents/CC_Self/CCHome/PAV/venv/lib/python3.12/site-packages/asgiref/current_thread_executor.py first seen with mtime 1729230684.9765012
File /Users/cc/Documents/CC_Self/CCHome/PAV/venv/lib/python3.12/site-packages/asgiref/current_thread_executor.py first seen with mtime 1729230684.9765012
File /Users/cc/Documents/CC_Self/CCHome/PAV/venv/lib/python3.12/site-packages/django/contrib/admin/templatetags/__init__.py first seen with mtime 1729230685.4392574
File /Users/cc/Documents/CC_Self/CCHome/PAV/venv/lib/python3.12/site-packages/django/contrib/admin/templatetags/__init__.py first seen with mtime 1729230685.4392574
File /Library/Frameworks/Python.framework/Versions/3.12/lib/python3.12/asyncio/base_events.py first seen with mtime 1717710263.0
File /Library/Frameworks/Python.framework/Versions/3.12/lib/python3.12/asyncio/base_events.py first seen with mtime 1717710263.0
File /Users/cc/Documents/CC_Self/CCHome/PAV/venv/lib/python3.12/site-packages/django/contrib/auth/admin.py first seen with mtime 1729230685.469014
File /Users/cc/Documents/CC_Self/CCHome/PAV/venv/lib/python3.12/site-packages/django/contrib/auth/admin.py first seen with mtime 1729230685.469014
File /Users/cc/Documents/CC_Self/CCHome/PAV/venv/lib/python3.12/site-packages/django/core/checks/caches.py first seen with mtime 1729230685.75405
File /Users/cc/Documents/CC_Self/CCHome/PAV/venv/lib/python3.12/site-packages/django/core/checks/caches.py first seen with mtime 1729230685.75405
File /Users/cc/Documents/CC_Self/CCHome/PAV/venv/lib/python3.12/site-packages/django/db/models/functions/text.py first seen with mtime 1729230685.7741458
File /Users/cc/Documents/CC_Self/CCHome/PAV/venv/lib/python3.12/site-packages/django/db/models/functions/text.py first seen with mtime 1729230685.7741458
File /Users/cc/Documents/CC_Self/CCHome/PAV/venv/lib/python3.12/site-packages/django/templatetags/tz.py first seen with mtime 1729230685.7892838
File /Users/cc/Documents/CC_Self/CCHome/PAV/venv/lib/python3.12/site-packages/django/templatetags/tz.py first seen with mtime 1729230685.7892838
File /Users/cc/Documents/CC_Self/CCHome/PAV/venv/lib/python3.12/site-packages/django/http/__init__.py first seen with mtime 1729230685.784825
File /Users/cc/Documents/CC_Self/CCHome/PAV/venv/lib/python3.12/site-packages/django/http/__init__.py first seen with mtime 1729230685.784825
File /Users/cc/Documents/CC_Self/CCHome/PAV/venv/lib/python3.12/site-packages/django/core/servers/basehttp.py first seen with mtime 1729230685.7624514
File /Users/cc/Documents/CC_Self/CCHome/PAV/venv/lib/python3.12/site-packages/django/core/servers/basehttp.py first seen with mtime 1729230685.7624514
File /Users/cc/Documents/CC_Self/CCHome/PAV/venv/lib/python3.12/site-packages/sqlparse/engine/filter_stack.py first seen with mtime 1729230683.2974265
File /Users/cc/Documents/CC_Self/CCHome/PAV/venv/lib/python3.12/site-packages/sqlparse/engine/filter_stack.py first seen with mtime 1729230683.2974265
File /Users/cc/Documents/CC_Self/CCHome/PAV/venv/lib/python3.12/site-packages/django/views/decorators/debug.py first seen with mtime 1729230685.7966847
File /Users/cc/Documents/CC_Self/CCHome/PAV/venv/lib/python3.12/site-packages/django/views/decorators/debug.py first seen with mtime 1729230685.7966847
File /Users/cc/Documents/CC_Self/CCHome/PAV/venv/lib/python3.12/site-packages/django/core/cache/backends/filebased.py first seen with mtime 1729230685.7534368
File /Users/cc/Documents/CC_Self/CCHome/PAV/venv/lib/python3.12/site-packages/django/core/cache/backends/filebased.py first seen with mtime 1729230685.7534368
File /Users/cc/Documents/CC_Self/CCHome/PAV/venv/lib/python3.12/site-packages/django/views/generic/edit.py first seen with mtime 1729230685.7975497
File /Users/cc/Documents/CC_Self/CCHome/PAV/venv/lib/python3.12/site-packages/django/views/generic/edit.py first seen with mtime 1729230685.7975497
File /Users/cc/Documents/CC_Self/CCHome/PAV/venv/lib/python3.12/site-packages/pymysql/cursors.py first seen with mtime 1729230683.3729072
File /Users/cc/Documents/CC_Self/CCHome/PAV/venv/lib/python3.12/site-packages/pymysql/cursors.py first seen with mtime 1729230683.3729072
File /Users/cc/Documents/CC_Self/CCHome/PAV/venv/lib/python3.12/site-packages/cryptography/hazmat/bindings/__init__.py first seen with mtime 1729230686.4691248
File /Users/cc/Documents/CC_Self/CCHome/PAV/venv/lib/python3.12/site-packages/cryptography/hazmat/bindings/__init__.py first seen with mtime 1729230686.4691248
File /Users/cc/Documents/CC_Self/CCHome/PAV/venv/lib/python3.12/site-packages/django/core/checks/messages.py first seen with mtime 1729230685.7543223
File /Users/cc/Documents/CC_Self/CCHome/PAV/venv/lib/python3.12/site-packages/django/core/checks/messages.py first seen with mtime 1729230685.7543223
File /Users/cc/Documents/CC_Self/CCHome/PAV/venv/lib/python3.12/site-packages/django/template/__init__.py first seen with mtime 1729230685.7863247
File /Users/cc/Documents/CC_Self/CCHome/PAV/venv/lib/python3.12/site-packages/django/template/__init__.py first seen with mtime 1729230685.7863247
File /Users/cc/Documents/CC_Self/CCHome/PAV/venv/lib/python3.12/site-packages/django/utils/inspect.py first seen with mtime 1729230685.7933295
File /Users/cc/Documents/CC_Self/CCHome/PAV/venv/lib/python3.12/site-packages/django/utils/inspect.py first seen with mtime 1729230685.7933295
File /Library/Frameworks/Python.framework/Versions/3.12/lib/python3.12/lib-dynload/_uuid.cpython-312-darwin.so first seen with mtime 1717710660.0
File /Library/Frameworks/Python.framework/Versions/3.12/lib/python3.12/lib-dynload/_uuid.cpython-312-darwin.so first seen with mtime 1717710660.0
File /Library/Frameworks/Python.framework/Versions/3.12/lib/python3.12/contextvars.py first seen with mtime 1717710263.0
File /Library/Frameworks/Python.framework/Versions/3.12/lib/python3.12/contextvars.py first seen with mtime 1717710263.0
File /Users/cc/Documents/CC_Self/CCHome/PAV/venv/lib/python3.12/site-packages/django/templatetags/i18n.py first seen with mtime 1729230685.7890098
File /Users/cc/Documents/CC_Self/CCHome/PAV/venv/lib/python3.12/site-packages/django/templatetags/i18n.py first seen with mtime 1729230685.7890098
File /Users/cc/Documents/CC_Self/CCHome/PAV/venv/lib/python3.12/site-packages/django/core/files/base.py first seen with mtime 1729230685.755463
File /Users/cc/Documents/CC_Self/CCHome/PAV/venv/lib/python3.12/site-packages/django/core/files/base.py first seen with mtime 1729230685.755463
File /Users/cc/Documents/CC_Self/CCHome/PAV/venv/lib/python3.12/site-packages/django/contrib/auth/checks.py first seen with mtime 1729230685.46947
File /Users/cc/Documents/CC_Self/CCHome/PAV/venv/lib/python3.12/site-packages/django/contrib/auth/checks.py first seen with mtime 1729230685.46947
File /Library/Frameworks/Python.framework/Versions/3.12/lib/python3.12/re/_casefix.py first seen with mtime 1717710265.0
File /Library/Frameworks/Python.framework/Versions/3.12/lib/python3.12/re/_casefix.py first seen with mtime 1717710265.0
File /Users/cc/Documents/CC_Self/CCHome/PAV/venv/lib/python3.12/site-packages/cryptography/hazmat/primitives/ciphers/__init__.py first seen with mtime 1729230686.464401
File /Users/cc/Documents/CC_Self/CCHome/PAV/venv/lib/python3.12/site-packages/cryptography/hazmat/primitives/ciphers/__init__.py first seen with mtime 1729230686.464401
File /Users/cc/Documents/CC_Self/CCHome/PAV/venv/lib/python3.12/site-packages/django/db/utils.py first seen with mtime 1729230685.7628176
File /Users/cc/Documents/CC_Self/CCHome/PAV/venv/lib/python3.12/site-packages/django/db/utils.py first seen with mtime 1729230685.7628176
File /Library/Frameworks/Python.framework/Versions/3.12/lib/python3.12/logging/__init__.py first seen with mtime 1717710265.0
File /Library/Frameworks/Python.framework/Versions/3.12/lib/python3.12/logging/__init__.py first seen with mtime 1717710265.0
File /Library/Frameworks/Python.framework/Versions/3.12/lib/python3.12/gzip.py first seen with mtime 1717710263.0
File /Library/Frameworks/Python.framework/Versions/3.12/lib/python3.12/gzip.py first seen with mtime 1717710263.0
File /Users/cc/Documents/CC_Self/CCHome/PAV/venv/lib/python3.12/site-packages/django/views/decorators/csrf.py first seen with mtime 1729230685.7965736
File /Users/cc/Documents/CC_Self/CCHome/PAV/venv/lib/python3.12/site-packages/django/views/decorators/csrf.py first seen with mtime 1729230685.7965736
File /Users/cc/Documents/CC_Self/CCHome/PAV/venv/lib/python3.12/site-packages/PIL/_deprecate.py first seen with mtime 1729230684.2888694
File /Users/cc/Documents/CC_Self/CCHome/PAV/venv/lib/python3.12/site-packages/PIL/_deprecate.py first seen with mtime 1729230684.2888694
File /Users/cc/Documents/CC_Self/CCHome/PAV/venv/lib/python3.12/site-packages/cffi/__init__.py first seen with mtime 1729230686.374849
File /Users/cc/Documents/CC_Self/CCHome/PAV/venv/lib/python3.12/site-packages/cffi/__init__.py first seen with mtime 1729230686.374849
File /Library/Frameworks/Python.framework/Versions/3.12/lib/python3.12/functools.py first seen with mtime 1717710263.0
File /Library/Frameworks/Python.framework/Versions/3.12/lib/python3.12/functools.py first seen with mtime 1717710263.0
File /Users/cc/Documents/CC_Self/CCHome/PAV/venv/lib/python3.12/site-packages/django/contrib/sessions/base_session.py first seen with mtime 1729230685.699112
File /Users/cc/Documents/CC_Self/CCHome/PAV/venv/lib/python3.12/site-packages/django/contrib/sessions/base_session.py first seen with mtime 1729230685.699112
File /Library/Frameworks/Python.framework/Versions/3.12/lib/python3.12/asyncio/base_futures.py first seen with mtime 1717710263.0
File /Library/Frameworks/Python.framework/Versions/3.12/lib/python3.12/asyncio/base_futures.py first seen with mtime 1717710263.0
File /Users/cc/Documents/CC_Self/CCHome/PAV/venv/lib/python3.12/site-packages/asgiref/__init__.py first seen with mtime 1729230684.9763079
File /Users/cc/Documents/CC_Self/CCHome/PAV/venv/lib/python3.12/site-packages/asgiref/__init__.py first seen with mtime 1729230684.9763079
File /Library/Frameworks/Python.framework/Versions/3.12/lib/python3.12/_compression.py first seen with mtime 1717710263.0
File /Library/Frameworks/Python.framework/Versions/3.12/lib/python3.12/_compression.py first seen with mtime 1717710263.0
File /Users/cc/Documents/CC_Self/CCHome/PAV/venv/lib/python3.12/site-packages/django/contrib/auth/password_validation.py first seen with mtime 1729230685.4705806
File /Users/cc/Documents/CC_Self/CCHome/PAV/venv/lib/python3.12/site-packages/django/contrib/auth/password_validation.py first seen with mtime 1729230685.4705806
File /Users/cc/Documents/CC_Self/CCHome/PAV/venv/lib/python3.12/site-packages/django/template/loaders/app_directories.py first seen with mtime 1729230685.788475
File /Users/cc/Documents/CC_Self/CCHome/PAV/venv/lib/python3.12/site-packages/django/template/loaders/app_directories.py first seen with mtime 1729230685.788475
File /Users/cc/Documents/CC_Self/CCHome/PAV/venv/lib/python3.12/site-packages/django/contrib/admin/options.py first seen with mtime 1729230685.3704405
File /Users/cc/Documents/CC_Self/CCHome/PAV/venv/lib/python3.12/site-packages/django/contrib/admin/options.py first seen with mtime 1729230685.3704405
File /Users/cc/Documents/CC_Self/CCHome/PAV/venv/lib/python3.12/site-packages/django/db/backends/mysql/base.py first seen with mtime 1729230685.76482
File /Users/cc/Documents/CC_Self/CCHome/PAV/venv/lib/python3.12/site-packages/django/db/backends/mysql/base.py first seen with mtime 1729230685.76482
File /Library/Frameworks/Python.framework/Versions/3.12/lib/python3.12/argparse.py first seen with mtime 1717710263.0
File /Library/Frameworks/Python.framework/Versions/3.12/lib/python3.12/argparse.py first seen with mtime 1717710263.0
File /Users/cc/Documents/CC_Self/CCHome/PAV/venv/lib/python3.12/site-packages/django/contrib/admin/views/autocomplete.py first seen with mtime 1729230685.4399078
File /Users/cc/Documents/CC_Self/CCHome/PAV/venv/lib/python3.12/site-packages/django/contrib/admin/views/autocomplete.py first seen with mtime 1729230685.4399078
File /Users/cc/Documents/CC_Self/CCHome/PAV/venv/lib/python3.12/site-packages/django/template/loaders/__init__.py first seen with mtime 1729230685.7883925
File /Users/cc/Documents/CC_Self/CCHome/PAV/venv/lib/python3.12/site-packages/django/template/loaders/__init__.py first seen with mtime 1729230685.7883925
File /Library/Frameworks/Python.framework/Versions/3.12/lib/python3.12/bz2.py first seen with mtime 1717710263.0
File /Library/Frameworks/Python.framework/Versions/3.12/lib/python3.12/bz2.py first seen with mtime 1717710263.0
File /Users/cc/Documents/CC_Self/CCHome/PAV/venv/lib/python3.12/site-packages/django/db/backends/mysql/creation.py first seen with mtime 1729230685.765101
File /Users/cc/Documents/CC_Self/CCHome/PAV/venv/lib/python3.12/site-packages/django/db/backends/mysql/creation.py first seen with mtime 1729230685.765101
File /Users/cc/Documents/CC_Self/CCHome/PAV/show/apps.py first seen with mtime 1725105618.244076
File /Users/cc/Documents/CC_Self/CCHome/PAV/show/apps.py first seen with mtime 1725105618.244076
File /Users/cc/Documents/CC_Self/CCHome/PAV/venv/lib/python3.12/site-packages/django/db/models/fields/related_lookups.py first seen with mtime 1729230685.7733364
File /Users/cc/Documents/CC_Self/CCHome/PAV/venv/lib/python3.12/site-packages/django/db/models/fields/related_lookups.py first seen with mtime 1729230685.7733364
File /Library/Frameworks/Python.framework/Versions/3.12/lib/python3.12/lib-dynload/termios.cpython-312-darwin.so first seen with mtime 1717710663.0
File /Library/Frameworks/Python.framework/Versions/3.12/lib/python3.12/lib-dynload/termios.cpython-312-darwin.so first seen with mtime 1717710663.0
File /Users/cc/Documents/CC_Self/CCHome/PAV/venv/lib/python3.12/site-packages/django/utils/dates.py first seen with mtime 1729230685.79199
File /Users/cc/Documents/CC_Self/CCHome/PAV/venv/lib/python3.12/site-packages/django/utils/dates.py first seen with mtime 1729230685.79199
File /Users/cc/Documents/CC_Self/CCHome/PAV/venv/lib/python3.12/site-packages/cryptography/hazmat/backends/__init__.py first seen with mtime 1729230686.4615645
File /Users/cc/Documents/CC_Self/CCHome/PAV/venv/lib/python3.12/site-packages/cryptography/hazmat/backends/__init__.py first seen with mtime 1729230686.4615645
File /Users/cc/Documents/CC_Self/CCHome/PAV/venv/lib/python3.12/site-packages/sqlparse/filters/tokens.py first seen with mtime 1729230683.298314
File /Users/cc/Documents/CC_Self/CCHome/PAV/venv/lib/python3.12/site-packages/sqlparse/filters/tokens.py first seen with mtime 1729230683.298314
File /Users/cc/Documents/CC_Self/CCHome/PAV/venv/lib/python3.12/site-packages/django/db/backends/mysql/operations.py first seen with mtime 1729230685.7655125
File /Users/cc/Documents/CC_Self/CCHome/PAV/venv/lib/python3.12/site-packages/django/db/backends/mysql/operations.py first seen with mtime 1729230685.7655125
File /Library/Frameworks/Python.framework/Versions/3.12/lib/python3.12/_weakrefset.py first seen with mtime 1717710263.0
File /Library/Frameworks/Python.framework/Versions/3.12/lib/python3.12/_weakrefset.py first seen with mtime 1717710263.0
File /Users/cc/Documents/CC_Self/CCHome/PAV/venv/lib/python3.12/site-packages/django/contrib/auth/__init__.py first seen with mtime 1729230685.4688897
File /Users/cc/Documents/CC_Self/CCHome/PAV/venv/lib/python3.12/site-packages/django/contrib/auth/__init__.py first seen with mtime 1729230685.4688897
File /Users/cc/Documents/CC_Self/CCHome/PAV/venv/lib/python3.12/site-packages/django/core/files/temp.py first seen with mtime 1729230685.7558246
File /Users/cc/Documents/CC_Self/CCHome/PAV/venv/lib/python3.12/site-packages/django/core/files/temp.py first seen with mtime 1729230685.7558246
File /Library/Frameworks/Python.framework/Versions/3.12/lib/python3.12/string.py first seen with mtime 1717710263.0
File /Library/Frameworks/Python.framework/Versions/3.12/lib/python3.12/string.py first seen with mtime 1717710263.0
File /Users/cc/Documents/CC_Self/CCHome/PAV/f_proc/models.py first seen with mtime 1730100994.5200553
File /Users/cc/Documents/CC_Self/CCHome/PAV/f_proc/models.py first seen with mtime 1730100994.5200553
File /Users/cc/Documents/CC_Self/CCHome/PAV/venv/lib/python3.12/site-packages/django/core/serializers/json.py first seen with mtime 1729230685.7619448
File /Users/cc/Documents/CC_Self/CCHome/PAV/venv/lib/python3.12/site-packages/django/core/serializers/json.py first seen with mtime 1729230685.7619448
File /Users/cc/Documents/CC_Self/CCHome/PAV/venv/lib/python3.12/site-packages/django/utils/deprecation.py first seen with mtime 1729230685.7922769
File /Users/cc/Documents/CC_Self/CCHome/PAV/venv/lib/python3.12/site-packages/django/utils/deprecation.py first seen with mtime 1729230685.7922769
File /Users/cc/Documents/CC_Self/CCHome/PAV/venv/lib/python3.12/site-packages/django/contrib/sites/shortcuts.py first seen with mtime 1729230685.7267036
File /Users/cc/Documents/CC_Self/CCHome/PAV/venv/lib/python3.12/site-packages/django/contrib/sites/shortcuts.py first seen with mtime 1729230685.7267036
File /Users/cc/Documents/CC_Self/CCHome/PAV/venv/lib/python3.12/site-packages/django/core/checks/registry.py first seen with mtime 1729230685.75453
File /Users/cc/Documents/CC_Self/CCHome/PAV/venv/lib/python3.12/site-packages/django/core/checks/registry.py first seen with mtime 1729230685.75453
File /Users/cc/Documents/CC_Self/CCHome/PAV/venv/lib/python3.12/site-packages/pymysql/err.py first seen with mtime 1729230683.373016
File /Users/cc/Documents/CC_Self/CCHome/PAV/venv/lib/python3.12/site-packages/pymysql/err.py first seen with mtime 1729230683.373016
File /Library/Frameworks/Python.framework/Versions/3.12/lib/python3.12/random.py first seen with mtime 1717710263.0
File /Library/Frameworks/Python.framework/Versions/3.12/lib/python3.12/random.py first seen with mtime 1717710263.0
File /Users/cc/Documents/CC_Self/CCHome/PAV/PAV/settings.py first seen with mtime 1730467772.6491385
File /Users/cc/Documents/CC_Self/CCHome/PAV/PAV/settings.py first seen with mtime 1730467772.6491385
File /Users/cc/Documents/CC_Self/CCHome/PAV/venv/lib/python3.12/site-packages/django/db/models/manager.py first seen with mtime 1729230685.771803
File /Users/cc/Documents/CC_Self/CCHome/PAV/venv/lib/python3.12/site-packages/django/db/models/manager.py first seen with mtime 1729230685.771803
File /Library/Frameworks/Python.framework/Versions/3.12/lib/python3.12/heapq.py first seen with mtime 1717710263.0
File /Library/Frameworks/Python.framework/Versions/3.12/lib/python3.12/heapq.py first seen with mtime 1717710263.0
File /Users/cc/Documents/CC_Self/CCHome/PAV/venv/lib/python3.12/site-packages/django/db/models/fields/mixins.py first seen with mtime 1729230685.772888
File /Users/cc/Documents/CC_Self/CCHome/PAV/venv/lib/python3.12/site-packages/django/db/models/fields/mixins.py first seen with mtime 1729230685.772888
File /Library/Frameworks/Python.framework/Versions/3.12/lib/python3.12/lib-dynload/_sha2.cpython-312-darwin.so first seen with mtime 1717710658.0
File /Library/Frameworks/Python.framework/Versions/3.12/lib/python3.12/lib-dynload/_sha2.cpython-312-darwin.so first seen with mtime 1717710658.0
File /Users/cc/Documents/CC_Self/CCHome/PAV/venv/lib/python3.12/site-packages/django/db/models/aggregates.py first seen with mtime 1729230685.7708695
File /Users/cc/Documents/CC_Self/CCHome/PAV/venv/lib/python3.12/site-packages/django/db/models/aggregates.py first seen with mtime 1729230685.7708695
File /Library/Frameworks/Python.framework/Versions/3.12/lib/python3.12/sysconfig.py first seen with mtime 1717710263.0
File /Library/Frameworks/Python.framework/Versions/3.12/lib/python3.12/sysconfig.py first seen with mtime 1717710263.0
File /Library/Frameworks/Python.framework/Versions/3.12/lib/python3.12/zoneinfo/__init__.py first seen with mtime 1717710265.0
File /Library/Frameworks/Python.framework/Versions/3.12/lib/python3.12/zoneinfo/__init__.py first seen with mtime 1717710265.0
File /Library/Frameworks/Python.framework/Versions/3.12/lib/python3.12/ssl.py first seen with mtime 1717710263.0
File /Library/Frameworks/Python.framework/Versions/3.12/lib/python3.12/ssl.py first seen with mtime 1717710263.0
File /Users/cc/Documents/CC_Self/CCHome/PAV/venv/lib/python3.12/site-packages/django/contrib/admin/templatetags/log.py first seen with mtime 1729230685.439719
File /Users/cc/Documents/CC_Self/CCHome/PAV/venv/lib/python3.12/site-packages/django/contrib/admin/templatetags/log.py first seen with mtime 1729230685.439719
File /Users/cc/Documents/CC_Self/CCHome/PAV/venv/lib/python3.12/site-packages/_cffi_backend.cpython-312-darwin.so first seen with mtime 1729230686.3738241
File /Users/cc/Documents/CC_Self/CCHome/PAV/venv/lib/python3.12/site-packages/_cffi_backend.cpython-312-darwin.so first seen with mtime 1729230686.3738241
File /Library/Frameworks/Python.framework/Versions/3.12/lib/python3.12/email/errors.py first seen with mtime 1717710264.0
File /Library/Frameworks/Python.framework/Versions/3.12/lib/python3.12/email/errors.py first seen with mtime 1717710264.0
File /Users/cc/Documents/CC_Self/CCHome/PAV/venv/lib/python3.12/site-packages/pymysql/constants/CR.py first seen with mtime 1729230683.3736193
File /Users/cc/Documents/CC_Self/CCHome/PAV/venv/lib/python3.12/site-packages/pymysql/constants/CR.py first seen with mtime 1729230683.3736193
File /Library/Frameworks/Python.framework/Versions/3.12/lib/python3.12/asyncio/futures.py first seen with mtime 1717710263.0
File /Library/Frameworks/Python.framework/Versions/3.12/lib/python3.12/asyncio/futures.py first seen with mtime 1717710263.0
File /Users/cc/Documents/CC_Self/CCHome/PAV/venv/lib/python3.12/site-packages/django/db/backends/mysql/validation.py first seen with mtime 1729230685.7657082
File /Users/cc/Documents/CC_Self/CCHome/PAV/venv/lib/python3.12/site-packages/django/db/backends/mysql/validation.py first seen with mtime 1729230685.7657082
File /Users/cc/Documents/CC_Self/CCHome/PAV/venv/lib/python3.12/site-packages/sqlparse/cli.py first seen with mtime 1729230683.2966437
File /Users/cc/Documents/CC_Self/CCHome/PAV/venv/lib/python3.12/site-packages/sqlparse/cli.py first seen with mtime 1729230683.2966437
File /Users/cc/Documents/CC_Self/CCHome/PAV/venv/lib/python3.12/site-packages/django/views/generic/dates.py first seen with mtime 1729230685.7973244
File /Users/cc/Documents/CC_Self/CCHome/PAV/venv/lib/python3.12/site-packages/django/views/generic/dates.py first seen with mtime 1729230685.7973244
File /Users/cc/Documents/CC_Self/CCHome/PAV/venv/lib/python3.12/site-packages/django/template/autoreload.py first seen with mtime 1729230685.78642
File /Users/cc/Documents/CC_Self/CCHome/PAV/venv/lib/python3.12/site-packages/django/template/autoreload.py first seen with mtime 1729230685.78642
File /Users/cc/Documents/CC_Self/CCHome/PAV/venv/lib/python3.12/site-packages/django/db/models/functions/datetime.py first seen with mtime 1729230685.7738237
File /Users/cc/Documents/CC_Self/CCHome/PAV/venv/lib/python3.12/site-packages/django/db/models/functions/datetime.py first seen with mtime 1729230685.7738237
File /Library/Frameworks/Python.framework/Versions/3.12/lib/python3.12/hashlib.py first seen with mtime 1717710263.0
File /Library/Frameworks/Python.framework/Versions/3.12/lib/python3.12/hashlib.py first seen with mtime 1717710263.0
File /Users/cc/Documents/CC_Self/CCHome/PAV/venv/lib/python3.12/site-packages/django/utils/text.py first seen with mtime 1729230685.7944584
File /Users/cc/Documents/CC_Self/CCHome/PAV/venv/lib/python3.12/site-packages/django/utils/text.py first seen with mtime 1729230685.7944584
File /Users/cc/Documents/CC_Self/CCHome/PAV/venv/lib/python3.12/site-packages/cryptography/hazmat/primitives/serialization/__init__.py first seen with mtime 1729230686.4632626
File /Users/cc/Documents/CC_Self/CCHome/PAV/venv/lib/python3.12/site-packages/cryptography/hazmat/primitives/serialization/__init__.py first seen with mtime 1729230686.4632626
File /Users/cc/Documents/CC_Self/CCHome/PAV/venv/lib/python3.12/site-packages/django/utils/safestring.py first seen with mtime 1729230685.794205
File /Users/cc/Documents/CC_Self/CCHome/PAV/venv/lib/python3.12/site-packages/django/utils/safestring.py first seen with mtime 1729230685.794205
File /Users/cc/Documents/CC_Self/CCHome/PAV/venv/lib/python3.12/site-packages/django/core/checks/templates.py first seen with mtime 1729230685.7546039
File /Users/cc/Documents/CC_Self/CCHome/PAV/venv/lib/python3.12/site-packages/django/core/checks/templates.py first seen with mtime 1729230685.7546039
File /Users/cc/Documents/CC_Self/CCHome/PAV/venv/lib/python3.12/site-packages/django/core/checks/translation.py first seen with mtime 1729230685.7546816
File /Users/cc/Documents/CC_Self/CCHome/PAV/venv/lib/python3.12/site-packages/django/core/checks/translation.py first seen with mtime 1729230685.7546816
File /Users/cc/Documents/CC_Self/CCHome/PAV/venv/lib/python3.12/site-packages/pymysql/constants/__init__.py first seen with mtime 1729230683.374087
File /Users/cc/Documents/CC_Self/CCHome/PAV/venv/lib/python3.12/site-packages/pymysql/constants/__init__.py first seen with mtime 1729230683.374087
File /Users/cc/Documents/CC_Self/CCHome/PAV/venv/lib/python3.12/site-packages/cryptography/hazmat/primitives/serialization/base.py first seen with mtime 1729230686.463702
File /Users/cc/Documents/CC_Self/CCHome/PAV/venv/lib/python3.12/site-packages/cryptography/hazmat/primitives/serialization/base.py first seen with mtime 1729230686.463702
File /Users/cc/Documents/CC_Self/CCHome/PAV/venv/lib/python3.12/site-packages/django/template/backends/base.py first seen with mtime 1729230685.7879996
File /Users/cc/Documents/CC_Self/CCHome/PAV/venv/lib/python3.12/site-packages/django/template/backends/base.py first seen with mtime 1729230685.7879996
File /Users/cc/Documents/CC_Self/CCHome/PAV/venv/lib/python3.12/site-packages/django/db/backends/base/operations.py first seen with mtime 1729230685.7640097
File /Users/cc/Documents/CC_Self/CCHome/PAV/venv/lib/python3.12/site-packages/django/db/backends/base/operations.py first seen with mtime 1729230685.7640097
File /Users/cc/Documents/CC_Self/CCHome/PAV/venv/lib/python3.12/site-packages/django/db/models/sql/constants.py first seen with mtime 1729230685.7746434
File /Users/cc/Documents/CC_Self/CCHome/PAV/venv/lib/python3.12/site-packages/django/db/models/sql/constants.py first seen with mtime 1729230685.7746434
File /Library/Frameworks/Python.framework/Versions/3.12/lib/python3.12/signal.py first seen with mtime 1717710263.0
File /Library/Frameworks/Python.framework/Versions/3.12/lib/python3.12/signal.py first seen with mtime 1717710263.0
File /Library/Frameworks/Python.framework/Versions/3.12/lib/python3.12/traceback.py first seen with mtime 1717710263.0
File /Library/Frameworks/Python.framework/Versions/3.12/lib/python3.12/traceback.py first seen with mtime 1717710263.0
File /Library/Frameworks/Python.framework/Versions/3.12/lib/python3.12/http/client.py first seen with mtime 1717710264.0
File /Library/Frameworks/Python.framework/Versions/3.12/lib/python3.12/http/client.py first seen with mtime 1717710264.0
File /Users/cc/Documents/CC_Self/CCHome/PAV/venv/lib/python3.12/site-packages/django/dispatch/dispatcher.py first seen with mtime 1729230685.775476
File /Users/cc/Documents/CC_Self/CCHome/PAV/venv/lib/python3.12/site-packages/django/dispatch/dispatcher.py first seen with mtime 1729230685.775476
File /Users/cc/Documents/CC_Self/CCHome/PAV/venv/lib/python3.12/site-packages/django/contrib/messages/api.py first seen with mtime 1729230685.6507905
File /Users/cc/Documents/CC_Self/CCHome/PAV/venv/lib/python3.12/site-packages/django/contrib/messages/api.py first seen with mtime 1729230685.6507905
File /Users/cc/Documents/CC_Self/CCHome/PAV/venv/lib/python3.12/site-packages/django/urls/resolvers.py first seen with mtime 1729230685.790753
File /Users/cc/Documents/CC_Self/CCHome/PAV/venv/lib/python3.12/site-packages/django/urls/resolvers.py first seen with mtime 1729230685.790753
File /Users/cc/Documents/CC_Self/CCHome/PAV/venv/lib/python3.12/site-packages/django/contrib/staticfiles/apps.py first seen with mtime 1729230685.7504518
File /Users/cc/Documents/CC_Self/CCHome/PAV/venv/lib/python3.12/site-packages/django/contrib/staticfiles/apps.py first seen with mtime 1729230685.7504518
File /Library/Frameworks/Python.framework/Versions/3.12/lib/python3.12/fnmatch.py first seen with mtime 1717710263.0
File /Library/Frameworks/Python.framework/Versions/3.12/lib/python3.12/fnmatch.py first seen with mtime 1717710263.0
File /Users/cc/Documents/CC_Self/CCHome/PAV/venv/lib/python3.12/site-packages/django/contrib/staticfiles/utils.py first seen with mtime 1729230685.7510722
File /Users/cc/Documents/CC_Self/CCHome/PAV/venv/lib/python3.12/site-packages/django/contrib/staticfiles/utils.py first seen with mtime 1729230685.7510722
File /Users/cc/Documents/CC_Self/CCHome/PAV/venv/lib/python3.12/site-packages/cryptography/hazmat/primitives/asymmetric/padding.py first seen with mtime 1729230686.465869
File /Users/cc/Documents/CC_Self/CCHome/PAV/venv/lib/python3.12/site-packages/cryptography/hazmat/primitives/asymmetric/padding.py first seen with mtime 1729230686.465869
File /Users/cc/Documents/CC_Self/CCHome/PAV/venv/lib/python3.12/site-packages/django/db/models/fields/__init__.py first seen with mtime 1729230685.7725182
File /Users/cc/Documents/CC_Self/CCHome/PAV/venv/lib/python3.12/site-packages/django/db/models/fields/__init__.py first seen with mtime 1729230685.7725182
File /Users/cc/Documents/CC_Self/CCHome/PAV/venv/lib/python3.12/site-packages/django/forms/boundfield.py first seen with mtime 1729230685.7758477
File /Users/cc/Documents/CC_Self/CCHome/PAV/venv/lib/python3.12/site-packages/django/forms/boundfield.py first seen with mtime 1729230685.7758477
File /Users/cc/Documents/CC_Self/CCHome/PAV/venv/lib/python3.12/site-packages/cryptography/hazmat/decrepit/ciphers/__init__.py first seen with mtime 1729230686.4614594
File /Users/cc/Documents/CC_Self/CCHome/PAV/venv/lib/python3.12/site-packages/cryptography/hazmat/decrepit/ciphers/__init__.py first seen with mtime 1729230686.4614594
File /Users/cc/Documents/CC_Self/CCHome/PAV/venv/lib/python3.12/site-packages/django/templatetags/l10n.py first seen with mtime 1729230685.789088
File /Users/cc/Documents/CC_Self/CCHome/PAV/venv/lib/python3.12/site-packages/django/templatetags/l10n.py first seen with mtime 1729230685.789088
File /Library/Frameworks/Python.framework/Versions/3.12/lib/python3.12/contextlib.py first seen with mtime 1717710263.0
File /Library/Frameworks/Python.framework/Versions/3.12/lib/python3.12/contextlib.py first seen with mtime 1717710263.0
File /Users/cc/Documents/CC_Self/CCHome/PAV/venv/lib/python3.12/site-packages/django/utils/translation/trans_real.py first seen with mtime 1729230685.7954934
File /Users/cc/Documents/CC_Self/CCHome/PAV/venv/lib/python3.12/site-packages/django/utils/translation/trans_real.py first seen with mtime 1729230685.7954934
File /Library/Frameworks/Python.framework/Versions/3.12/lib/python3.12/pkgutil.py first seen with mtime 1717710263.0
File /Library/Frameworks/Python.framework/Versions/3.12/lib/python3.12/pkgutil.py first seen with mtime 1717710263.0
File /Users/cc/Documents/CC_Self/CCHome/PAV/venv/lib/python3.12/site-packages/django/core/mail/utils.py first seen with mtime 1729230685.7577615
File /Users/cc/Documents/CC_Self/CCHome/PAV/venv/lib/python3.12/site-packages/django/core/mail/utils.py first seen with mtime 1729230685.7577615
File /Users/cc/Documents/CC_Self/CCHome/PAV/venv/lib/python3.12/site-packages/django/db/models/sql/__init__.py first seen with mtime 1729230685.774363
File /Users/cc/Documents/CC_Self/CCHome/PAV/venv/lib/python3.12/site-packages/django/db/models/sql/__init__.py first seen with mtime 1729230685.774363
File /Library/Frameworks/Python.framework/Versions/3.12/lib/python3.12/email/encoders.py first seen with mtime 1717710264.0
File /Library/Frameworks/Python.framework/Versions/3.12/lib/python3.12/email/encoders.py first seen with mtime 1717710264.0
File /Users/cc/Documents/CC_Self/CCHome/PAV/venv/lib/python3.12/site-packages/django/views/decorators/cache.py first seen with mtime 1729230685.7963343
File /Users/cc/Documents/CC_Self/CCHome/PAV/venv/lib/python3.12/site-packages/django/views/decorators/cache.py first seen with mtime 1729230685.7963343
File /Users/cc/Documents/CC_Self/CCHome/PAV/venv/lib/python3.12/site-packages/django/core/cache/__init__.py first seen with mtime 1729230685.752765
File /Users/cc/Documents/CC_Self/CCHome/PAV/venv/lib/python3.12/site-packages/django/core/cache/__init__.py first seen with mtime 1729230685.752765
File /Library/Frameworks/Python.framework/Versions/3.12/lib/python3.12/logging/handlers.py first seen with mtime 1717710265.0
File /Library/Frameworks/Python.framework/Versions/3.12/lib/python3.12/logging/handlers.py first seen with mtime 1717710265.0
File /Users/cc/Documents/CC_Self/CCHome/PAV/venv/lib/python3.12/site-packages/cryptography/hazmat/primitives/_cipheralgorithm.py first seen with mtime 1729230686.4640193
File /Users/cc/Documents/CC_Self/CCHome/PAV/venv/lib/python3.12/site-packages/cryptography/hazmat/primitives/_cipheralgorithm.py first seen with mtime 1729230686.4640193
File /Users/cc/Documents/CC_Self/CCHome/PAV/venv/lib/python3.12/site-packages/django/template/defaultfilters.py first seen with mtime 1729230685.7868505
File /Users/cc/Documents/CC_Self/CCHome/PAV/venv/lib/python3.12/site-packages/django/template/defaultfilters.py first seen with mtime 1729230685.7868505
File /Library/Frameworks/Python.framework/Versions/3.12/lib/python3.12/calendar.py first seen with mtime 1717710263.0
File /Library/Frameworks/Python.framework/Versions/3.12/lib/python3.12/calendar.py first seen with mtime 1717710263.0
File /Users/cc/Documents/CC_Self/CCHome/PAV/venv/lib/python3.12/site-packages/django/utils/log.py first seen with mtime 1729230685.7936847
File /Users/cc/Documents/CC_Self/CCHome/PAV/venv/lib/python3.12/site-packages/django/utils/log.py first seen with mtime 1729230685.7936847
File /Users/cc/Documents/CC_Self/CCHome/PAV/venv/lib/python3.12/site-packages/django/core/files/utils.py first seen with mtime 1729230685.7561343
File /Users/cc/Documents/CC_Self/CCHome/PAV/venv/lib/python3.12/site-packages/django/core/files/utils.py first seen with mtime 1729230685.7561343
File /Users/cc/Documents/CC_Self/CCHome/PAV/venv/lib/python3.12/site-packages/django/db/models/sql/query.py first seen with mtime 1729230685.7749624
File /Users/cc/Documents/CC_Self/CCHome/PAV/venv/lib/python3.12/site-packages/django/db/models/sql/query.py first seen with mtime 1729230685.7749624
File /Users/cc/Documents/CC_Self/CCHome/PAV/venv/lib/python3.12/site-packages/PIL/_typing.py first seen with mtime 1729230684.2872758
File /Users/cc/Documents/CC_Self/CCHome/PAV/venv/lib/python3.12/site-packages/PIL/_typing.py first seen with mtime 1729230684.2872758
File /Users/cc/Documents/CC_Self/CCHome/PAV/venv/lib/python3.12/site-packages/django/http/multipartparser.py first seen with mtime 1729230685.7850459
File /Users/cc/Documents/CC_Self/CCHome/PAV/venv/lib/python3.12/site-packages/django/http/multipartparser.py first seen with mtime 1729230685.7850459
File /Users/cc/Documents/CC_Self/CCHome/PAV/venv/lib/python3.12/site-packages/django/template/loader.py first seen with mtime 1729230685.7874103
File /Users/cc/Documents/CC_Self/CCHome/PAV/venv/lib/python3.12/site-packages/django/template/loader.py first seen with mtime 1729230685.7874103
File /Library/Frameworks/Python.framework/Versions/3.12/lib/python3.12/_osx_support.py first seen with mtime 1717710263.0
File /Library/Frameworks/Python.framework/Versions/3.12/lib/python3.12/_osx_support.py first seen with mtime 1717710263.0
File /Users/cc/Documents/CC_Self/CCHome/PAV/venv/lib/python3.12/site-packages/django/core/handlers/wsgi.py first seen with mtime 1729230685.757446
File /Users/cc/Documents/CC_Self/CCHome/PAV/venv/lib/python3.12/site-packages/django/core/handlers/wsgi.py first seen with mtime 1729230685.757446
File /Users/cc/Documents/CC_Self/CCHome/PAV/venv/lib/python3.12/site-packages/django/core/files/storage/base.py first seen with mtime 1729230685.7563756
File /Users/cc/Documents/CC_Self/CCHome/PAV/venv/lib/python3.12/site-packages/django/core/files/storage/base.py first seen with mtime 1729230685.7563756
File /Library/Frameworks/Python.framework/Versions/3.12/lib/python3.12/asyncio/tasks.py first seen with mtime 1717710263.0
File /Library/Frameworks/Python.framework/Versions/3.12/lib/python3.12/asyncio/tasks.py first seen with mtime 1717710263.0
File /Users/cc/Documents/CC_Self/CCHome/PAV/venv/lib/python3.12/site-packages/django/templatetags/__init__.py first seen with mtime 1729230685.7888267
File /Users/cc/Documents/CC_Self/CCHome/PAV/venv/lib/python3.12/site-packages/django/templatetags/__init__.py first seen with mtime 1729230685.7888267
File /Users/cc/Documents/CC_Self/CCHome/PAV/f_proc/forms.py first seen with mtime 1726389826.7067485
File /Users/cc/Documents/CC_Self/CCHome/PAV/f_proc/forms.py first seen with mtime 1726389826.7067485
File /Library/Frameworks/Python.framework/Versions/3.12/lib/python3.12/email/policy.py first seen with mtime 1717710264.0
File /Library/Frameworks/Python.framework/Versions/3.12/lib/python3.12/email/policy.py first seen with mtime 1717710264.0
File /Library/Frameworks/Python.framework/Versions/3.12/lib/python3.12/operator.py first seen with mtime 1717710263.0
File /Library/Frameworks/Python.framework/Versions/3.12/lib/python3.12/operator.py first seen with mtime 1717710263.0
File /Library/Frameworks/Python.framework/Versions/3.12/lib/python3.12/email/mime/nonmultipart.py first seen with mtime 1717710264.0
File /Library/Frameworks/Python.framework/Versions/3.12/lib/python3.12/email/mime/nonmultipart.py first seen with mtime 1717710264.0
File /Users/cc/Documents/CC_Self/CCHome/PAV/venv/lib/python3.12/site-packages/django/__init__.py first seen with mtime 1729230685.3238096
File /Users/cc/Documents/CC_Self/CCHome/PAV/venv/lib/python3.12/site-packages/django/__init__.py first seen with mtime 1729230685.3238096
File /Users/cc/Documents/CC_Self/CCHome/PAV/venv/lib/python3.12/site-packages/cryptography/hazmat/__init__.py first seen with mtime 1729230686.4618795
File /Users/cc/Documents/CC_Self/CCHome/PAV/venv/lib/python3.12/site-packages/cryptography/hazmat/__init__.py first seen with mtime 1729230686.4618795
File /Library/Frameworks/Python.framework/Versions/3.12/lib/python3.12/enum.py first seen with mtime 1717710263.0
File /Library/Frameworks/Python.framework/Versions/3.12/lib/python3.12/enum.py first seen with mtime 1717710263.0
File /Users/cc/Documents/CC_Self/CCHome/PAV/venv/lib/python3.12/site-packages/PIL/__init__.py first seen with mtime 1729230684.2895617
File /Users/cc/Documents/CC_Self/CCHome/PAV/venv/lib/python3.12/site-packages/PIL/__init__.py first seen with mtime 1729230684.2895617
File /Users/cc/Documents/CC_Self/CCHome/PAV/venv/lib/python3.12/site-packages/asgiref/local.py first seen with mtime 1729230684.9766097
File /Users/cc/Documents/CC_Self/CCHome/PAV/venv/lib/python3.12/site-packages/asgiref/local.py first seen with mtime 1729230684.9766097
File /Users/cc/Documents/CC_Self/CCHome/PAV/venv/lib/python3.12/site-packages/pymysql/constants/ER.py first seen with mtime 1729230683.373757
File /Users/cc/Documents/CC_Self/CCHome/PAV/venv/lib/python3.12/site-packages/pymysql/constants/ER.py first seen with mtime 1729230683.373757
File /Users/cc/Documents/CC_Self/CCHome/PAV/venv/lib/python3.12/site-packages/django/core/files/storage/__init__.py first seen with mtime 1729230685.756256
File /Users/cc/Documents/CC_Self/CCHome/PAV/venv/lib/python3.12/site-packages/django/core/files/storage/__init__.py first seen with mtime 1729230685.756256
File /Users/cc/Documents/CC_Self/CCHome/PAV/venv/lib/python3.12/site-packages/django/contrib/admin/helpers.py first seen with mtime 1729230685.3701496
File /Users/cc/Documents/CC_Self/CCHome/PAV/venv/lib/python3.12/site-packages/django/contrib/admin/helpers.py first seen with mtime 1729230685.3701496
File /Users/cc/Documents/CC_Self/CCHome/PAV/venv/lib/python3.12/site-packages/django/views/decorators/common.py first seen with mtime 1729230685.7964878
File /Users/cc/Documents/CC_Self/CCHome/PAV/venv/lib/python3.12/site-packages/django/views/decorators/common.py first seen with mtime 1729230685.7964878
File /Users/cc/Documents/CC_Self/CCHome/PAV/venv/lib/python3.12/site-packages/cffi/lock.py first seen with mtime 1729230686.3760674
File /Users/cc/Documents/CC_Self/CCHome/PAV/venv/lib/python3.12/site-packages/cffi/lock.py first seen with mtime 1729230686.3760674
File /Users/cc/Documents/CC_Self/CCHome/PAV/venv/lib/python3.12/site-packages/django/core/__init__.py first seen with mtime 1729230685.7519572
File /Users/cc/Documents/CC_Self/CCHome/PAV/venv/lib/python3.12/site-packages/django/core/__init__.py first seen with mtime 1729230685.7519572
File /Users/cc/Documents/CC_Self/CCHome/PAV/venv/lib/python3.12/site-packages/django/core/files/storage/filesystem.py first seen with mtime 1729230685.7564917
File /Users/cc/Documents/CC_Self/CCHome/PAV/venv/lib/python3.12/site-packages/django/core/files/storage/filesystem.py first seen with mtime 1729230685.7564917
File /Library/Frameworks/Python.framework/Versions/3.12/lib/python3.12/asyncio/threads.py first seen with mtime 1717710263.0
File /Library/Frameworks/Python.framework/Versions/3.12/lib/python3.12/asyncio/threads.py first seen with mtime 1717710263.0
File /Users/cc/Documents/CC_Self/CCHome/PAV/venv/lib/python3.12/site-packages/django/core/cache/backends/base.py first seen with mtime 1729230685.7531197
File /Users/cc/Documents/CC_Self/CCHome/PAV/venv/lib/python3.12/site-packages/django/core/cache/backends/base.py first seen with mtime 1729230685.7531197
File /Library/Frameworks/Python.framework/Versions/3.12/lib/python3.12/_compat_pickle.py first seen with mtime 1717710263.0
File /Library/Frameworks/Python.framework/Versions/3.12/lib/python3.12/_compat_pickle.py first seen with mtime 1717710263.0
File /Library/Frameworks/Python.framework/Versions/3.12/lib/python3.12/weakref.py first seen with mtime 1717710263.0
File /Library/Frameworks/Python.framework/Versions/3.12/lib/python3.12/weakref.py first seen with mtime 1717710263.0
File /Users/cc/Documents/CC_Self/CCHome/PAV/venv/lib/python3.12/site-packages/django/utils/ipv6.py first seen with mtime 1729230685.7934062
File /Users/cc/Documents/CC_Self/CCHome/PAV/venv/lib/python3.12/site-packages/django/utils/ipv6.py first seen with mtime 1729230685.7934062
File /Users/cc/Documents/CC_Self/CCHome/PAV/venv/lib/python3.12/site-packages/django/urls/utils.py first seen with mtime 1729230685.790832
File /Users/cc/Documents/CC_Self/CCHome/PAV/venv/lib/python3.12/site-packages/django/urls/utils.py first seen with mtime 1729230685.790832
File /Users/cc/Documents/CC_Self/CCHome/PAV/venv/lib/python3.12/site-packages/django/contrib/contenttypes/apps.py first seen with mtime 1729230685.5340874
File /Users/cc/Documents/CC_Self/CCHome/PAV/venv/lib/python3.12/site-packages/django/contrib/contenttypes/apps.py first seen with mtime 1729230685.5340874
File /Library/Frameworks/Python.framework/Versions/3.12/lib/python3.12/http/__init__.py first seen with mtime 1717710264.0
File /Library/Frameworks/Python.framework/Versions/3.12/lib/python3.12/http/__init__.py first seen with mtime 1717710264.0
File /Users/cc/Documents/CC_Self/CCHome/PAV/venv/lib/python3.12/site-packages/django/utils/dateformat.py first seen with mtime 1729230685.791824
File /Users/cc/Documents/CC_Self/CCHome/PAV/venv/lib/python3.12/site-packages/django/utils/dateformat.py first seen with mtime 1729230685.791824
File /Library/Frameworks/Python.framework/Versions/3.12/lib/python3.12/lib-dynload/math.cpython-312-darwin.so first seen with mtime 1717710662.0
File /Library/Frameworks/Python.framework/Versions/3.12/lib/python3.12/lib-dynload/math.cpython-312-darwin.so first seen with mtime 1717710662.0
File /Users/cc/Documents/CC_Self/CCHome/PAV/venv/lib/python3.12/site-packages/django/db/backends/mysql/features.py first seen with mtime 1729230685.7652547
File /Users/cc/Documents/CC_Self/CCHome/PAV/venv/lib/python3.12/site-packages/django/db/backends/mysql/features.py first seen with mtime 1729230685.7652547
File /Users/cc/Documents/CC_Self/CCHome/PAV/venv/lib/python3.12/site-packages/django/core/files/storage/handler.py first seen with mtime 1729230685.756579
File /Users/cc/Documents/CC_Self/CCHome/PAV/venv/lib/python3.12/site-packages/django/core/files/storage/handler.py first seen with mtime 1729230685.756579
File /Library/Frameworks/Python.framework/Versions/3.12/lib/python3.12/linecache.py first seen with mtime 1717710263.0
File /Library/Frameworks/Python.framework/Versions/3.12/lib/python3.12/linecache.py first seen with mtime 1717710263.0
File /Users/cc/Documents/CC_Self/CCHome/PAV/venv/lib/python3.12/site-packages/django/contrib/contenttypes/admin.py first seen with mtime 1729230685.5340116
File /Users/cc/Documents/CC_Self/CCHome/PAV/venv/lib/python3.12/site-packages/django/contrib/contenttypes/admin.py first seen with mtime 1729230685.5340116
File /Users/cc/Documents/CC_Self/CCHome/PAV/venv/lib/python3.12/site-packages/django/template/engine.py first seen with mtime 1729230685.7871168
File /Users/cc/Documents/CC_Self/CCHome/PAV/venv/lib/python3.12/site-packages/django/template/engine.py first seen with mtime 1729230685.7871168
File /Users/cc/Documents/CC_Self/CCHome/PAV/venv/lib/python3.12/site-packages/django/db/backends/signals.py first seen with mtime 1729230685.7630625
File /Users/cc/Documents/CC_Self/CCHome/PAV/venv/lib/python3.12/site-packages/django/db/backends/signals.py first seen with mtime 1729230685.7630625
File /Users/cc/Documents/CC_Self/CCHome/PAV/venv/lib/python3.12/site-packages/django/db/models/__init__.py first seen with mtime 1729230685.7707698
File /Users/cc/Documents/CC_Self/CCHome/PAV/venv/lib/python3.12/site-packages/django/db/models/__init__.py first seen with mtime 1729230685.7707698
File /Users/cc/Documents/CC_Self/CCHome/PAV/venv/lib/python3.12/site-packages/django/contrib/admin/widgets.py first seen with mtime 1729230685.3709102
File /Users/cc/Documents/CC_Self/CCHome/PAV/venv/lib/python3.12/site-packages/django/contrib/admin/widgets.py first seen with mtime 1729230685.3709102
File /Library/Frameworks/Python.framework/Versions/3.12/lib/python3.12/asyncio/locks.py first seen with mtime 1717710263.0
File /Library/Frameworks/Python.framework/Versions/3.12/lib/python3.12/asyncio/locks.py first seen with mtime 1717710263.0
File /Users/cc/Documents/CC_Self/CCHome/PAV/venv/lib/python3.12/site-packages/django/core/handlers/exception.py first seen with mtime 1729230685.7573338
File /Users/cc/Documents/CC_Self/CCHome/PAV/venv/lib/python3.12/site-packages/django/core/handlers/exception.py first seen with mtime 1729230685.7573338
File /Library/Frameworks/Python.framework/Versions/3.12/lib/python3.12/graphlib.py first seen with mtime 1717710263.0
File /Library/Frameworks/Python.framework/Versions/3.12/lib/python3.12/graphlib.py first seen with mtime 1717710263.0
File /Users/cc/Documents/CC_Self/CCHome/PAV/venv/lib/python3.12/site-packages/django/urls/exceptions.py first seen with mtime 1729230685.7906516
File /Users/cc/Documents/CC_Self/CCHome/PAV/venv/lib/python3.12/site-packages/django/urls/exceptions.py first seen with mtime 1729230685.7906516
File /Users/cc/Documents/CC_Self/CCHome/PAV/venv/lib/python3.12/site-packages/django/db/transaction.py first seen with mtime 1729230685.7627
File /Users/cc/Documents/CC_Self/CCHome/PAV/venv/lib/python3.12/site-packages/django/db/transaction.py first seen with mtime 1729230685.7627
File /Users/cc/Documents/CC_Self/CCHome/PAV/venv/lib/python3.12/site-packages/django/core/checks/security/csrf.py first seen with mtime 1729230685.7551794
File /Users/cc/Documents/CC_Self/CCHome/PAV/venv/lib/python3.12/site-packages/django/core/checks/security/csrf.py first seen with mtime 1729230685.7551794
File /Users/cc/Documents/CC_Self/CCHome/PAV/venv/lib/python3.12/site-packages/django/db/models/functions/comparison.py first seen with mtime 1729230685.7736762
File /Users/cc/Documents/CC_Self/CCHome/PAV/venv/lib/python3.12/site-packages/django/db/models/functions/comparison.py first seen with mtime 1729230685.7736762
File /Users/cc/Documents/CC_Self/CCHome/PAV/venv/lib/python3.12/site-packages/cryptography/hazmat/primitives/serialization/ssh.py first seen with mtime 1729230686.4636195
File /Users/cc/Documents/CC_Self/CCHome/PAV/venv/lib/python3.12/site-packages/cryptography/hazmat/primitives/serialization/ssh.py first seen with mtime 1729230686.4636195
File /Library/Frameworks/Python.framework/Versions/3.12/lib/python3.12/asyncio/runners.py first seen with mtime 1717710263.0
File /Library/Frameworks/Python.framework/Versions/3.12/lib/python3.12/asyncio/runners.py first seen with mtime 1717710263.0
File /Library/Frameworks/Python.framework/Versions/3.12/lib/python3.12/lib-dynload/_hashlib.cpython-312-darwin.so first seen with mtime 1717710655.0
File /Library/Frameworks/Python.framework/Versions/3.12/lib/python3.12/lib-dynload/_hashlib.cpython-312-darwin.so first seen with mtime 1717710655.0
File /Library/Frameworks/Python.framework/Versions/3.12/lib/python3.12/pprint.py first seen with mtime 1717710263.0
File /Library/Frameworks/Python.framework/Versions/3.12/lib/python3.12/pprint.py first seen with mtime 1717710263.0
File /Users/cc/Documents/CC_Self/CCHome/PAV/venv/lib/python3.12/site-packages/django/core/checks/model_checks.py first seen with mtime 1729230685.7544498
File /Users/cc/Documents/CC_Self/CCHome/PAV/venv/lib/python3.12/site-packages/django/core/checks/model_checks.py first seen with mtime 1729230685.7544498
File /Users/cc/Documents/CC_Self/CCHome/PAV/venv/lib/python3.12/site-packages/django/http/request.py first seen with mtime 1729230685.7851624
File /Users/cc/Documents/CC_Self/CCHome/PAV/venv/lib/python3.12/site-packages/django/http/request.py first seen with mtime 1729230685.7851624
File /Library/Frameworks/Python.framework/Versions/3.12/lib/python3.12/asyncio/unix_events.py first seen with mtime 1717710263.0
File /Library/Frameworks/Python.framework/Versions/3.12/lib/python3.12/asyncio/unix_events.py first seen with mtime 1717710263.0
File /Users/cc/Documents/CC_Self/CCHome/PAV/venv/lib/python3.12/site-packages/django/forms/utils.py first seen with mtime 1729230685.776513
File /Users/cc/Documents/CC_Self/CCHome/PAV/venv/lib/python3.12/site-packages/django/forms/utils.py first seen with mtime 1729230685.776513
File /Users/cc/Documents/CC_Self/CCHome/PAV/venv/lib/python3.12/site-packages/pymysql/__init__.py first seen with mtime 1729230683.3723307
File /Users/cc/Documents/CC_Self/CCHome/PAV/venv/lib/python3.12/site-packages/pymysql/__init__.py first seen with mtime 1729230683.3723307
File /Users/cc/Documents/CC_Self/CCHome/PAV/venv/lib/python3.12/site-packages/django/contrib/auth/apps.py first seen with mtime 1729230685.4691043
File /Users/cc/Documents/CC_Self/CCHome/PAV/venv/lib/python3.12/site-packages/django/contrib/auth/apps.py first seen with mtime 1729230685.4691043
File /Users/cc/Documents/CC_Self/CCHome/PAV/venv/lib/python3.12/site-packages/pymysql/constants/SERVER_STATUS.py first seen with mtime 1729230683.3740225
File /Users/cc/Documents/CC_Self/CCHome/PAV/venv/lib/python3.12/site-packages/pymysql/constants/SERVER_STATUS.py first seen with mtime 1729230683.3740225
File /Users/cc/Documents/CC_Self/CCHome/PAV/venv/lib/python3.12/site-packages/django/urls/base.py first seen with mtime 1729230685.7904277
File /Users/cc/Documents/CC_Self/CCHome/PAV/venv/lib/python3.12/site-packages/django/urls/base.py first seen with mtime 1729230685.7904277
File /Users/cc/Documents/CC_Self/CCHome/PAV/f_proc/fproc.py first seen with mtime 1729421393.6353848
File /Users/cc/Documents/CC_Self/CCHome/PAV/f_proc/fproc.py first seen with mtime 1729421393.6353848
File /Library/Frameworks/Python.framework/Versions/3.12/lib/python3.12/pickle.py first seen with mtime 1717710263.0
File /Library/Frameworks/Python.framework/Versions/3.12/lib/python3.12/pickle.py first seen with mtime 1717710263.0
File /Users/cc/Documents/CC_Self/CCHome/PAV/venv/lib/python3.12/site-packages/django/contrib/messages/constants.py first seen with mtime 1729230685.6509385
File /Users/cc/Documents/CC_Self/CCHome/PAV/venv/lib/python3.12/site-packages/django/contrib/messages/constants.py first seen with mtime 1729230685.6509385
File /Users/cc/Documents/CC_Self/CCHome/PAV/venv/lib/python3.12/site-packages/django/urls/converters.py first seen with mtime 1729230685.7905824
File /Users/cc/Documents/CC_Self/CCHome/PAV/venv/lib/python3.12/site-packages/django/urls/converters.py first seen with mtime 1729230685.7905824
File /Users/cc/Documents/CC_Self/CCHome/PAV/venv/lib/python3.12/site-packages/django/template/defaulttags.py first seen with mtime 1729230685.7869961
File /Users/cc/Documents/CC_Self/CCHome/PAV/venv/lib/python3.12/site-packages/django/template/defaulttags.py first seen with mtime 1729230685.7869961
File /Users/cc/Documents/CC_Self/CCHome/PAV/venv/lib/python3.12/site-packages/django/contrib/contenttypes/views.py first seen with mtime 1729230685.5346522
File /Users/cc/Documents/CC_Self/CCHome/PAV/venv/lib/python3.12/site-packages/django/contrib/contenttypes/views.py first seen with mtime 1729230685.5346522
File /Library/Frameworks/Python.framework/Versions/3.12/lib/python3.12/lib-dynload/_bisect.cpython-312-darwin.so first seen with mtime 1717710652.0
File /Library/Frameworks/Python.framework/Versions/3.12/lib/python3.12/lib-dynload/_bisect.cpython-312-darwin.so first seen with mtime 1717710652.0
File /Library/Frameworks/Python.framework/Versions/3.12/lib/python3.12/asyncio/base_tasks.py first seen with mtime 1717710263.0
File /Library/Frameworks/Python.framework/Versions/3.12/lib/python3.12/asyncio/base_tasks.py first seen with mtime 1717710263.0
File /Users/cc/Documents/CC_Self/CCHome/PAV/venv/lib/python3.12/site-packages/django/db/migrations/exceptions.py first seen with mtime 1729230685.7690003
File /Users/cc/Documents/CC_Self/CCHome/PAV/venv/lib/python3.12/site-packages/django/db/migrations/exceptions.py first seen with mtime 1729230685.7690003
File /Users/cc/Documents/CC_Self/CCHome/PAV/venv/lib/python3.12/site-packages/sqlparse/sql.py first seen with mtime 1729230683.2971091
File /Users/cc/Documents/CC_Self/CCHome/PAV/venv/lib/python3.12/site-packages/sqlparse/sql.py first seen with mtime 1729230683.2971091
File /Users/cc/Documents/CC_Self/CCHome/PAV/venv/lib/python3.12/site-packages/sqlparse/filters/right_margin.py first seen with mtime 1729230683.2982407
File /Users/cc/Documents/CC_Self/CCHome/PAV/venv/lib/python3.12/site-packages/sqlparse/filters/right_margin.py first seen with mtime 1729230683.2982407
File /Users/cc/Documents/CC_Self/CCHome/PAV/venv/lib/python3.12/site-packages/django/conf/global_settings.py first seen with mtime 1729230685.3245976
File /Users/cc/Documents/CC_Self/CCHome/PAV/venv/lib/python3.12/site-packages/django/conf/global_settings.py first seen with mtime 1729230685.3245976
File /Users/cc/Documents/CC_Self/CCHome/PAV/venv/lib/python3.12/site-packages/django/utils/regex_helper.py first seen with mtime 1729230685.7941241
File /Users/cc/Documents/CC_Self/CCHome/PAV/venv/lib/python3.12/site-packages/django/utils/regex_helper.py first seen with mtime 1729230685.7941241
File /Users/cc/Documents/CC_Self/CCHome/PAV/venv/lib/python3.12/site-packages/django/core/mail/message.py first seen with mtime 1729230685.7576885
File /Users/cc/Documents/CC_Self/CCHome/PAV/venv/lib/python3.12/site-packages/django/core/mail/message.py first seen with mtime 1729230685.7576885
File /Users/cc/Documents/CC_Self/CCHome/PAV/venv/lib/python3.12/site-packages/django/http/cookie.py first seen with mtime 1729230685.7849295
File /Users/cc/Documents/CC_Self/CCHome/PAV/venv/lib/python3.12/site-packages/django/http/cookie.py first seen with mtime 1729230685.7849295
File /Library/Frameworks/Python.framework/Versions/3.12/lib/python3.12/types.py first seen with mtime 1717710263.0
File /Library/Frameworks/Python.framework/Versions/3.12/lib/python3.12/types.py first seen with mtime 1717710263.0
File /Users/cc/Documents/CC_Self/CCHome/PAV/venv/lib/python3.12/site-packages/cryptography/utils.py first seen with mtime 1729230686.470854
File /Users/cc/Documents/CC_Self/CCHome/PAV/venv/lib/python3.12/site-packages/cryptography/utils.py first seen with mtime 1729230686.470854
File /Users/cc/Documents/CC_Self/CCHome/PAV/venv/lib/python3.12/site-packages/django/utils/http.py first seen with mtime 1729230685.7932384
File /Users/cc/Documents/CC_Self/CCHome/PAV/venv/lib/python3.12/site-packages/django/utils/http.py first seen with mtime 1729230685.7932384
File /Users/cc/Documents/CC_Self/CCHome/PAV/venv/lib/python3.12/site-packages/django/forms/renderers.py first seen with mtime 1729230685.776416
File /Users/cc/Documents/CC_Self/CCHome/PAV/venv/lib/python3.12/site-packages/django/forms/renderers.py first seen with mtime 1729230685.776416
File /Library/Frameworks/Python.framework/Versions/3.12/lib/python3.12/getpass.py first seen with mtime 1717710263.0
File /Library/Frameworks/Python.framework/Versions/3.12/lib/python3.12/getpass.py first seen with mtime 1717710263.0
File /Users/cc/Documents/CC_Self/CCHome/PAV/venv/lib/python3.12/site-packages/django/template/loaders/filesystem.py first seen with mtime 1729230685.7886918
File /Users/cc/Documents/CC_Self/CCHome/PAV/venv/lib/python3.12/site-packages/django/template/loaders/filesystem.py first seen with mtime 1729230685.7886918
File /Library/Frameworks/Python.framework/Versions/3.12/lib/python3.12/textwrap.py first seen with mtime 1717710263.0
File /Library/Frameworks/Python.framework/Versions/3.12/lib/python3.12/textwrap.py first seen with mtime 1717710263.0
File /Users/cc/Documents/CC_Self/CCHome/PAV/venv/lib/python3.12/site-packages/django/template/exceptions.py first seen with mtime 1729230685.787196
File /Users/cc/Documents/CC_Self/CCHome/PAV/venv/lib/python3.12/site-packages/django/template/exceptions.py first seen with mtime 1729230685.787196
File /Library/Frameworks/Python.framework/Versions/3.12/lib/python3.12/lib-dynload/_pickle.cpython-312-darwin.so first seen with mtime 1717710657.0
File /Library/Frameworks/Python.framework/Versions/3.12/lib/python3.12/lib-dynload/_pickle.cpython-312-darwin.so first seen with mtime 1717710657.0
File /Users/cc/Documents/CC_Self/CCHome/PAV/venv/lib/python3.12/site-packages/django/urls/__init__.py first seen with mtime 1729230685.7903202
File /Users/cc/Documents/CC_Self/CCHome/PAV/venv/lib/python3.12/site-packages/django/urls/__init__.py first seen with mtime 1729230685.7903202
File /Library/Frameworks/Python.framework/Versions/3.12/lib/python3.12/struct.py first seen with mtime 1717710263.0
File /Library/Frameworks/Python.framework/Versions/3.12/lib/python3.12/struct.py first seen with mtime 1717710263.0
File /Library/Frameworks/Python.framework/Versions/3.12/lib/python3.12/quopri.py first seen with mtime 1717710263.0
File /Library/Frameworks/Python.framework/Versions/3.12/lib/python3.12/quopri.py first seen with mtime 1717710263.0
File /Users/cc/Documents/CC_Self/CCHome/PAV/venv/lib/python3.12/site-packages/django/core/checks/security/base.py first seen with mtime 1729230685.755103
File /Users/cc/Documents/CC_Self/CCHome/PAV/venv/lib/python3.12/site-packages/django/core/checks/security/base.py first seen with mtime 1729230685.755103
File /Library/Frameworks/Python.framework/Versions/3.12/lib/python3.12/reprlib.py first seen with mtime 1717710263.0
File /Library/Frameworks/Python.framework/Versions/3.12/lib/python3.12/reprlib.py first seen with mtime 1717710263.0
File /Library/Frameworks/Python.framework/Versions/3.12/lib/python3.12/collections/abc.py first seen with mtime 1717710264.0
File /Library/Frameworks/Python.framework/Versions/3.12/lib/python3.12/collections/abc.py first seen with mtime 1717710264.0
File /Library/Frameworks/Python.framework/Versions/3.12/lib/python3.12/socketserver.py first seen with mtime 1717710263.0
File /Library/Frameworks/Python.framework/Versions/3.12/lib/python3.12/socketserver.py first seen with mtime 1717710263.0
File /Library/Frameworks/Python.framework/Versions/3.12/lib/python3.12/tokenize.py first seen with mtime 1717710263.0
File /Library/Frameworks/Python.framework/Versions/3.12/lib/python3.12/tokenize.py first seen with mtime 1717710263.0
File /Users/cc/Documents/CC_Self/CCHome/PAV/venv/lib/python3.12/site-packages/django/core/files/storage/memory.py first seen with mtime 1729230685.7567112
File /Users/cc/Documents/CC_Self/CCHome/PAV/venv/lib/python3.12/site-packages/django/core/files/storage/memory.py first seen with mtime 1729230685.7567112
File /Users/cc/Documents/CC_Self/CCHome/PAV/venv/lib/python3.12/site-packages/django/db/models/fields/proxy.py first seen with mtime 1729230685.772959
File /Users/cc/Documents/CC_Self/CCHome/PAV/venv/lib/python3.12/site-packages/django/db/models/fields/proxy.py first seen with mtime 1729230685.772959
File /Library/Frameworks/Python.framework/Versions/3.12/lib/python3.12/pathlib.py first seen with mtime 1717710263.0
File /Library/Frameworks/Python.framework/Versions/3.12/lib/python3.12/pathlib.py first seen with mtime 1717710263.0
File /Users/cc/Documents/CC_Self/CCHome/PAV/venv/lib/python3.12/site-packages/django/contrib/auth/management/__init__.py first seen with mtime 1729230685.5320625
File /Users/cc/Documents/CC_Self/CCHome/PAV/venv/lib/python3.12/site-packages/django/contrib/auth/management/__init__.py first seen with mtime 1729230685.5320625
File /Users/cc/Documents/CC_Self/CCHome/PAV/venv/lib/python3.12/site-packages/django/conf/__init__.py first seen with mtime 1729230685.3244936
File /Users/cc/Documents/CC_Self/CCHome/PAV/venv/lib/python3.12/site-packages/django/conf/__init__.py first seen with mtime 1729230685.3244936
File /Users/cc/Documents/CC_Self/CCHome/PAV/venv/lib/python3.12/site-packages/django/templatetags/static.py first seen with mtime 1729230685.7891839
File /Users/cc/Documents/CC_Self/CCHome/PAV/venv/lib/python3.12/site-packages/django/templatetags/static.py first seen with mtime 1729230685.7891839
File /Users/cc/Documents/CC_Self/CCHome/PAV/venv/lib/python3.12/site-packages/django/views/i18n.py first seen with mtime 1729230685.7960138
File /Users/cc/Documents/CC_Self/CCHome/PAV/venv/lib/python3.12/site-packages/django/views/i18n.py first seen with mtime 1729230685.7960138
File /Users/cc/Documents/CC_Self/CCHome/PAV/venv/lib/python3.12/site-packages/django/core/files/__init__.py first seen with mtime 1729230685.7553632
File /Users/cc/Documents/CC_Self/CCHome/PAV/venv/lib/python3.12/site-packages/django/core/files/__init__.py first seen with mtime 1729230685.7553632
File /Users/cc/Documents/CC_Self/CCHome/PAV/venv/lib/python3.12/site-packages/django/utils/version.py first seen with mtime 1729230685.794849
File /Users/cc/Documents/CC_Self/CCHome/PAV/venv/lib/python3.12/site-packages/django/utils/version.py first seen with mtime 1729230685.794849
File /Users/cc/Documents/CC_Self/CCHome/PAV/venv/lib/python3.12/site-packages/pymysql/charset.py first seen with mtime 1729230683.3725646
File /Users/cc/Documents/CC_Self/CCHome/PAV/venv/lib/python3.12/site-packages/pymysql/charset.py first seen with mtime 1729230683.3725646
File /Users/cc/Documents/CC_Self/CCHome/PAV/venv/lib/python3.12/site-packages/django/utils/_os.py first seen with mtime 1729230685.7909808
File /Users/cc/Documents/CC_Self/CCHome/PAV/venv/lib/python3.12/site-packages/django/utils/_os.py first seen with mtime 1729230685.7909808
File /Library/Frameworks/Python.framework/Versions/3.12/lib/python3.12/asyncio/__init__.py first seen with mtime 1717710263.0
File /Library/Frameworks/Python.framework/Versions/3.12/lib/python3.12/asyncio/__init__.py first seen with mtime 1717710263.0
File /Users/cc/Documents/CC_Self/CCHome/PAV/venv/lib/python3.12/site-packages/django/contrib/staticfiles/management/commands/__init__.py first seen with mtime 1729230685.7513
File /Users/cc/Documents/CC_Self/CCHome/PAV/venv/lib/python3.12/site-packages/django/contrib/staticfiles/management/commands/__init__.py first seen with mtime 1729230685.7513
File /Users/cc/Documents/CC_Self/CCHome/PAV/venv/lib/python3.12/site-packages/django/apps/__init__.py first seen with mtime 1729230685.3241076
File /Users/cc/Documents/CC_Self/CCHome/PAV/venv/lib/python3.12/site-packages/django/apps/__init__.py first seen with mtime 1729230685.3241076
File /Users/cc/Documents/CC_Self/CCHome/PAV/venv/lib/python3.12/site-packages/sqlparse/filters/output.py first seen with mtime 1729230683.2980576
File /Users/cc/Documents/CC_Self/CCHome/PAV/venv/lib/python3.12/site-packages/sqlparse/filters/output.py first seen with mtime 1729230683.2980576
File /Users/cc/Documents/CC_Self/CCHome/PAV/venv/lib/python3.12/site-packages/sqlparse/lexer.py first seen with mtime 1729230683.2970243
File /Users/cc/Documents/CC_Self/CCHome/PAV/venv/lib/python3.12/site-packages/sqlparse/lexer.py first seen with mtime 1729230683.2970243
File /Library/Frameworks/Python.framework/Versions/3.12/lib/python3.12/uuid.py first seen with mtime 1717710263.0
File /Library/Frameworks/Python.framework/Versions/3.12/lib/python3.12/uuid.py first seen with mtime 1717710263.0
File /Users/cc/Documents/CC_Self/CCHome/PAV/venv/lib/python3.12/site-packages/cryptography/hazmat/primitives/asymmetric/dsa.py first seen with mtime 1729230686.4656274
File /Users/cc/Documents/CC_Self/CCHome/PAV/venv/lib/python3.12/site-packages/cryptography/hazmat/primitives/asymmetric/dsa.py first seen with mtime 1729230686.4656274
File /Users/cc/Documents/CC_Self/CCHome/PAV/venv/lib/python3.12/site-packages/sqlparse/utils.py first seen with mtime 1729230683.2972426
File /Users/cc/Documents/CC_Self/CCHome/PAV/venv/lib/python3.12/site-packages/sqlparse/utils.py first seen with mtime 1729230683.2972426
File /Library/Frameworks/Python.framework/Versions/3.12/lib/python3.12/email/__init__.py first seen with mtime 1717710264.0
File /Library/Frameworks/Python.framework/Versions/3.12/lib/python3.12/email/__init__.py first seen with mtime 1717710264.0
File /Users/cc/Documents/CC_Self/CCHome/PAV/venv/lib/python3.12/site-packages/django/template/library.py first seen with mtime 1729230685.7873344
File /Users/cc/Documents/CC_Self/CCHome/PAV/venv/lib/python3.12/site-packages/django/template/library.py first seen with mtime 1729230685.7873344
File /Users/cc/Documents/CC_Self/CCHome/PAV/venv/lib/python3.12/site-packages/django/db/migrations/operations/__init__.py first seen with mtime 1729230685.7702608
File /Users/cc/Documents/CC_Self/CCHome/PAV/venv/lib/python3.12/site-packages/django/db/migrations/operations/__init__.py first seen with mtime 1729230685.7702608
File /Library/Frameworks/Python.framework/Versions/3.12/lib/python3.12/copy.py first seen with mtime 1717710263.0
File /Library/Frameworks/Python.framework/Versions/3.12/lib/python3.12/copy.py first seen with mtime 1717710263.0
File /Users/cc/Documents/CC_Self/CCHome/PAV/venv/lib/python3.12/site-packages/django/db/backends/base/client.py first seen with mtime 1729230685.7634485
File /Users/cc/Documents/CC_Self/CCHome/PAV/venv/lib/python3.12/site-packages/django/db/backends/base/client.py first seen with mtime 1729230685.7634485
File /Users/cc/Documents/CC_Self/CCHome/PAV/venv/lib/python3.12/site-packages/django/core/handlers/base.py first seen with mtime 1729230685.7572129
File /Users/cc/Documents/CC_Self/CCHome/PAV/venv/lib/python3.12/site-packages/django/core/handlers/base.py first seen with mtime 1729230685.7572129
File /Users/cc/Documents/CC_Self/CCHome/PAV/venv/lib/python3.12/site-packages/django/db/backends/utils.py first seen with mtime 1729230685.7631679
File /Users/cc/Documents/CC_Self/CCHome/PAV/venv/lib/python3.12/site-packages/django/db/backends/utils.py first seen with mtime 1729230685.7631679
File /Users/cc/Documents/CC_Self/CCHome/PAV/venv/lib/python3.12/site-packages/django/contrib/admin/views/main.py first seen with mtime 1729230685.440081
File /Users/cc/Documents/CC_Self/CCHome/PAV/venv/lib/python3.12/site-packages/django/contrib/admin/views/main.py first seen with mtime 1729230685.440081
File /Library/Frameworks/Python.framework/Versions/3.12/lib/python3.12/_markupbase.py first seen with mtime 1717710263.0
File /Library/Frameworks/Python.framework/Versions/3.12/lib/python3.12/_markupbase.py first seen with mtime 1717710263.0
File /Users/cc/Documents/CC_Self/CCHome/PAV/venv/lib/python3.12/site-packages/sqlparse/filters/aligned_indent.py first seen with mtime 1729230683.2978692
File /Users/cc/Documents/CC_Self/CCHome/PAV/venv/lib/python3.12/site-packages/sqlparse/filters/aligned_indent.py first seen with mtime 1729230683.2978692
File /Users/cc/Documents/CC_Self/CCHome/PAV/venv/lib/python3.12/site-packages/cryptography/hazmat/_oid.py first seen with mtime 1729230686.4663901
File /Users/cc/Documents/CC_Self/CCHome/PAV/venv/lib/python3.12/site-packages/cryptography/hazmat/_oid.py first seen with mtime 1729230686.4663901
File /Library/Frameworks/Python.framework/Versions/3.12/lib/python3.12/email/headerregistry.py first seen with mtime 1717710264.0
File /Library/Frameworks/Python.framework/Versions/3.12/lib/python3.12/email/headerregistry.py first seen with mtime 1717710264.0
File /Users/cc/Documents/CC_Self/CCHome/PAV/venv/lib/python3.12/site-packages/cryptography/hazmat/primitives/_asymmetric.py first seen with mtime 1729230686.4638717
File /Users/cc/Documents/CC_Self/CCHome/PAV/venv/lib/python3.12/site-packages/cryptography/hazmat/primitives/_asymmetric.py first seen with mtime 1729230686.4638717
File /Users/cc/Documents/CC_Self/CCHome/PAV/venv/lib/python3.12/site-packages/django/templatetags/cache.py first seen with mtime 1729230685.78891
File /Users/cc/Documents/CC_Self/CCHome/PAV/venv/lib/python3.12/site-packages/django/templatetags/cache.py first seen with mtime 1729230685.78891
File /Library/Frameworks/Python.framework/Versions/3.12/lib/python3.12/email/mime/base.py first seen with mtime 1717710264.0
File /Library/Frameworks/Python.framework/Versions/3.12/lib/python3.12/email/mime/base.py first seen with mtime 1717710264.0
File /Users/cc/Documents/CC_Self/CCHome/PAV/venv/lib/python3.12/site-packages/pymysql/connections.py first seen with mtime 1729230683.372695
File /Users/cc/Documents/CC_Self/CCHome/PAV/venv/lib/python3.12/site-packages/pymysql/connections.py first seen with mtime 1729230683.372695
File /Library/Frameworks/Python.framework/Versions/3.12/lib/python3.12/lib-dynload/_datetime.cpython-312-darwin.so first seen with mtime 1717710655.0
File /Library/Frameworks/Python.framework/Versions/3.12/lib/python3.12/lib-dynload/_datetime.cpython-312-darwin.so first seen with mtime 1717710655.0
File /Users/cc/Documents/CC_Self/CCHome/PAV/venv/lib/python3.12/site-packages/django/contrib/auth/hashers.py first seen with mtime 1729230685.4700994
File /Users/cc/Documents/CC_Self/CCHome/PAV/venv/lib/python3.12/site-packages/django/contrib/auth/hashers.py first seen with mtime 1729230685.4700994
File /Users/cc/Documents/CC_Self/CCHome/PAV/venv/lib/python3.12/site-packages/django/db/migrations/__init__.py first seen with mtime 1729230685.7687078
File /Users/cc/Documents/CC_Self/CCHome/PAV/venv/lib/python3.12/site-packages/django/db/migrations/__init__.py first seen with mtime 1729230685.7687078
File /Library/Frameworks/Python.framework/Versions/3.12/lib/python3.12/email/header.py first seen with mtime 1717710264.0
File /Library/Frameworks/Python.framework/Versions/3.12/lib/python3.12/email/header.py first seen with mtime 1717710264.0
File /Library/Frameworks/Python.framework/Versions/3.12/lib/python3.12/lib-dynload/_json.cpython-312-darwin.so first seen with mtime 1717710656.0
File /Library/Frameworks/Python.framework/Versions/3.12/lib/python3.12/lib-dynload/_json.cpython-312-darwin.so first seen with mtime 1717710656.0
File /Users/cc/Documents/CC_Self/CCHome/PAV/venv/lib/python3.12/site-packages/django/core/files/images.py first seen with mtime 1729230685.755558
File /Users/cc/Documents/CC_Self/CCHome/PAV/venv/lib/python3.12/site-packages/django/core/files/images.py first seen with mtime 1729230685.755558
File /Users/cc/Documents/CC_Self/CCHome/PAV/venv/lib/python3.12/site-packages/django/utils/duration.py first seen with mtime 1729230685.7923534
File /Users/cc/Documents/CC_Self/CCHome/PAV/venv/lib/python3.12/site-packages/django/utils/duration.py first seen with mtime 1729230685.7923534
File /Library/Frameworks/Python.framework/Versions/3.12/lib/python3.12/difflib.py first seen with mtime 1717710263.0
File /Library/Frameworks/Python.framework/Versions/3.12/lib/python3.12/difflib.py first seen with mtime 1717710263.0
File /Users/cc/Documents/CC_Self/CCHome/PAV/venv/lib/python3.12/site-packages/django/middleware/csrf.py first seen with mtime 1729230685.7858164
File /Users/cc/Documents/CC_Self/CCHome/PAV/venv/lib/python3.12/site-packages/django/middleware/csrf.py first seen with mtime 1729230685.7858164
File /Library/Frameworks/Python.framework/Versions/3.12/lib/python3.12/email/mime/message.py first seen with mtime 1717710264.0
File /Library/Frameworks/Python.framework/Versions/3.12/lib/python3.12/email/mime/message.py first seen with mtime 1717710264.0
File /Users/cc/Documents/CC_Self/CCHome/PAV/venv/lib/python3.12/site-packages/django/contrib/admin/sites.py first seen with mtime 1729230685.3705683
File /Users/cc/Documents/CC_Self/CCHome/PAV/venv/lib/python3.12/site-packages/django/contrib/admin/sites.py first seen with mtime 1729230685.3705683
File /Users/cc/Documents/CC_Self/CCHome/PAV/venv/lib/python3.12/site-packages/django/db/migrations/operations/special.py first seen with mtime 1729230685.7706747
File /Users/cc/Documents/CC_Self/CCHome/PAV/venv/lib/python3.12/site-packages/django/db/migrations/operations/special.py first seen with mtime 1729230685.7706747
File /Users/cc/Documents/CC_Self/CCHome/PAV/venv/lib/python3.12/site-packages/django/contrib/contenttypes/fields.py first seen with mtime 1729230685.53426
File /Users/cc/Documents/CC_Self/CCHome/PAV/venv/lib/python3.12/site-packages/django/contrib/contenttypes/fields.py first seen with mtime 1729230685.53426
File /Users/cc/Documents/CC_Self/CCHome/PAV/venv/lib/python3.12/site-packages/django/contrib/messages/apps.py first seen with mtime 1729230685.650868
File /Users/cc/Documents/CC_Self/CCHome/PAV/venv/lib/python3.12/site-packages/django/contrib/messages/apps.py first seen with mtime 1729230685.650868
File /Users/cc/Documents/CC_Self/CCHome/PAV/venv/lib/python3.12/site-packages/django/utils/functional.py first seen with mtime 1729230685.792882
File /Users/cc/Documents/CC_Self/CCHome/PAV/venv/lib/python3.12/site-packages/django/utils/functional.py first seen with mtime 1729230685.792882
File /Users/cc/Documents/CC_Self/CCHome/PAV/venv/lib/python3.12/site-packages/django/forms/formsets.py first seen with mtime 1729230685.7762012
File /Users/cc/Documents/CC_Self/CCHome/PAV/venv/lib/python3.12/site-packages/django/forms/formsets.py first seen with mtime 1729230685.7762012
File /Library/Frameworks/Python.framework/Versions/3.12/lib/python3.12/zoneinfo/_common.py first seen with mtime 1717710265.0
File /Library/Frameworks/Python.framework/Versions/3.12/lib/python3.12/zoneinfo/_common.py first seen with mtime 1717710265.0
File /Library/Frameworks/Python.framework/Versions/3.12/lib/python3.12/urllib/parse.py first seen with mtime 1717710265.0
File /Library/Frameworks/Python.framework/Versions/3.12/lib/python3.12/urllib/parse.py first seen with mtime 1717710265.0
File /Library/Frameworks/Python.framework/Versions/3.12/lib/python3.12/glob.py first seen with mtime 1717710263.0
File /Library/Frameworks/Python.framework/Versions/3.12/lib/python3.12/glob.py first seen with mtime 1717710263.0
File /Library/Frameworks/Python.framework/Versions/3.12/lib/python3.12/bisect.py first seen with mtime 1717710263.0
File /Library/Frameworks/Python.framework/Versions/3.12/lib/python3.12/bisect.py first seen with mtime 1717710263.0
File /Library/Frameworks/Python.framework/Versions/3.12/lib/python3.12/asyncio/taskgroups.py first seen with mtime 1717710263.0
File /Library/Frameworks/Python.framework/Versions/3.12/lib/python3.12/asyncio/taskgroups.py first seen with mtime 1717710263.0
File /Library/Frameworks/Python.framework/Versions/3.12/lib/python3.12/asyncio/sslproto.py first seen with mtime 1717710263.0
File /Library/Frameworks/Python.framework/Versions/3.12/lib/python3.12/asyncio/sslproto.py first seen with mtime 1717710263.0
File /Library/Frameworks/Python.framework/Versions/3.12/lib/python3.12/datetime.py first seen with mtime 1717710263.0
File /Library/Frameworks/Python.framework/Versions/3.12/lib/python3.12/datetime.py first seen with mtime 1717710263.0
File /Users/cc/Documents/CC_Self/CCHome/PAV/venv/lib/python3.12/site-packages/django/core/handlers/asgi.py first seen with mtime 1729230685.7570624
File /Users/cc/Documents/CC_Self/CCHome/PAV/venv/lib/python3.12/site-packages/django/core/handlers/asgi.py first seen with mtime 1729230685.7570624
File /Users/cc/Documents/CC_Self/CCHome/PAV/venv/lib/python3.12/site-packages/django/utils/cache.py first seen with mtime 1729230685.7913542
File /Users/cc/Documents/CC_Self/CCHome/PAV/venv/lib/python3.12/site-packages/django/utils/cache.py first seen with mtime 1729230685.7913542
File /Users/cc/Documents/CC_Self/CCHome/PAV/venv/lib/python3.12/site-packages/PIL/_binary.py first seen with mtime 1729230684.2969363
File /Users/cc/Documents/CC_Self/CCHome/PAV/venv/lib/python3.12/site-packages/PIL/_binary.py first seen with mtime 1729230684.2969363
File /Users/cc/Documents/CC_Self/CCHome/PAV/venv/lib/python3.12/site-packages/django/db/models/lookups.py first seen with mtime 1729230685.7717075
File /Users/cc/Documents/CC_Self/CCHome/PAV/venv/lib/python3.12/site-packages/django/db/models/lookups.py first seen with mtime 1729230685.7717075
File /Users/cc/Documents/CC_Self/CCHome/PAV/venv/lib/python3.12/site-packages/django/core/checks/security/sessions.py first seen with mtime 1729230685.7552557
File /Users/cc/Documents/CC_Self/CCHome/PAV/venv/lib/python3.12/site-packages/django/core/checks/security/sessions.py first seen with mtime 1729230685.7552557
File /Users/cc/Documents/CC_Self/CCHome/PAV/venv/lib/python3.12/site-packages/sqlparse/exceptions.py first seen with mtime 1729230683.2967257
File /Users/cc/Documents/CC_Self/CCHome/PAV/venv/lib/python3.12/site-packages/sqlparse/exceptions.py first seen with mtime 1729230683.2967257
File /Users/cc/Documents/CC_Self/CCHome/PAV/venv/lib/python3.12/site-packages/django/utils/tree.py first seen with mtime 1729230685.7947655
File /Users/cc/Documents/CC_Self/CCHome/PAV/venv/lib/python3.12/site-packages/django/utils/tree.py first seen with mtime 1729230685.7947655
File /Users/cc/Documents/CC_Self/CCHome/PAV/venv/lib/python3.12/site-packages/django/contrib/contenttypes/__init__.py first seen with mtime 1729230685.5338914
File /Users/cc/Documents/CC_Self/CCHome/PAV/venv/lib/python3.12/site-packages/django/contrib/contenttypes/__init__.py first seen with mtime 1729230685.5338914
File /Users/cc/Documents/CC_Self/CCHome/PAV/venv/lib/python3.12/site-packages/django/utils/translation/reloader.py first seen with mtime 1729230685.7951794
File /Users/cc/Documents/CC_Self/CCHome/PAV/venv/lib/python3.12/site-packages/django/utils/translation/reloader.py first seen with mtime 1729230685.7951794
File /Library/Frameworks/Python.framework/Versions/3.12/lib/python3.12/email/generator.py first seen with mtime 1717710264.0
File /Library/Frameworks/Python.framework/Versions/3.12/lib/python3.12/email/generator.py first seen with mtime 1717710264.0
File /Library/Frameworks/Python.framework/Versions/3.12/lib/python3.12/concurrent/__init__.py first seen with mtime 1717710264.0
File /Library/Frameworks/Python.framework/Versions/3.12/lib/python3.12/concurrent/__init__.py first seen with mtime 1717710264.0
File /Users/cc/Documents/CC_Self/CCHome/PAV/venv/lib/python3.12/site-packages/django/db/models/signals.py first seen with mtime 1729230685.772256
File /Users/cc/Documents/CC_Self/CCHome/PAV/venv/lib/python3.12/site-packages/django/db/models/signals.py first seen with mtime 1729230685.772256
File /Users/cc/Documents/CC_Self/CCHome/PAV/venv/lib/python3.12/site-packages/django/utils/connection.py first seen with mtime 1729230685.7915368
File /Users/cc/Documents/CC_Self/CCHome/PAV/venv/lib/python3.12/site-packages/django/utils/connection.py first seen with mtime 1729230685.7915368
File /Library/Frameworks/Python.framework/Versions/3.12/lib/python3.12/http/cookies.py first seen with mtime 1717710264.0
File /Library/Frameworks/Python.framework/Versions/3.12/lib/python3.12/http/cookies.py first seen with mtime 1717710264.0
File /Users/cc/Documents/CC_Self/CCHome/PAV/venv/lib/python3.12/site-packages/django/core/files/storage/mixins.py first seen with mtime 1729230685.756797
File /Users/cc/Documents/CC_Self/CCHome/PAV/venv/lib/python3.12/site-packages/django/core/files/storage/mixins.py first seen with mtime 1729230685.756797
File /Library/Frameworks/Python.framework/Versions/3.12/lib/python3.12/lib-dynload/_scproxy.cpython-312-darwin.so first seen with mtime 1717710658.0
File /Library/Frameworks/Python.framework/Versions/3.12/lib/python3.12/lib-dynload/_scproxy.cpython-312-darwin.so first seen with mtime 1717710658.0
File /Users/cc/Documents/CC_Self/CCHome/PAV/venv/lib/python3.12/site-packages/django/core/serializers/__init__.py first seen with mtime 1729230685.7617335
File /Users/cc/Documents/CC_Self/CCHome/PAV/venv/lib/python3.12/site-packages/django/core/serializers/__init__.py first seen with mtime 1729230685.7617335
File /Users/cc/Documents/CC_Self/CCHome/PAV/venv/lib/python3.12/site-packages/sqlparse/filters/__init__.py first seen with mtime 1729230683.2977643
File /Users/cc/Documents/CC_Self/CCHome/PAV/venv/lib/python3.12/site-packages/sqlparse/filters/__init__.py first seen with mtime 1729230683.2977643
File /Library/Frameworks/Python.framework/Versions/3.12/lib/python3.12/json/decoder.py first seen with mtime 1717710265.0
File /Library/Frameworks/Python.framework/Versions/3.12/lib/python3.12/json/decoder.py first seen with mtime 1717710265.0
File /Users/cc/Documents/CC_Self/CCHome/PAV/venv/lib/python3.12/site-packages/django/core/management/commands/runserver.py first seen with mtime 1729230685.760706
File /Users/cc/Documents/CC_Self/CCHome/PAV/venv/lib/python3.12/site-packages/django/core/management/commands/runserver.py first seen with mtime 1729230685.760706
File /Library/Frameworks/Python.framework/Versions/3.12/lib/python3.12/email/feedparser.py first seen with mtime 1717710264.0
File /Library/Frameworks/Python.framework/Versions/3.12/lib/python3.12/email/feedparser.py first seen with mtime 1717710264.0
File /Users/cc/Documents/CC_Self/CCHome/PAV/venv/lib/python3.12/site-packages/django/forms/widgets.py first seen with mtime 1729230685.7766182
File /Users/cc/Documents/CC_Self/CCHome/PAV/venv/lib/python3.12/site-packages/django/forms/widgets.py first seen with mtime 1729230685.7766182
File /Users/cc/Documents/CC_Self/CCHome/PAV/venv/lib/python3.12/site-packages/django/db/migrations/utils.py first seen with mtime 1729230685.770042
File /Users/cc/Documents/CC_Self/CCHome/PAV/venv/lib/python3.12/site-packages/django/db/migrations/utils.py first seen with mtime 1729230685.770042
File /Library/Frameworks/Python.framework/Versions/3.12/lib/python3.12/email/message.py first seen with mtime 1717710264.0
File /Library/Frameworks/Python.framework/Versions/3.12/lib/python3.12/email/message.py first seen with mtime 1717710264.0
File /Library/Frameworks/Python.framework/Versions/3.12/lib/python3.12/lib-dynload/binascii.cpython-312-darwin.so first seen with mtime 1717710661.0
File /Library/Frameworks/Python.framework/Versions/3.12/lib/python3.12/lib-dynload/binascii.cpython-312-darwin.so first seen with mtime 1717710661.0
File /Library/Frameworks/Python.framework/Versions/3.12/lib/python3.12/concurrent/futures/thread.py first seen with mtime 1717710264.0
File /Library/Frameworks/Python.framework/Versions/3.12/lib/python3.12/concurrent/futures/thread.py first seen with mtime 1717710264.0
File /Users/cc/Documents/CC_Self/CCHome/PAV/venv/lib/python3.12/site-packages/django/contrib/staticfiles/checks.py first seen with mtime 1729230685.7505233
File /Users/cc/Documents/CC_Self/CCHome/PAV/venv/lib/python3.12/site-packages/django/contrib/staticfiles/checks.py first seen with mtime 1729230685.7505233
File /Library/Frameworks/Python.framework/Versions/3.12/lib/python3.12/email/_parseaddr.py first seen with mtime 1717710264.0
File /Library/Frameworks/Python.framework/Versions/3.12/lib/python3.12/email/_parseaddr.py first seen with mtime 1717710264.0
File /Library/Frameworks/Python.framework/Versions/3.12/lib/python3.12/asyncio/timeouts.py first seen with mtime 1717710263.0
File /Library/Frameworks/Python.framework/Versions/3.12/lib/python3.12/asyncio/timeouts.py first seen with mtime 1717710263.0
File /Users/cc/Documents/CC_Self/CCHome/PAV/venv/lib/python3.12/site-packages/cryptography/hazmat/primitives/_serialization.py first seen with mtime 1729230686.4627445
File /Users/cc/Documents/CC_Self/CCHome/PAV/venv/lib/python3.12/site-packages/cryptography/hazmat/primitives/_serialization.py first seen with mtime 1729230686.4627445
File /Library/Frameworks/Python.framework/Versions/3.12/lib/python3.12/lib-dynload/_socket.cpython-312-darwin.so first seen with mtime 1717710658.0
File /Library/Frameworks/Python.framework/Versions/3.12/lib/python3.12/lib-dynload/_socket.cpython-312-darwin.so first seen with mtime 1717710658.0
File /Library/Frameworks/Python.framework/Versions/3.12/lib/python3.12/asyncio/constants.py first seen with mtime 1717710263.0
File /Library/Frameworks/Python.framework/Versions/3.12/lib/python3.12/asyncio/constants.py first seen with mtime 1717710263.0
File /Users/cc/Documents/CC_Self/CCHome/PAV/f_proc/views.py first seen with mtime 1730473293.955879
File /Users/cc/Documents/CC_Self/CCHome/PAV/f_proc/views.py first seen with mtime 1730473293.955879
File /Users/cc/Documents/CC_Self/CCHome/PAV/venv/lib/python3.12/site-packages/django/forms/forms.py first seen with mtime 1729230685.776112
File /Users/cc/Documents/CC_Self/CCHome/PAV/venv/lib/python3.12/site-packages/django/forms/forms.py first seen with mtime 1729230685.776112
File /Library/Frameworks/Python.framework/Versions/3.12/lib/python3.12/keyword.py first seen with mtime 1717710263.0
File /Library/Frameworks/Python.framework/Versions/3.12/lib/python3.12/keyword.py first seen with mtime 1717710263.0
File /Users/cc/Documents/CC_Self/CCHome/PAV/venv/lib/python3.12/site-packages/sqlparse/keywords.py first seen with mtime 1729230683.2969239
File /Users/cc/Documents/CC_Self/CCHome/PAV/venv/lib/python3.12/site-packages/sqlparse/keywords.py first seen with mtime 1729230683.2969239
File /Users/cc/Documents/CC_Self/CCHome/PAV/venv/lib/python3.12/site-packages/django/template/loader_tags.py first seen with mtime 1729230685.7875507
File /Users/cc/Documents/CC_Self/CCHome/PAV/venv/lib/python3.12/site-packages/django/template/loader_tags.py first seen with mtime 1729230685.7875507
File /Users/cc/Documents/CC_Self/CCHome/PAV/venv/lib/python3.12/site-packages/django/contrib/contenttypes/management/__init__.py first seen with mtime 1729230685.5585651
File /Users/cc/Documents/CC_Self/CCHome/PAV/venv/lib/python3.12/site-packages/django/contrib/contenttypes/management/__init__.py first seen with mtime 1729230685.5585651
File /Library/Frameworks/Python.framework/Versions/3.12/lib/python3.12/asyncio/coroutines.py first seen with mtime 1717710263.0
File /Library/Frameworks/Python.framework/Versions/3.12/lib/python3.12/asyncio/coroutines.py first seen with mtime 1717710263.0
File /Users/cc/Documents/CC_Self/CCHome/PAV/f_proc/__init__.py first seen with mtime 1722835605.338284
File /Users/cc/Documents/CC_Self/CCHome/PAV/f_proc/__init__.py first seen with mtime 1722835605.338284
File /Users/cc/Documents/CC_Self/CCHome/PAV/venv/lib/python3.12/site-packages/PIL/ExifTags.py first seen with mtime 1729230684.2883718
File /Users/cc/Documents/CC_Self/CCHome/PAV/venv/lib/python3.12/site-packages/PIL/ExifTags.py first seen with mtime 1729230684.2883718
File /Library/Frameworks/Python.framework/Versions/3.12/lib/python3.12/inspect.py first seen with mtime 1717710263.0
File /Library/Frameworks/Python.framework/Versions/3.12/lib/python3.12/inspect.py first seen with mtime 1717710263.0
File /Users/cc/Documents/CC_Self/CCHome/PAV/venv/lib/python3.12/site-packages/django/core/files/move.py first seen with mtime 1729230685.755737
File /Users/cc/Documents/CC_Self/CCHome/PAV/venv/lib/python3.12/site-packages/django/core/files/move.py first seen with mtime 1729230685.755737
File /Library/Frameworks/Python.framework/Versions/3.12/lib/python3.12/lib-dynload/array.cpython-312-darwin.so first seen with mtime 1717710661.0
File /Library/Frameworks/Python.framework/Versions/3.12/lib/python3.12/lib-dynload/array.cpython-312-darwin.so first seen with mtime 1717710661.0
File /Users/cc/Documents/CC_Self/CCHome/PAV/venv/lib/python3.12/site-packages/django/db/models/query_utils.py first seen with mtime 1729230685.7721796
File /Users/cc/Documents/CC_Self/CCHome/PAV/venv/lib/python3.12/site-packages/django/db/models/query_utils.py first seen with mtime 1729230685.7721796
File /Library/Frameworks/Python.framework/Versions/3.12/lib/python3.12/typing.py first seen with mtime 1717710263.0
File /Library/Frameworks/Python.framework/Versions/3.12/lib/python3.12/typing.py first seen with mtime 1717710263.0
File /Library/Frameworks/Python.framework/Versions/3.12/lib/python3.12/lib-dynload/_blake2.cpython-312-darwin.so first seen with mtime 1717710652.0
File /Library/Frameworks/Python.framework/Versions/3.12/lib/python3.12/lib-dynload/_blake2.cpython-312-darwin.so first seen with mtime 1717710652.0
File /Users/cc/Documents/CC_Self/CCHome/PAV/venv/lib/python3.12/site-packages/django/utils/deconstruct.py first seen with mtime 1729230685.7920594
File /Users/cc/Documents/CC_Self/CCHome/PAV/venv/lib/python3.12/site-packages/django/utils/deconstruct.py first seen with mtime 1729230685.7920594
File /Users/cc/Documents/CC_Self/CCHome/PAV/venv/lib/python3.12/site-packages/django/contrib/staticfiles/management/commands/runserver.py first seen with mtime 1729230685.751612
File /Users/cc/Documents/CC_Self/CCHome/PAV/venv/lib/python3.12/site-packages/django/contrib/staticfiles/management/commands/runserver.py first seen with mtime 1729230685.751612
File /Users/cc/Documents/CC_Self/CCHome/PAV/venv/lib/python3.12/site-packages/cryptography/__init__.py first seen with mtime 1729230686.469576
File /Users/cc/Documents/CC_Self/CCHome/PAV/venv/lib/python3.12/site-packages/cryptography/__init__.py first seen with mtime 1729230686.469576
File /Library/Frameworks/Python.framework/Versions/3.12/lib/python3.12/lib-dynload/_opcode.cpython-312-darwin.so first seen with mtime 1717710657.0
File /Library/Frameworks/Python.framework/Versions/3.12/lib/python3.12/lib-dynload/_opcode.cpython-312-darwin.so first seen with mtime 1717710657.0
File /Users/cc/Documents/CC_Self/CCHome/PAV/venv/lib/python3.12/site-packages/django/db/backends/base/__init__.py first seen with mtime 1729230685.7632418
File /Users/cc/Documents/CC_Self/CCHome/PAV/venv/lib/python3.12/site-packages/django/db/backends/base/__init__.py first seen with mtime 1729230685.7632418
File /Users/cc/Documents/CC_Self/CCHome/PAV/venv/lib/python3.12/site-packages/django/dispatch/__init__.py first seen with mtime 1729230685.7753737
File /Users/cc/Documents/CC_Self/CCHome/PAV/venv/lib/python3.12/site-packages/django/dispatch/__init__.py first seen with mtime 1729230685.7753737
File /Users/cc/Documents/CC_Self/CCHome/PAV/venv/lib/python3.12/site-packages/cryptography/hazmat/primitives/asymmetric/__init__.py first seen with mtime 1729230686.4652214
File /Users/cc/Documents/CC_Self/CCHome/PAV/venv/lib/python3.12/site-packages/cryptography/hazmat/primitives/asymmetric/__init__.py first seen with mtime 1729230686.4652214
File /Users/cc/Documents/CC_Self/CCHome/PAV/venv/lib/python3.12/site-packages/django/apps/registry.py first seen with mtime 1729230685.32432
File /Users/cc/Documents/CC_Self/CCHome/PAV/venv/lib/python3.12/site-packages/django/apps/registry.py first seen with mtime 1729230685.32432
File /Users/cc/Documents/CC_Self/CCHome/PAV/venv/lib/python3.12/site-packages/django/contrib/auth/forms.py first seen with mtime 1729230685.4699879
File /Users/cc/Documents/CC_Self/CCHome/PAV/venv/lib/python3.12/site-packages/django/contrib/auth/forms.py first seen with mtime 1729230685.4699879
File /Library/Frameworks/Python.framework/Versions/3.12/lib/python3.12/lib-dynload/select.cpython-312-darwin.so first seen with mtime 1717710663.0
File /Library/Frameworks/Python.framework/Versions/3.12/lib/python3.12/lib-dynload/select.cpython-312-darwin.so first seen with mtime 1717710663.0
File /Library/Frameworks/Python.framework/Versions/3.12/lib/python3.12/encodings/utf_8.py first seen with mtime 1717710264.0
File /Library/Frameworks/Python.framework/Versions/3.12/lib/python3.12/encodings/utf_8.py first seen with mtime 1717710264.0
File /Users/cc/Documents/CC_Self/CCHome/PAV/venv/lib/python3.12/site-packages/django/contrib/admin/templatetags/admin_urls.py first seen with mtime 1729230685.439555
File /Users/cc/Documents/CC_Self/CCHome/PAV/venv/lib/python3.12/site-packages/django/contrib/admin/templatetags/admin_urls.py first seen with mtime 1729230685.439555
File /Users/cc/Documents/CC_Self/CCHome/PAV/venv/lib/python3.12/site-packages/django/template/context.py first seen with mtime 1729230685.7866704
File /Users/cc/Documents/CC_Self/CCHome/PAV/venv/lib/python3.12/site-packages/django/template/context.py first seen with mtime 1729230685.7866704
File /Users/cc/Documents/CC_Self/CCHome/PAV/venv/lib/python3.12/site-packages/django/contrib/staticfiles/__init__.py first seen with mtime 1729230685.7503667
File /Users/cc/Documents/CC_Self/CCHome/PAV/venv/lib/python3.12/site-packages/django/contrib/staticfiles/__init__.py first seen with mtime 1729230685.7503667
File /Users/cc/Documents/CC_Self/CCHome/PAV/venv/lib/python3.12/site-packages/django/core/wsgi.py first seen with mtime 1729230685.7526424
File /Users/cc/Documents/CC_Self/CCHome/PAV/venv/lib/python3.12/site-packages/django/core/wsgi.py first seen with mtime 1729230685.7526424
File /Library/Frameworks/Python.framework/Versions/3.12/lib/python3.12/email/_encoded_words.py first seen with mtime 1717710264.0
File /Library/Frameworks/Python.framework/Versions/3.12/lib/python3.12/email/_encoded_words.py first seen with mtime 1717710264.0
File /Library/Frameworks/Python.framework/Versions/3.12/lib/python3.12/locale.py first seen with mtime 1717710263.0
File /Library/Frameworks/Python.framework/Versions/3.12/lib/python3.12/locale.py first seen with mtime 1717710263.0
File /Users/cc/Documents/CC_Self/CCHome/PAV/venv/lib/python3.12/site-packages/django/contrib/admin/apps.py first seen with mtime 1729230685.3695073
File /Users/cc/Documents/CC_Self/CCHome/PAV/venv/lib/python3.12/site-packages/django/contrib/admin/apps.py first seen with mtime 1729230685.3695073
File /Library/Frameworks/Python.framework/Versions/3.12/lib/python3.12/lib-dynload/unicodedata.cpython-312-darwin.so first seen with mtime 1717710663.0
File /Library/Frameworks/Python.framework/Versions/3.12/lib/python3.12/lib-dynload/unicodedata.cpython-312-darwin.so first seen with mtime 1717710663.0
File /Library/Frameworks/Python.framework/Versions/3.12/lib/python3.12/lzma.py first seen with mtime 1717710263.0
File /Library/Frameworks/Python.framework/Versions/3.12/lib/python3.12/lzma.py first seen with mtime 1717710263.0
File /Library/Frameworks/Python.framework/Versions/3.12/lib/python3.12/secrets.py first seen with mtime 1717710263.0
File /Library/Frameworks/Python.framework/Versions/3.12/lib/python3.12/secrets.py first seen with mtime 1717710263.0
File /Users/cc/Documents/CC_Self/CCHome/PAV/venv/lib/python3.12/site-packages/django/utils/decorators.py first seen with mtime 1729230685.7921686
File /Users/cc/Documents/CC_Self/CCHome/PAV/venv/lib/python3.12/site-packages/django/utils/decorators.py first seen with mtime 1729230685.7921686
File /Users/cc/Documents/CC_Self/CCHome/PAV/venv/lib/python3.12/site-packages/django/contrib/contenttypes/checks.py first seen with mtime 1729230685.5341597
File /Users/cc/Documents/CC_Self/CCHome/PAV/venv/lib/python3.12/site-packages/django/contrib/contenttypes/checks.py first seen with mtime 1729230685.5341597
File /Library/Frameworks/Python.framework/Versions/3.12/lib/python3.12/concurrent/futures/__init__.py first seen with mtime 1717710264.0
File /Library/Frameworks/Python.framework/Versions/3.12/lib/python3.12/concurrent/futures/__init__.py first seen with mtime 1717710264.0
File /Users/cc/Documents/CC_Self/CCHome/PAV/venv/lib/python3.12/site-packages/django/template/loaders/cached.py first seen with mtime 1729230685.7886193
File /Users/cc/Documents/CC_Self/CCHome/PAV/venv/lib/python3.12/site-packages/django/template/loaders/cached.py first seen with mtime 1729230685.7886193
File /Users/cc/Documents/CC_Self/CCHome/PAV/venv/lib/python3.12/site-packages/django/contrib/messages/utils.py first seen with mtime 1729230685.651244
File /Users/cc/Documents/CC_Self/CCHome/PAV/venv/lib/python3.12/site-packages/django/contrib/messages/utils.py first seen with mtime 1729230685.651244
File /Users/cc/Documents/CC_Self/CCHome/PAV/venv/lib/python3.12/site-packages/cffi/model.py first seen with mtime 1729230686.3753552
File /Users/cc/Documents/CC_Self/CCHome/PAV/venv/lib/python3.12/site-packages/cffi/model.py first seen with mtime 1729230686.3753552
File /Users/cc/Documents/CC_Self/CCHome/PAV/venv/lib/python3.12/site-packages/django/db/models/functions/__init__.py first seen with mtime 1729230685.7735724
File /Users/cc/Documents/CC_Self/CCHome/PAV/venv/lib/python3.12/site-packages/django/db/models/functions/__init__.py first seen with mtime 1729230685.7735724
File /Users/cc/Documents/CC_Self/CCHome/PAV/venv/lib/python3.12/site-packages/pymysql/constants/CLIENT.py first seen with mtime 1729230683.373432
File /Users/cc/Documents/CC_Self/CCHome/PAV/venv/lib/python3.12/site-packages/pymysql/constants/CLIENT.py first seen with mtime 1729230683.373432
File /Library/Frameworks/Python.framework/Versions/3.12/lib/python3.12/dis.py first seen with mtime 1717710263.0
File /Library/Frameworks/Python.framework/Versions/3.12/lib/python3.12/dis.py first seen with mtime 1717710263.0
File /Users/cc/Documents/CC_Self/CCHome/PAV/venv/lib/python3.12/site-packages/django/core/checks/compatibility/django_4_0.py first seen with mtime 1729230685.7549188
File /Users/cc/Documents/CC_Self/CCHome/PAV/venv/lib/python3.12/site-packages/django/core/checks/compatibility/django_4_0.py first seen with mtime 1729230685.7549188
File /Library/Frameworks/Python.framework/Versions/3.12/lib/python3.12/re/_constants.py first seen with mtime 1717710265.0
File /Library/Frameworks/Python.framework/Versions/3.12/lib/python3.12/re/_constants.py first seen with mtime 1717710265.0
File /Users/cc/Documents/CC_Self/CCHome/PAV/venv/lib/python3.12/site-packages/django/views/generic/list.py first seen with mtime 1729230685.7976687
File /Users/cc/Documents/CC_Self/CCHome/PAV/venv/lib/python3.12/site-packages/django/views/generic/list.py first seen with mtime 1729230685.7976687
File /Users/cc/Documents/CC_Self/CCHome/PAV/venv/lib/python3.12/site-packages/django/db/models/sql/datastructures.py first seen with mtime 1729230685.7747626
File /Users/cc/Documents/CC_Self/CCHome/PAV/venv/lib/python3.12/site-packages/django/db/models/sql/datastructures.py first seen with mtime 1729230685.7747626
File /Users/cc/Documents/CC_Self/CCHome/PAV/venv/lib/python3.12/site-packages/pymysql/_auth.py first seen with mtime 1729230683.372455
File /Users/cc/Documents/CC_Self/CCHome/PAV/venv/lib/python3.12/site-packages/pymysql/_auth.py first seen with mtime 1729230683.372455
File /Library/Frameworks/Python.framework/Versions/3.12/lib/python3.12/re/_compiler.py first seen with mtime 1717710265.0
File /Library/Frameworks/Python.framework/Versions/3.12/lib/python3.12/re/_compiler.py first seen with mtime 1717710265.0
File /Library/Frameworks/Python.framework/Versions/3.12/lib/python3.12/asyncio/base_subprocess.py first seen with mtime 1717710263.0
File /Library/Frameworks/Python.framework/Versions/3.12/lib/python3.12/asyncio/base_subprocess.py first seen with mtime 1717710263.0
File /Users/cc/Documents/CC_Self/CCHome/PAV/venv/lib/python3.12/site-packages/django/core/handlers/__init__.py first seen with mtime 1729230685.7568865
File /Users/cc/Documents/CC_Self/CCHome/PAV/venv/lib/python3.12/site-packages/django/core/handlers/__init__.py first seen with mtime 1729230685.7568865
File /Users/cc/Documents/CC_Self/CCHome/PAV/venv/lib/python3.12/site-packages/django/db/models/query.py first seen with mtime 1729230685.7720716
File /Users/cc/Documents/CC_Self/CCHome/PAV/venv/lib/python3.12/site-packages/django/db/models/query.py first seen with mtime 1729230685.7720716
File /Users/cc/Documents/CC_Self/CCHome/PAV/venv/lib/python3.12/site-packages/cffi/error.py first seen with mtime 1729230686.3744268
File /Users/cc/Documents/CC_Self/CCHome/PAV/venv/lib/python3.12/site-packages/cffi/error.py first seen with mtime 1729230686.3744268
File /Users/cc/Documents/CC_Self/CCHome/PAV/venv/lib/python3.12/site-packages/django/contrib/admin/checks.py first seen with mtime 1729230685.3696444
File /Users/cc/Documents/CC_Self/CCHome/PAV/venv/lib/python3.12/site-packages/django/contrib/admin/checks.py first seen with mtime 1729230685.3696444
File /Library/Frameworks/Python.framework/Versions/3.12/lib/python3.12/lib-dynload/_decimal.cpython-312-darwin.so first seen with mtime 1717710655.0
File /Library/Frameworks/Python.framework/Versions/3.12/lib/python3.12/lib-dynload/_decimal.cpython-312-darwin.so first seen with mtime 1717710655.0
File /Library/Frameworks/Python.framework/Versions/3.12/lib/python3.12/re/_parser.py first seen with mtime 1717710265.0
File /Library/Frameworks/Python.framework/Versions/3.12/lib/python3.12/re/_parser.py first seen with mtime 1717710265.0
File /Users/cc/Documents/CC_Self/CCHome/PAV/venv/lib/python3.12/site-packages/django/contrib/sites/__init__.py first seen with mtime 1729230685.7258708
File /Users/cc/Documents/CC_Self/CCHome/PAV/venv/lib/python3.12/site-packages/django/contrib/sites/__init__.py first seen with mtime 1729230685.7258708
File /Library/Frameworks/Python.framework/Versions/3.12/lib/python3.12/asyncio/subprocess.py first seen with mtime 1717710263.0
File /Library/Frameworks/Python.framework/Versions/3.12/lib/python3.12/asyncio/subprocess.py first seen with mtime 1717710263.0
File /Users/cc/Documents/CC_Self/CCHome/PAV/venv/lib/python3.12/site-packages/django/core/checks/urls.py first seen with mtime 1729230685.754759
File /Users/cc/Documents/CC_Self/CCHome/PAV/venv/lib/python3.12/site-packages/django/core/checks/urls.py first seen with mtime 1729230685.754759
File /Users/cc/Documents/CC_Self/CCHome/PAV/venv/lib/python3.12/site-packages/django/db/models/utils.py first seen with mtime 1729230685.7723348
File /Users/cc/Documents/CC_Self/CCHome/PAV/venv/lib/python3.12/site-packages/django/db/models/utils.py first seen with mtime 1729230685.7723348
File /Library/Frameworks/Python.framework/Versions/3.12/lib/python3.12/email/mime/__init__.py first seen with mtime 1717710264.0
File /Library/Frameworks/Python.framework/Versions/3.12/lib/python3.12/email/mime/__init__.py first seen with mtime 1717710264.0
File /Users/cc/Documents/CC_Self/CCHome/PAV/venv/lib/python3.12/site-packages/django/forms/fields.py first seen with mtime 1729230685.7759633
File /Users/cc/Documents/CC_Self/CCHome/PAV/venv/lib/python3.12/site-packages/django/forms/fields.py first seen with mtime 1729230685.7759633
File /Users/cc/Documents/CC_Self/CCHome/PAV/venv/lib/python3.12/site-packages/django/core/checks/security/__init__.py first seen with mtime 1729230685.754988
File /Users/cc/Documents/CC_Self/CCHome/PAV/venv/lib/python3.12/site-packages/django/core/checks/security/__init__.py first seen with mtime 1729230685.754988
File /Library/Frameworks/Python.framework/Versions/3.12/lib/python3.12/token.py first seen with mtime 1717710263.0
File /Library/Frameworks/Python.framework/Versions/3.12/lib/python3.12/token.py first seen with mtime 1717710263.0
File /Users/cc/Documents/CC_Self/CCHome/PAV/venv/lib/python3.12/site-packages/django/views/decorators/__init__.py first seen with mtime 1729230685.79621
File /Users/cc/Documents/CC_Self/CCHome/PAV/venv/lib/python3.12/site-packages/django/views/decorators/__init__.py first seen with mtime 1729230685.79621
File /Library/Frameworks/Python.framework/Versions/3.12/lib/python3.12/decimal.py first seen with mtime 1717710263.0
File /Library/Frameworks/Python.framework/Versions/3.12/lib/python3.12/decimal.py first seen with mtime 1717710263.0
File /Users/cc/Documents/CC_Self/CCHome/PAV/venv/lib/python3.12/site-packages/django/contrib/auth/signals.py first seen with mtime 1729230685.4706779
File /Users/cc/Documents/CC_Self/CCHome/PAV/venv/lib/python3.12/site-packages/django/contrib/auth/signals.py first seen with mtime 1729230685.4706779
File /Users/cc/Documents/CC_Self/CCHome/PAV/venv/lib/python3.12/site-packages/cryptography/hazmat/primitives/ciphers/base.py first seen with mtime 1729230686.464642
File /Users/cc/Documents/CC_Self/CCHome/PAV/venv/lib/python3.12/site-packages/cryptography/hazmat/primitives/ciphers/base.py first seen with mtime 1729230686.464642
File /Users/cc/Documents/CC_Self/CCHome/PAV/venv/lib/python3.12/site-packages/django/utils/datastructures.py first seen with mtime 1729230685.7917209
File /Users/cc/Documents/CC_Self/CCHome/PAV/venv/lib/python3.12/site-packages/django/utils/datastructures.py first seen with mtime 1729230685.7917209
File /Users/cc/Documents/CC_Self/CCHome/PAV/venv/lib/python3.12/site-packages/django/core/checks/compatibility/__init__.py first seen with mtime 1729230685.7548323
File /Users/cc/Documents/CC_Self/CCHome/PAV/venv/lib/python3.12/site-packages/django/core/checks/compatibility/__init__.py first seen with mtime 1729230685.7548323
File /Library/Frameworks/Python.framework/Versions/3.12/lib/python3.12/wsgiref/handlers.py first seen with mtime 1717710265.0
File /Library/Frameworks/Python.framework/Versions/3.12/lib/python3.12/wsgiref/handlers.py first seen with mtime 1717710265.0
File /Library/Frameworks/Python.framework/Versions/3.12/lib/python3.12/tempfile.py first seen with mtime 1717710263.0
File /Library/Frameworks/Python.framework/Versions/3.12/lib/python3.12/tempfile.py first seen with mtime 1717710263.0
File /Users/cc/Documents/CC_Self/CCHome/PAV/venv/lib/python3.12/site-packages/django/db/migrations/state.py first seen with mtime 1729230685.769944
File /Users/cc/Documents/CC_Self/CCHome/PAV/venv/lib/python3.12/site-packages/django/db/migrations/state.py first seen with mtime 1729230685.769944
File /Users/cc/Documents/CC_Self/CCHome/PAV/venv/lib/python3.12/site-packages/django/contrib/staticfiles/views.py first seen with mtime 1729230685.7511456
File /Users/cc/Documents/CC_Self/CCHome/PAV/venv/lib/python3.12/site-packages/django/contrib/staticfiles/views.py first seen with mtime 1729230685.7511456
File /Library/Frameworks/Python.framework/Versions/3.12/lib/python3.12/http/server.py first seen with mtime 1717710264.0
File /Library/Frameworks/Python.framework/Versions/3.12/lib/python3.12/http/server.py first seen with mtime 1717710264.0
File /Users/cc/Documents/CC_Self/CCHome/PAV/venv/lib/python3.12/site-packages/django/db/models/indexes.py first seen with mtime 1729230685.7716157
File /Users/cc/Documents/CC_Self/CCHome/PAV/venv/lib/python3.12/site-packages/django/db/models/indexes.py first seen with mtime 1729230685.7716157
File /Users/cc/Documents/CC_Self/CCHome/PAV/venv/lib/python3.12/site-packages/django/utils/hashable.py first seen with mtime 1729230685.7929583
File /Users/cc/Documents/CC_Self/CCHome/PAV/venv/lib/python3.12/site-packages/django/utils/hashable.py first seen with mtime 1729230685.7929583
File /Users/cc/Documents/CC_Self/CCHome/PAV/venv/lib/python3.12/site-packages/django/contrib/staticfiles/finders.py first seen with mtime 1729230685.7506366
File /Users/cc/Documents/CC_Self/CCHome/PAV/venv/lib/python3.12/site-packages/django/contrib/staticfiles/finders.py first seen with mtime 1729230685.7506366
File /Library/Frameworks/Python.framework/Versions/3.12/lib/python3.12/wsgiref/__init__.py first seen with mtime 1717710265.0
File /Library/Frameworks/Python.framework/Versions/3.12/lib/python3.12/wsgiref/__init__.py first seen with mtime 1717710265.0
File /Users/cc/Documents/CC_Self/CCHome/PAV/venv/lib/python3.12/site-packages/pymysql/constants/FIELD_TYPE.py first seen with mtime 1729230683.373843
File /Users/cc/Documents/CC_Self/CCHome/PAV/venv/lib/python3.12/site-packages/pymysql/constants/FIELD_TYPE.py first seen with mtime 1729230683.373843
File /Users/cc/Documents/CC_Self/CCHome/PAV/venv/lib/python3.12/site-packages/django/contrib/sessions/models.py first seen with mtime 1729230685.6994064
File /Users/cc/Documents/CC_Self/CCHome/PAV/venv/lib/python3.12/site-packages/django/contrib/sessions/models.py first seen with mtime 1729230685.6994064
File /Users/cc/Documents/CC_Self/CCHome/PAV/venv/lib/python3.12/site-packages/django/utils/numberformat.py first seen with mtime 1729230685.7939677
File /Users/cc/Documents/CC_Self/CCHome/PAV/venv/lib/python3.12/site-packages/django/utils/numberformat.py first seen with mtime 1729230685.7939677
File /Library/Frameworks/Python.framework/Versions/3.12/lib/python3.12/asyncio/log.py first seen with mtime 1717710263.0
File /Library/Frameworks/Python.framework/Versions/3.12/lib/python3.12/asyncio/log.py first seen with mtime 1717710263.0
File /Library/Frameworks/Python.framework/Versions/3.12/lib/python3.12/asyncio/transports.py first seen with mtime 1717710263.0
File /Library/Frameworks/Python.framework/Versions/3.12/lib/python3.12/asyncio/transports.py first seen with mtime 1717710263.0
File /Users/cc/Documents/CC_Self/CCHome/PAV/venv/lib/python3.12/site-packages/django/db/backends/base/validation.py first seen with mtime 1729230685.764308
File /Users/cc/Documents/CC_Self/CCHome/PAV/venv/lib/python3.12/site-packages/django/db/backends/base/validation.py first seen with mtime 1729230685.764308
File /Users/cc/Documents/CC_Self/CCHome/PAV/venv/lib/python3.12/site-packages/django/core/serializers/python.py first seen with mtime 1729230685.7621052
File /Users/cc/Documents/CC_Self/CCHome/PAV/venv/lib/python3.12/site-packages/django/core/serializers/python.py first seen with mtime 1729230685.7621052
File /Users/cc/Documents/CC_Self/CCHome/PAV/venv/lib/python3.12/site-packages/django/db/models/enums.py first seen with mtime 1729230685.7713645
File /Users/cc/Documents/CC_Self/CCHome/PAV/venv/lib/python3.12/site-packages/django/db/models/enums.py first seen with mtime 1729230685.7713645
File /Users/cc/Documents/CC_Self/CCHome/PAV/venv/lib/python3.12/site-packages/django/core/cache/backends/__init__.py first seen with mtime 1729230685.752942
File /Users/cc/Documents/CC_Self/CCHome/PAV/venv/lib/python3.12/site-packages/django/core/cache/backends/__init__.py first seen with mtime 1729230685.752942
File /Library/Frameworks/Python.framework/Versions/3.12/lib/python3.12/zoneinfo/_tzpath.py first seen with mtime 1717710265.0
File /Library/Frameworks/Python.framework/Versions/3.12/lib/python3.12/zoneinfo/_tzpath.py first seen with mtime 1717710265.0
File /Users/cc/Documents/CC_Self/CCHome/PAV/venv/lib/python3.12/site-packages/PIL/Image.py first seen with mtime 1729230684.2971644
File /Users/cc/Documents/CC_Self/CCHome/PAV/venv/lib/python3.12/site-packages/PIL/Image.py first seen with mtime 1729230684.2971644
File /Users/cc/Documents/CC_Self/CCHome/PAV/venv/lib/python3.12/site-packages/pymysql/protocol.py first seen with mtime 1729230683.3732207
File /Users/cc/Documents/CC_Self/CCHome/PAV/venv/lib/python3.12/site-packages/pymysql/protocol.py first seen with mtime 1729230683.3732207
File /Users/cc/Documents/CC_Self/CCHome/PAV/venv/lib/python3.12/site-packages/django/core/files/uploadhandler.py first seen with mtime 1729230685.7560441
File /Users/cc/Documents/CC_Self/CCHome/PAV/venv/lib/python3.12/site-packages/django/core/files/uploadhandler.py first seen with mtime 1729230685.7560441
File /Library/Frameworks/Python.framework/Versions/3.12/lib/python3.12/email/contentmanager.py first seen with mtime 1717710264.0
File /Library/Frameworks/Python.framework/Versions/3.12/lib/python3.12/email/contentmanager.py first seen with mtime 1717710264.0
File /Users/cc/Documents/CC_Self/CCHome/PAV/show/admin.py first seen with mtime 1725105618.2435699
File /Users/cc/Documents/CC_Self/CCHome/PAV/show/admin.py first seen with mtime 1725105618.2435699
File /Users/cc/Documents/CC_Self/CCHome/PAV/venv/lib/python3.12/site-packages/cryptography/hazmat/primitives/__init__.py first seen with mtime 1729230686.4639452
File /Users/cc/Documents/CC_Self/CCHome/PAV/venv/lib/python3.12/site-packages/cryptography/hazmat/primitives/__init__.py first seen with mtime 1729230686.4639452
File /Library/Frameworks/Python.framework/Versions/3.12/lib/python3.12/asyncio/protocols.py first seen with mtime 1717710263.0
File /Library/Frameworks/Python.framework/Versions/3.12/lib/python3.12/asyncio/protocols.py first seen with mtime 1717710263.0
File /Users/cc/Documents/CC_Self/CCHome/PAV/venv/lib/python3.12/site-packages/django/contrib/admin/templatetags/base.py first seen with mtime 1729230685.4396398
File /Users/cc/Documents/CC_Self/CCHome/PAV/venv/lib/python3.12/site-packages/django/contrib/admin/templatetags/base.py first seen with mtime 1729230685.4396398
File /Users/cc/Documents/CC_Self/CCHome/PAV/show/models.py first seen with mtime 1725105618.2443328
File /Users/cc/Documents/CC_Self/CCHome/PAV/show/models.py first seen with mtime 1725105618.2443328
File /Users/cc/Documents/CC_Self/CCHome/PAV/venv/lib/python3.12/site-packages/django/db/models/expressions.py first seen with mtime 1729230685.7714975
File /Users/cc/Documents/CC_Self/CCHome/PAV/venv/lib/python3.12/site-packages/django/db/models/expressions.py first seen with mtime 1729230685.7714975
File /Users/cc/Documents/CC_Self/CCHome/PAV/venv/lib/python3.12/site-packages/django/core/files/uploadedfile.py first seen with mtime 1729230685.7559326
File /Users/cc/Documents/CC_Self/CCHome/PAV/venv/lib/python3.12/site-packages/django/core/files/uploadedfile.py first seen with mtime 1729230685.7559326
File /Library/Frameworks/Python.framework/Versions/3.12/lib/python3.12/importlib/_abc.py first seen with mtime 1717710265.0
File /Library/Frameworks/Python.framework/Versions/3.12/lib/python3.12/importlib/_abc.py first seen with mtime 1717710265.0
File /Users/cc/Documents/CC_Self/CCHome/PAV/venv/lib/python3.12/site-packages/django/core/paginator.py first seen with mtime 1729230685.752246
File /Users/cc/Documents/CC_Self/CCHome/PAV/venv/lib/python3.12/site-packages/django/core/paginator.py first seen with mtime 1729230685.752246
File /Users/cc/Documents/CC_Self/CCHome/PAV/venv/lib/python3.12/site-packages/django/middleware/cache.py first seen with mtime 1729230685.7855122
File /Users/cc/Documents/CC_Self/CCHome/PAV/venv/lib/python3.12/site-packages/django/middleware/cache.py first seen with mtime 1729230685.7855122
File /Users/cc/Documents/CC_Self/CCHome/PAV/venv/lib/python3.12/site-packages/pymysql/constants/COMMAND.py first seen with mtime 1729230683.3735266
File /Users/cc/Documents/CC_Self/CCHome/PAV/venv/lib/python3.12/site-packages/pymysql/constants/COMMAND.py first seen with mtime 1729230683.3735266
File /Library/Frameworks/Python.framework/Versions/3.12/lib/python3.12/gettext.py first seen with mtime 1717710263.0
File /Library/Frameworks/Python.framework/Versions/3.12/lib/python3.12/gettext.py first seen with mtime 1717710263.0
File /Users/cc/Documents/CC_Self/CCHome/PAV/show/templates/show first seen with mtime 1725170513.966875
File /Users/cc/Documents/CC_Self/CCHome/PAV/show/templates/show first seen with mtime 1725170513.966875
File /Users/cc/Documents/CC_Self/CCHome/PAV/show/templates/show/index.html first seen with mtime 1726216566.2719233
File /Users/cc/Documents/CC_Self/CCHome/PAV/show/templates/show/index.html first seen with mtime 1726216566.2719233
File /Users/cc/Documents/CC_Self/CCHome/PAV/f_proc/templates/.DS_Store first seen with mtime 1723444317.0105464
File /Users/cc/Documents/CC_Self/CCHome/PAV/f_proc/templates/.DS_Store first seen with mtime 1723444317.0105464
File /Users/cc/Documents/CC_Self/CCHome/PAV/f_proc/templates/f_proc first seen with mtime 1730091672.7539563
File /Users/cc/Documents/CC_Self/CCHome/PAV/f_proc/templates/f_proc first seen with mtime 1730091672.7539563
File /Users/cc/Documents/CC_Self/CCHome/PAV/f_proc/templates/f_proc/v2hls.html first seen with mtime 1725891897.4783995
File /Users/cc/Documents/CC_Self/CCHome/PAV/f_proc/templates/f_proc/v2hls.html first seen with mtime 1725891897.4783995
File /Users/cc/Documents/CC_Self/CCHome/PAV/f_proc/templates/f_proc/checkAllFile.html first seen with mtime 1730083045.4359303
File /Users/cc/Documents/CC_Self/CCHome/PAV/f_proc/templates/f_proc/checkAllFile.html first seen with mtime 1730083045.4359303
File /Users/cc/Documents/CC_Self/CCHome/PAV/f_proc/templates/f_proc/base_ct.html first seen with mtime 1726897333.2463403
File /Users/cc/Documents/CC_Self/CCHome/PAV/f_proc/templates/f_proc/base_ct.html first seen with mtime 1726897333.2463403
File /Users/cc/Documents/CC_Self/CCHome/PAV/f_proc/templates/f_proc/base.html first seen with mtime 1726020282.4695687
File /Users/cc/Documents/CC_Self/CCHome/PAV/f_proc/templates/f_proc/base.html first seen with mtime 1726020282.4695687
File /Users/cc/Documents/CC_Self/CCHome/PAV/f_proc/templates/f_proc/base_upload_dir.html first seen with mtime 1726920970.1607993
File /Users/cc/Documents/CC_Self/CCHome/PAV/f_proc/templates/f_proc/base_upload_dir.html first seen with mtime 1726920970.1607993
File /Users/cc/Documents/CC_Self/CCHome/PAV/f_proc/templates/f_proc/list.html first seen with mtime 1725891824.1026528
File /Users/cc/Documents/CC_Self/CCHome/PAV/f_proc/templates/f_proc/list.html first seen with mtime 1725891824.1026528
File /Users/cc/Documents/CC_Self/CCHome/PAV/f_proc/templates/f_proc/base_list.html first seen with mtime 1726649561.255141
File /Users/cc/Documents/CC_Self/CCHome/PAV/f_proc/templates/f_proc/base_list.html first seen with mtime 1726649561.255141
File /Users/cc/Documents/CC_Self/CCHome/PAV/f_proc/templates/f_proc/ct.html first seen with mtime 1725891965.6607885
File /Users/cc/Documents/CC_Self/CCHome/PAV/f_proc/templates/f_proc/ct.html first seen with mtime 1725891965.6607885
File /Users/cc/Documents/CC_Self/CCHome/PAV/f_proc/templates/f_proc/404.html first seen with mtime 1724931395.2643437
File /Users/cc/Documents/CC_Self/CCHome/PAV/f_proc/templates/f_proc/404.html first seen with mtime 1724931395.2643437
File /Users/cc/Documents/CC_Self/CCHome/PAV/f_proc/templates/f_proc/base_upload_hls.html first seen with mtime 1727436345.6902459
File /Users/cc/Documents/CC_Self/CCHome/PAV/f_proc/templates/f_proc/base_upload_hls.html first seen with mtime 1727436345.6902459
File /Users/cc/Documents/CC_Self/CCHome/PAV/f_proc/templates/f_proc/base_v2hls.html first seen with mtime 1726368189.7547226
File /Users/cc/Documents/CC_Self/CCHome/PAV/f_proc/templates/f_proc/base_v2hls.html first seen with mtime 1726368189.7547226
File /Users/cc/Documents/CC_Self/CCHome/PAV/f_proc/templates/f_proc/base_proc_dis_file.html first seen with mtime 1730094720.2633197
File /Users/cc/Documents/CC_Self/CCHome/PAV/f_proc/templates/f_proc/base_proc_dis_file.html first seen with mtime 1730094720.2633197
File /Users/cc/Documents/CC_Self/CCHome/PAV/f_proc/templates/f_proc/random.html first seen with mtime 1726476137.1693559
File /Users/cc/Documents/CC_Self/CCHome/PAV/f_proc/templates/f_proc/random.html first seen with mtime 1726476137.1693559
File /Users/cc/Documents/CC_Self/CCHome/PAV/f_proc/templates/f_proc/upload_dir.html first seen with mtime 1726891762.3640983
File /Users/cc/Documents/CC_Self/CCHome/PAV/f_proc/templates/f_proc/upload_dir.html first seen with mtime 1726891762.3640983
File /Users/cc/Documents/CC_Self/CCHome/PAV/f_proc/templates/f_proc/base_random.html first seen with mtime 1727254285.897062
File /Users/cc/Documents/CC_Self/CCHome/PAV/f_proc/templates/f_proc/base_random.html first seen with mtime 1727254285.897062
File /Users/cc/Documents/CC_Self/CCHome/PAV/f_proc/templates/f_proc/base_delete.html first seen with mtime 1726368105.963921
File /Users/cc/Documents/CC_Self/CCHome/PAV/f_proc/templates/f_proc/base_delete.html first seen with mtime 1726368105.963921
File /Users/cc/Documents/CC_Self/CCHome/PAV/f_proc/templates/f_proc/base_upload.html first seen with mtime 1726218758.681473
File /Users/cc/Documents/CC_Self/CCHome/PAV/f_proc/templates/f_proc/base_upload.html first seen with mtime 1726218758.681473
File /Users/cc/Documents/CC_Self/CCHome/PAV/f_proc/templates/f_proc/base_filter.html first seen with mtime 1726649599.1921616
File /Users/cc/Documents/CC_Self/CCHome/PAV/f_proc/templates/f_proc/base_filter.html first seen with mtime 1726649599.1921616
File /Users/cc/Documents/CC_Self/CCHome/PAV/f_proc/templates/f_proc/proc_dis_file.html first seen with mtime 1730091653.9952068
File /Users/cc/Documents/CC_Self/CCHome/PAV/f_proc/templates/f_proc/proc_dis_file.html first seen with mtime 1730091653.9952068
File /Users/cc/Documents/CC_Self/CCHome/PAV/f_proc/templates/f_proc/delete.html first seen with mtime 1726219077.3907254
File /Users/cc/Documents/CC_Self/CCHome/PAV/f_proc/templates/f_proc/delete.html first seen with mtime 1726219077.3907254
File /Users/cc/Documents/CC_Self/CCHome/PAV/f_proc/templates/f_proc/nav.html first seen with mtime 1726538280.2516758
File /Users/cc/Documents/CC_Self/CCHome/PAV/f_proc/templates/f_proc/nav.html first seen with mtime 1726538280.2516758
File /Users/cc/Documents/CC_Self/CCHome/PAV/f_proc/templates/f_proc/upload.html first seen with mtime 1725891920.4677904
File /Users/cc/Documents/CC_Self/CCHome/PAV/f_proc/templates/f_proc/upload.html first seen with mtime 1725891920.4677904
File /Users/cc/Documents/CC_Self/CCHome/PAV/f_proc/templates/f_proc/upload_hls.html first seen with mtime 1727400872.8842237
File /Users/cc/Documents/CC_Self/CCHome/PAV/f_proc/templates/f_proc/upload_hls.html first seen with mtime 1727400872.8842237
File /Users/cc/Documents/CC_Self/CCHome/PAV/f_proc/templates/f_proc/filter.html first seen with mtime 1725891944.9318235
File /Users/cc/Documents/CC_Self/CCHome/PAV/f_proc/templates/f_proc/filter.html first seen with mtime 1725891944.9318235
File /Users/cc/Documents/CC_Self/CCHome/PAV/f_proc/templates/f_proc/filter.html previous mtime: 1725891944.9318235, current mtime: 1730474118.1955228
File /Users/cc/Documents/CC_Self/CCHome/PAV/f_proc/templates/f_proc/filter.html previous mtime: 1725891944.9318235, current mtime: 1730474118.1955228
/Users/cc/Documents/CC_Self/CCHome/PAV/f_proc/templates/f_proc/filter.html notified as changed. Signal results: [(<function template_changed at 0x1028523e0>, True), (<function translation_file_changed at 0x103754b80>, None)].
/Users/cc/Documents/CC_Self/CCHome/PAV/f_proc/templates/f_proc/filter.html notified as changed. Signal results: [(<function template_changed at 0x1028523e0>, True), (<function translation_file_changed at 0x103754b80>, None)].
Watching for file changes with StatReloader
Watching for file changes with StatReloader
Waiting for apps ready_event.
Waiting for apps ready_event.
Apps ready_event triggered. Sending autoreload_started signal.
Apps ready_event triggered. Sending autoreload_started signal.
Watching dir /Users/cc/Documents/CC_Self/CCHome/PAV/show/templates with glob **/*.
Watching dir /Users/cc/Documents/CC_Self/CCHome/PAV/show/templates with glob **/*.
Watching dir /Users/cc/Documents/CC_Self/CCHome/PAV/f_proc/templates with glob **/*.
Watching dir /Users/cc/Documents/CC_Self/CCHome/PAV/f_proc/templates with glob **/*.
Watching dir /Users/cc/Documents/CC_Self/CCHome/PAV/locale with glob **/*.mo.
Watching dir /Users/cc/Documents/CC_Self/CCHome/PAV/locale with glob **/*.mo.
Watching dir /Users/cc/Documents/CC_Self/CCHome/PAV/show/locale with glob **/*.mo.
Watching dir /Users/cc/Documents/CC_Self/CCHome/PAV/show/locale with glob **/*.mo.
Watching dir /Users/cc/Documents/CC_Self/CCHome/PAV/f_proc/locale with glob **/*.mo.
Watching dir /Users/cc/Documents/CC_Self/CCHome/PAV/f_proc/locale with glob **/*.mo.
File /Library/Frameworks/Python.framework/Versions/3.12/lib/python3.12/asyncio/coroutines.py first seen with mtime 1717710263.0
File /Library/Frameworks/Python.framework/Versions/3.12/lib/python3.12/asyncio/coroutines.py first seen with mtime 1717710263.0
File /Library/Frameworks/Python.framework/Versions/3.12/lib/python3.12/re/__init__.py first seen with mtime 1717710265.0
File /Library/Frameworks/Python.framework/Versions/3.12/lib/python3.12/re/__init__.py first seen with mtime 1717710265.0
File /Users/cc/Documents/CC_Self/CCHome/PAV/venv/lib/python3.12/site-packages/django/conf/global_settings.py first seen with mtime 1729230685.3245976
File /Users/cc/Documents/CC_Self/CCHome/PAV/venv/lib/python3.12/site-packages/django/conf/global_settings.py first seen with mtime 1729230685.3245976
File /Library/Frameworks/Python.framework/Versions/3.12/lib/python3.12/asyncio/protocols.py first seen with mtime 1717710263.0
File /Library/Frameworks/Python.framework/Versions/3.12/lib/python3.12/asyncio/protocols.py first seen with mtime 1717710263.0
File /Users/cc/Documents/CC_Self/CCHome/PAV/venv/lib/python3.12/site-packages/cryptography/hazmat/primitives/ciphers/base.py first seen with mtime 1729230686.464642
File /Users/cc/Documents/CC_Self/CCHome/PAV/venv/lib/python3.12/site-packages/cryptography/hazmat/primitives/ciphers/base.py first seen with mtime 1729230686.464642
File /Users/cc/Documents/CC_Self/CCHome/PAV/venv/lib/python3.12/site-packages/django/contrib/admin/templatetags/__init__.py first seen with mtime 1729230685.4392574
File /Users/cc/Documents/CC_Self/CCHome/PAV/venv/lib/python3.12/site-packages/django/contrib/admin/templatetags/__init__.py first seen with mtime 1729230685.4392574
File /Users/cc/Documents/CC_Self/CCHome/PAV/venv/lib/python3.12/site-packages/django/contrib/auth/admin.py first seen with mtime 1729230685.469014
File /Users/cc/Documents/CC_Self/CCHome/PAV/venv/lib/python3.12/site-packages/django/contrib/auth/admin.py first seen with mtime 1729230685.469014
File /Users/cc/Documents/CC_Self/CCHome/PAV/venv/lib/python3.12/site-packages/django/contrib/sessions/base_session.py first seen with mtime 1729230685.699112
File /Users/cc/Documents/CC_Self/CCHome/PAV/venv/lib/python3.12/site-packages/django/contrib/sessions/base_session.py first seen with mtime 1729230685.699112
File /Library/Frameworks/Python.framework/Versions/3.12/lib/python3.12/asyncio/futures.py first seen with mtime 1717710263.0
File /Library/Frameworks/Python.framework/Versions/3.12/lib/python3.12/asyncio/futures.py first seen with mtime 1717710263.0
File /Users/cc/Documents/CC_Self/CCHome/PAV/venv/lib/python3.12/site-packages/django/db/models/sql/__init__.py first seen with mtime 1729230685.774363
File /Users/cc/Documents/CC_Self/CCHome/PAV/venv/lib/python3.12/site-packages/django/db/models/sql/__init__.py first seen with mtime 1729230685.774363
File /Users/cc/Documents/CC_Self/CCHome/PAV/venv/lib/python3.12/site-packages/django/db/models/__init__.py first seen with mtime 1729230685.7707698
File /Users/cc/Documents/CC_Self/CCHome/PAV/venv/lib/python3.12/site-packages/django/db/models/__init__.py first seen with mtime 1729230685.7707698
File /Library/Frameworks/Python.framework/Versions/3.12/lib/python3.12/base64.py first seen with mtime 1717710263.0
File /Library/Frameworks/Python.framework/Versions/3.12/lib/python3.12/base64.py first seen with mtime 1717710263.0
File /Users/cc/Documents/CC_Self/CCHome/PAV/venv/lib/python3.12/site-packages/asgiref/local.py first seen with mtime 1729230684.9766097
File /Users/cc/Documents/CC_Self/CCHome/PAV/venv/lib/python3.12/site-packages/asgiref/local.py first seen with mtime 1729230684.9766097
File /Users/cc/Documents/CC_Self/CCHome/PAV/venv/lib/python3.12/site-packages/django/core/files/locks.py first seen with mtime 1729230685.7556465
File /Users/cc/Documents/CC_Self/CCHome/PAV/venv/lib/python3.12/site-packages/django/core/files/locks.py first seen with mtime 1729230685.7556465
File /Users/cc/Documents/CC_Self/CCHome/PAV/venv/lib/python3.12/site-packages/django/urls/exceptions.py first seen with mtime 1729230685.7906516
File /Users/cc/Documents/CC_Self/CCHome/PAV/venv/lib/python3.12/site-packages/django/urls/exceptions.py first seen with mtime 1729230685.7906516
File /Library/Frameworks/Python.framework/Versions/3.12/lib/python3.12/lib-dynload/_zoneinfo.cpython-312-darwin.so first seen with mtime 1717710661.0
File /Library/Frameworks/Python.framework/Versions/3.12/lib/python3.12/lib-dynload/_zoneinfo.cpython-312-darwin.so first seen with mtime 1717710661.0
File /Library/Frameworks/Python.framework/Versions/3.12/lib/python3.12/http/__init__.py first seen with mtime 1717710264.0
File /Library/Frameworks/Python.framework/Versions/3.12/lib/python3.12/http/__init__.py first seen with mtime 1717710264.0
File /Users/cc/Documents/CC_Self/CCHome/PAV/venv/lib/python3.12/site-packages/django/db/backends/mysql/validation.py first seen with mtime 1729230685.7657082
File /Users/cc/Documents/CC_Self/CCHome/PAV/venv/lib/python3.12/site-packages/django/db/backends/mysql/validation.py first seen with mtime 1729230685.7657082
File /Users/cc/Documents/CC_Self/CCHome/PAV/venv/lib/python3.12/site-packages/django/views/decorators/csrf.py first seen with mtime 1729230685.7965736
File /Users/cc/Documents/CC_Self/CCHome/PAV/venv/lib/python3.12/site-packages/django/views/decorators/csrf.py first seen with mtime 1729230685.7965736
File /Users/cc/Documents/CC_Self/CCHome/PAV/venv/lib/python3.12/site-packages/django/middleware/__init__.py first seen with mtime 1729230685.7853787
File /Users/cc/Documents/CC_Self/CCHome/PAV/venv/lib/python3.12/site-packages/django/middleware/__init__.py first seen with mtime 1729230685.7853787
File /Library/Frameworks/Python.framework/Versions/3.12/lib/python3.12/inspect.py first seen with mtime 1717710263.0
File /Library/Frameworks/Python.framework/Versions/3.12/lib/python3.12/inspect.py first seen with mtime 1717710263.0
File /Library/Frameworks/Python.framework/Versions/3.12/lib/python3.12/gettext.py first seen with mtime 1717710263.0
File /Library/Frameworks/Python.framework/Versions/3.12/lib/python3.12/gettext.py first seen with mtime 1717710263.0
File /Users/cc/Documents/CC_Self/CCHome/PAV/show/models.py first seen with mtime 1725105618.2443328
File /Users/cc/Documents/CC_Self/CCHome/PAV/show/models.py first seen with mtime 1725105618.2443328
File /Users/cc/Documents/CC_Self/CCHome/PAV/venv/lib/python3.12/site-packages/django/core/signals.py first seen with mtime 1729230685.7523363
File /Users/cc/Documents/CC_Self/CCHome/PAV/venv/lib/python3.12/site-packages/django/core/signals.py first seen with mtime 1729230685.7523363
File /Users/cc/Documents/CC_Self/CCHome/PAV/venv/lib/python3.12/site-packages/django/apps/config.py first seen with mtime 1729230685.3242247
File /Users/cc/Documents/CC_Self/CCHome/PAV/venv/lib/python3.12/site-packages/django/apps/config.py first seen with mtime 1729230685.3242247
File /Library/Frameworks/Python.framework/Versions/3.12/lib/python3.12/dis.py first seen with mtime 1717710263.0
File /Library/Frameworks/Python.framework/Versions/3.12/lib/python3.12/dis.py first seen with mtime 1717710263.0
File /Users/cc/Documents/CC_Self/CCHome/PAV/venv/lib/python3.12/site-packages/django/forms/forms.py first seen with mtime 1729230685.776112
File /Users/cc/Documents/CC_Self/CCHome/PAV/venv/lib/python3.12/site-packages/django/forms/forms.py first seen with mtime 1729230685.776112
File /Users/cc/Documents/CC_Self/CCHome/PAV/venv/lib/python3.12/site-packages/django/contrib/admin/models.py first seen with mtime 1729230685.3702579
File /Users/cc/Documents/CC_Self/CCHome/PAV/venv/lib/python3.12/site-packages/django/contrib/admin/models.py first seen with mtime 1729230685.3702579
File /Users/cc/Documents/CC_Self/CCHome/PAV/venv/lib/python3.12/site-packages/django/db/models/functions/__init__.py first seen with mtime 1729230685.7735724
File /Users/cc/Documents/CC_Self/CCHome/PAV/venv/lib/python3.12/site-packages/django/db/models/functions/__init__.py first seen with mtime 1729230685.7735724
File /Users/cc/Documents/CC_Self/CCHome/PAV/venv/lib/python3.12/site-packages/PIL/_version.py first seen with mtime 1729230684.2875144
File /Users/cc/Documents/CC_Self/CCHome/PAV/venv/lib/python3.12/site-packages/PIL/_version.py first seen with mtime 1729230684.2875144
File /Library/Frameworks/Python.framework/Versions/3.12/lib/python3.12/lib-dynload/_bz2.cpython-312-darwin.so first seen with mtime 1717710652.0
File /Library/Frameworks/Python.framework/Versions/3.12/lib/python3.12/lib-dynload/_bz2.cpython-312-darwin.so first seen with mtime 1717710652.0
File /Users/cc/Documents/CC_Self/CCHome/PAV/venv/lib/python3.12/site-packages/django/db/models/fields/mixins.py first seen with mtime 1729230685.772888
File /Users/cc/Documents/CC_Self/CCHome/PAV/venv/lib/python3.12/site-packages/django/db/models/fields/mixins.py first seen with mtime 1729230685.772888
File /Users/cc/Documents/CC_Self/CCHome/PAV/venv/lib/python3.12/site-packages/django/core/checks/messages.py first seen with mtime 1729230685.7543223
File /Users/cc/Documents/CC_Self/CCHome/PAV/venv/lib/python3.12/site-packages/django/core/checks/messages.py first seen with mtime 1729230685.7543223
File /Users/cc/Documents/CC_Self/CCHome/PAV/venv/lib/python3.12/site-packages/django/db/models/deletion.py first seen with mtime 1729230685.7712908
File /Users/cc/Documents/CC_Self/CCHome/PAV/venv/lib/python3.12/site-packages/django/db/models/deletion.py first seen with mtime 1729230685.7712908
File /Users/cc/Documents/CC_Self/CCHome/PAV/venv/lib/python3.12/site-packages/django/__init__.py first seen with mtime 1729230685.3238096
File /Users/cc/Documents/CC_Self/CCHome/PAV/venv/lib/python3.12/site-packages/django/__init__.py first seen with mtime 1729230685.3238096
File /Users/cc/Documents/CC_Self/CCHome/PAV/venv/lib/python3.12/site-packages/django/contrib/admin/utils.py first seen with mtime 1729230685.3707988
File /Users/cc/Documents/CC_Self/CCHome/PAV/venv/lib/python3.12/site-packages/django/contrib/admin/utils.py first seen with mtime 1729230685.3707988
File /Users/cc/Documents/CC_Self/CCHome/PAV/venv/lib/python3.12/site-packages/sqlparse/sql.py first seen with mtime 1729230683.2971091
File /Users/cc/Documents/CC_Self/CCHome/PAV/venv/lib/python3.12/site-packages/sqlparse/sql.py first seen with mtime 1729230683.2971091
File /Users/cc/Documents/CC_Self/CCHome/PAV/venv/lib/python3.12/site-packages/cryptography/hazmat/__init__.py first seen with mtime 1729230686.4618795
File /Users/cc/Documents/CC_Self/CCHome/PAV/venv/lib/python3.12/site-packages/cryptography/hazmat/__init__.py first seen with mtime 1729230686.4618795
File /Users/cc/Documents/CC_Self/CCHome/PAV/venv/lib/python3.12/site-packages/django/core/files/storage/memory.py first seen with mtime 1729230685.7567112
File /Users/cc/Documents/CC_Self/CCHome/PAV/venv/lib/python3.12/site-packages/django/core/files/storage/memory.py first seen with mtime 1729230685.7567112
File /Users/cc/Documents/CC_Self/CCHome/PAV/venv/lib/python3.12/site-packages/django/core/checks/translation.py first seen with mtime 1729230685.7546816
File /Users/cc/Documents/CC_Self/CCHome/PAV/venv/lib/python3.12/site-packages/django/core/checks/translation.py first seen with mtime 1729230685.7546816
File /Users/cc/Documents/CC_Self/CCHome/PAV/venv/lib/python3.12/site-packages/django/templatetags/i18n.py first seen with mtime 1729230685.7890098
File /Users/cc/Documents/CC_Self/CCHome/PAV/venv/lib/python3.12/site-packages/django/templatetags/i18n.py first seen with mtime 1729230685.7890098
File /Users/cc/Documents/CC_Self/CCHome/PAV/venv/lib/python3.12/site-packages/django/core/checks/caches.py first seen with mtime 1729230685.75405
File /Users/cc/Documents/CC_Self/CCHome/PAV/venv/lib/python3.12/site-packages/django/core/checks/caches.py first seen with mtime 1729230685.75405
File /Library/Frameworks/Python.framework/Versions/3.12/lib/python3.12/lzma.py first seen with mtime 1717710263.0
File /Library/Frameworks/Python.framework/Versions/3.12/lib/python3.12/lzma.py first seen with mtime 1717710263.0
File /Users/cc/Documents/CC_Self/CCHome/PAV/venv/lib/python3.12/site-packages/PIL/_typing.py first seen with mtime 1729230684.2872758
File /Users/cc/Documents/CC_Self/CCHome/PAV/venv/lib/python3.12/site-packages/PIL/_typing.py first seen with mtime 1729230684.2872758
File /Library/Frameworks/Python.framework/Versions/3.12/lib/python3.12/encodings/utf_8.py first seen with mtime 1717710264.0
File /Library/Frameworks/Python.framework/Versions/3.12/lib/python3.12/encodings/utf_8.py first seen with mtime 1717710264.0
File /Users/cc/Documents/CC_Self/CCHome/PAV/venv/lib/python3.12/site-packages/django/forms/__init__.py first seen with mtime 1729230685.7756925
File /Users/cc/Documents/CC_Self/CCHome/PAV/venv/lib/python3.12/site-packages/django/forms/__init__.py first seen with mtime 1729230685.7756925
File /Users/cc/Documents/CC_Self/CCHome/PAV/venv/lib/python3.12/site-packages/cryptography/hazmat/primitives/ciphers/__init__.py first seen with mtime 1729230686.464401
File /Users/cc/Documents/CC_Self/CCHome/PAV/venv/lib/python3.12/site-packages/cryptography/hazmat/primitives/ciphers/__init__.py first seen with mtime 1729230686.464401
File /Users/cc/Documents/CC_Self/CCHome/PAV/venv/lib/python3.12/site-packages/django/core/cache/backends/filebased.py first seen with mtime 1729230685.7534368
File /Users/cc/Documents/CC_Self/CCHome/PAV/venv/lib/python3.12/site-packages/django/core/cache/backends/filebased.py first seen with mtime 1729230685.7534368
File /Library/Frameworks/Python.framework/Versions/3.12/lib/python3.12/_compat_pickle.py first seen with mtime 1717710263.0
File /Library/Frameworks/Python.framework/Versions/3.12/lib/python3.12/_compat_pickle.py first seen with mtime 1717710263.0
File /Users/cc/Documents/CC_Self/CCHome/PAV/venv/lib/python3.12/site-packages/pymysql/constants/CLIENT.py first seen with mtime 1729230683.373432
File /Users/cc/Documents/CC_Self/CCHome/PAV/venv/lib/python3.12/site-packages/pymysql/constants/CLIENT.py first seen with mtime 1729230683.373432
File /Library/Frameworks/Python.framework/Versions/3.12/lib/python3.12/weakref.py first seen with mtime 1717710263.0
File /Library/Frameworks/Python.framework/Versions/3.12/lib/python3.12/weakref.py first seen with mtime 1717710263.0
File /Users/cc/Documents/CC_Self/CCHome/PAV/venv/lib/python3.12/site-packages/django/core/checks/database.py first seen with mtime 1729230685.7541368
File /Users/cc/Documents/CC_Self/CCHome/PAV/venv/lib/python3.12/site-packages/django/core/checks/database.py first seen with mtime 1729230685.7541368
File /Users/cc/Documents/CC_Self/CCHome/PAV/venv/lib/python3.12/site-packages/django/contrib/sites/requests.py first seen with mtime 1729230685.7266035
File /Users/cc/Documents/CC_Self/CCHome/PAV/venv/lib/python3.12/site-packages/django/contrib/sites/requests.py first seen with mtime 1729230685.7266035
File /Users/cc/Documents/CC_Self/CCHome/PAV/venv/lib/python3.12/site-packages/django/db/models/fields/reverse_related.py first seen with mtime 1729230685.773473
File /Users/cc/Documents/CC_Self/CCHome/PAV/venv/lib/python3.12/site-packages/django/db/models/fields/reverse_related.py first seen with mtime 1729230685.773473
File /Library/Frameworks/Python.framework/Versions/3.12/lib/python3.12/json/decoder.py first seen with mtime 1717710265.0
File /Library/Frameworks/Python.framework/Versions/3.12/lib/python3.12/json/decoder.py first seen with mtime 1717710265.0
File /Library/Frameworks/Python.framework/Versions/3.12/lib/python3.12/pickle.py first seen with mtime 1717710263.0
File /Library/Frameworks/Python.framework/Versions/3.12/lib/python3.12/pickle.py first seen with mtime 1717710263.0
File /Users/cc/Documents/CC_Self/CCHome/PAV/venv/lib/python3.12/site-packages/cryptography/hazmat/primitives/_serialization.py first seen with mtime 1729230686.4627445
File /Users/cc/Documents/CC_Self/CCHome/PAV/venv/lib/python3.12/site-packages/cryptography/hazmat/primitives/_serialization.py first seen with mtime 1729230686.4627445
File /Library/Frameworks/Python.framework/Versions/3.12/lib/python3.12/socketserver.py first seen with mtime 1717710263.0
File /Library/Frameworks/Python.framework/Versions/3.12/lib/python3.12/socketserver.py first seen with mtime 1717710263.0
File /Library/Frameworks/Python.framework/Versions/3.12/lib/python3.12/lib-dynload/unicodedata.cpython-312-darwin.so first seen with mtime 1717710663.0
File /Library/Frameworks/Python.framework/Versions/3.12/lib/python3.12/lib-dynload/unicodedata.cpython-312-darwin.so first seen with mtime 1717710663.0
File /Users/cc/Documents/CC_Self/CCHome/PAV/venv/lib/python3.12/site-packages/django/template/defaulttags.py first seen with mtime 1729230685.7869961
File /Users/cc/Documents/CC_Self/CCHome/PAV/venv/lib/python3.12/site-packages/django/template/defaulttags.py first seen with mtime 1729230685.7869961
File /Users/cc/Documents/CC_Self/CCHome/PAV/f_proc/models.py first seen with mtime 1730100994.5200553
File /Users/cc/Documents/CC_Self/CCHome/PAV/f_proc/models.py first seen with mtime 1730100994.5200553
File /Users/cc/Documents/CC_Self/CCHome/PAV/venv/lib/python3.12/site-packages/django/template/base.py first seen with mtime 1729230685.7865548
File /Users/cc/Documents/CC_Self/CCHome/PAV/venv/lib/python3.12/site-packages/django/template/base.py first seen with mtime 1729230685.7865548
File /Users/cc/Documents/CC_Self/CCHome/PAV/venv/lib/python3.12/site-packages/django/utils/autoreload.py first seen with mtime 1729230685.7912652
File /Users/cc/Documents/CC_Self/CCHome/PAV/venv/lib/python3.12/site-packages/django/utils/autoreload.py first seen with mtime 1729230685.7912652
File /Library/Frameworks/Python.framework/Versions/3.12/lib/python3.12/difflib.py first seen with mtime 1717710263.0
File /Library/Frameworks/Python.framework/Versions/3.12/lib/python3.12/difflib.py first seen with mtime 1717710263.0
File /Users/cc/Documents/CC_Self/CCHome/PAV/venv/lib/python3.12/site-packages/django/views/i18n.py first seen with mtime 1729230685.7960138
File /Users/cc/Documents/CC_Self/CCHome/PAV/venv/lib/python3.12/site-packages/django/views/i18n.py first seen with mtime 1729230685.7960138
File /Library/Frameworks/Python.framework/Versions/3.12/lib/python3.12/bz2.py first seen with mtime 1717710263.0
File /Library/Frameworks/Python.framework/Versions/3.12/lib/python3.12/bz2.py first seen with mtime 1717710263.0
File /Library/Frameworks/Python.framework/Versions/3.12/lib/python3.12/asyncio/taskgroups.py first seen with mtime 1717710263.0
File /Library/Frameworks/Python.framework/Versions/3.12/lib/python3.12/asyncio/taskgroups.py first seen with mtime 1717710263.0
File /Users/cc/Documents/CC_Self/CCHome/PAV/venv/lib/python3.12/site-packages/django/utils/translation/reloader.py first seen with mtime 1729230685.7951794
File /Users/cc/Documents/CC_Self/CCHome/PAV/venv/lib/python3.12/site-packages/django/utils/translation/reloader.py first seen with mtime 1729230685.7951794
File /Users/cc/Documents/CC_Self/CCHome/PAV/venv/lib/python3.12/site-packages/django/views/csrf.py first seen with mtime 1729230685.7956634
File /Users/cc/Documents/CC_Self/CCHome/PAV/venv/lib/python3.12/site-packages/django/views/csrf.py first seen with mtime 1729230685.7956634
File /Users/cc/Documents/CC_Self/CCHome/PAV/venv/lib/python3.12/site-packages/django/core/files/temp.py first seen with mtime 1729230685.7558246
File /Users/cc/Documents/CC_Self/CCHome/PAV/venv/lib/python3.12/site-packages/django/core/files/temp.py first seen with mtime 1729230685.7558246
File /Users/cc/Documents/CC_Self/CCHome/PAV/venv/lib/python3.12/site-packages/django/urls/conf.py first seen with mtime 1729230685.79051
File /Users/cc/Documents/CC_Self/CCHome/PAV/venv/lib/python3.12/site-packages/django/urls/conf.py first seen with mtime 1729230685.79051
File /Users/cc/Documents/CC_Self/CCHome/PAV/venv/lib/python3.12/site-packages/asgiref/__init__.py first seen with mtime 1729230684.9763079
File /Users/cc/Documents/CC_Self/CCHome/PAV/venv/lib/python3.12/site-packages/asgiref/__init__.py first seen with mtime 1729230684.9763079
File /Users/cc/Documents/CC_Self/CCHome/PAV/venv/lib/python3.12/site-packages/django/contrib/admin/views/main.py first seen with mtime 1729230685.440081
File /Users/cc/Documents/CC_Self/CCHome/PAV/venv/lib/python3.12/site-packages/django/contrib/admin/views/main.py first seen with mtime 1729230685.440081
File /Users/cc/Documents/CC_Self/CCHome/PAV/venv/lib/python3.12/site-packages/django/db/models/options.py first seen with mtime 1729230685.7719078
File /Users/cc/Documents/CC_Self/CCHome/PAV/venv/lib/python3.12/site-packages/django/db/models/options.py first seen with mtime 1729230685.7719078
File /Users/cc/Documents/CC_Self/CCHome/PAV/venv/lib/python3.12/site-packages/django/contrib/staticfiles/views.py first seen with mtime 1729230685.7511456
File /Users/cc/Documents/CC_Self/CCHome/PAV/venv/lib/python3.12/site-packages/django/contrib/staticfiles/views.py first seen with mtime 1729230685.7511456
File /Users/cc/Documents/CC_Self/CCHome/PAV/venv/lib/python3.12/site-packages/django/utils/datastructures.py first seen with mtime 1729230685.7917209
File /Users/cc/Documents/CC_Self/CCHome/PAV/venv/lib/python3.12/site-packages/django/utils/datastructures.py first seen with mtime 1729230685.7917209
File /Library/Frameworks/Python.framework/Versions/3.12/lib/python3.12/email/mime/multipart.py first seen with mtime 1717710264.0
File /Library/Frameworks/Python.framework/Versions/3.12/lib/python3.12/email/mime/multipart.py first seen with mtime 1717710264.0
File /Users/cc/Documents/CC_Self/CCHome/PAV/venv/lib/python3.12/site-packages/django/views/generic/dates.py first seen with mtime 1729230685.7973244
File /Users/cc/Documents/CC_Self/CCHome/PAV/venv/lib/python3.12/site-packages/django/views/generic/dates.py first seen with mtime 1729230685.7973244
File /Users/cc/Documents/CC_Self/CCHome/PAV/venv/lib/python3.12/site-packages/django/db/backends/mysql/creation.py first seen with mtime 1729230685.765101
File /Users/cc/Documents/CC_Self/CCHome/PAV/venv/lib/python3.12/site-packages/django/db/backends/mysql/creation.py first seen with mtime 1729230685.765101
File /Library/Frameworks/Python.framework/Versions/3.12/lib/python3.12/collections/abc.py first seen with mtime 1717710264.0
File /Library/Frameworks/Python.framework/Versions/3.12/lib/python3.12/collections/abc.py first seen with mtime 1717710264.0
File /Users/cc/Documents/CC_Self/CCHome/PAV/venv/lib/python3.12/site-packages/django/core/paginator.py first seen with mtime 1729230685.752246
File /Users/cc/Documents/CC_Self/CCHome/PAV/venv/lib/python3.12/site-packages/django/core/paginator.py first seen with mtime 1729230685.752246
File /Users/cc/Documents/CC_Self/CCHome/PAV/venv/lib/python3.12/site-packages/django/views/decorators/cache.py first seen with mtime 1729230685.7963343
File /Users/cc/Documents/CC_Self/CCHome/PAV/venv/lib/python3.12/site-packages/django/views/decorators/cache.py first seen with mtime 1729230685.7963343
File /Users/cc/Documents/CC_Self/CCHome/PAV/venv/lib/python3.12/site-packages/django/contrib/sessions/__init__.py first seen with mtime 1729230685.698897
File /Users/cc/Documents/CC_Self/CCHome/PAV/venv/lib/python3.12/site-packages/django/contrib/sessions/__init__.py first seen with mtime 1729230685.698897
File /Users/cc/Documents/CC_Self/CCHome/PAV/venv/lib/python3.12/site-packages/django/db/models/query_utils.py first seen with mtime 1729230685.7721796
File /Users/cc/Documents/CC_Self/CCHome/PAV/venv/lib/python3.12/site-packages/django/db/models/query_utils.py first seen with mtime 1729230685.7721796
File /Library/Frameworks/Python.framework/Versions/3.12/lib/python3.12/email/mime/__init__.py first seen with mtime 1717710264.0
File /Library/Frameworks/Python.framework/Versions/3.12/lib/python3.12/email/mime/__init__.py first seen with mtime 1717710264.0
File /Library/Frameworks/Python.framework/Versions/3.12/lib/python3.12/contextlib.py first seen with mtime 1717710263.0
File /Library/Frameworks/Python.framework/Versions/3.12/lib/python3.12/contextlib.py first seen with mtime 1717710263.0
File /Users/cc/Documents/CC_Self/CCHome/PAV/venv/lib/python3.12/site-packages/django/db/transaction.py first seen with mtime 1729230685.7627
File /Users/cc/Documents/CC_Self/CCHome/PAV/venv/lib/python3.12/site-packages/django/db/transaction.py first seen with mtime 1729230685.7627
File /Library/Frameworks/Python.framework/Versions/3.12/lib/python3.12/struct.py first seen with mtime 1717710263.0
File /Library/Frameworks/Python.framework/Versions/3.12/lib/python3.12/struct.py first seen with mtime 1717710263.0
File /Users/cc/Documents/CC_Self/CCHome/PAV/venv/lib/python3.12/site-packages/cryptography/utils.py first seen with mtime 1729230686.470854
File /Users/cc/Documents/CC_Self/CCHome/PAV/venv/lib/python3.12/site-packages/cryptography/utils.py first seen with mtime 1729230686.470854
File /Library/Frameworks/Python.framework/Versions/3.12/lib/python3.12/asyncio/streams.py first seen with mtime 1717710263.0
File /Library/Frameworks/Python.framework/Versions/3.12/lib/python3.12/asyncio/streams.py first seen with mtime 1717710263.0
File /Users/cc/Documents/CC_Self/CCHome/PAV/venv/lib/python3.12/site-packages/django/contrib/staticfiles/__init__.py first seen with mtime 1729230685.7503667
File /Users/cc/Documents/CC_Self/CCHome/PAV/venv/lib/python3.12/site-packages/django/contrib/staticfiles/__init__.py first seen with mtime 1729230685.7503667
File /Users/cc/Documents/CC_Self/CCHome/PAV/venv/lib/python3.12/site-packages/django/db/migrations/operations/fields.py first seen with mtime 1729230685.7704844
File /Users/cc/Documents/CC_Self/CCHome/PAV/venv/lib/python3.12/site-packages/django/db/migrations/operations/fields.py first seen with mtime 1729230685.7704844
File /Users/cc/Documents/CC_Self/CCHome/PAV/venv/lib/python3.12/site-packages/cryptography/hazmat/decrepit/ciphers/__init__.py first seen with mtime 1729230686.4614594
File /Users/cc/Documents/CC_Self/CCHome/PAV/venv/lib/python3.12/site-packages/cryptography/hazmat/decrepit/ciphers/__init__.py first seen with mtime 1729230686.4614594
File /Library/Frameworks/Python.framework/Versions/3.12/lib/python3.12/lib-dynload/array.cpython-312-darwin.so first seen with mtime 1717710661.0
File /Library/Frameworks/Python.framework/Versions/3.12/lib/python3.12/lib-dynload/array.cpython-312-darwin.so first seen with mtime 1717710661.0
File /Library/Frameworks/Python.framework/Versions/3.12/lib/python3.12/lib-dynload/zlib.cpython-312-darwin.so first seen with mtime 1717710664.0
File /Library/Frameworks/Python.framework/Versions/3.12/lib/python3.12/lib-dynload/zlib.cpython-312-darwin.so first seen with mtime 1717710664.0
File /Users/cc/Documents/CC_Self/CCHome/PAV/venv/lib/python3.12/site-packages/PIL/_binary.py first seen with mtime 1729230684.2969363
File /Users/cc/Documents/CC_Self/CCHome/PAV/venv/lib/python3.12/site-packages/PIL/_binary.py first seen with mtime 1729230684.2969363
File /Users/cc/Documents/CC_Self/CCHome/PAV/venv/lib/python3.12/site-packages/django/contrib/auth/password_validation.py first seen with mtime 1729230685.4705806
File /Users/cc/Documents/CC_Self/CCHome/PAV/venv/lib/python3.12/site-packages/django/contrib/auth/password_validation.py first seen with mtime 1729230685.4705806
File /Users/cc/Documents/CC_Self/CCHome/PAV/venv/lib/python3.12/site-packages/django/contrib/contenttypes/admin.py first seen with mtime 1729230685.5340116
File /Users/cc/Documents/CC_Self/CCHome/PAV/venv/lib/python3.12/site-packages/django/contrib/contenttypes/admin.py first seen with mtime 1729230685.5340116
File /Users/cc/Documents/CC_Self/CCHome/PAV/venv/lib/python3.12/site-packages/django/contrib/staticfiles/apps.py first seen with mtime 1729230685.7504518
File /Users/cc/Documents/CC_Self/CCHome/PAV/venv/lib/python3.12/site-packages/django/contrib/staticfiles/apps.py first seen with mtime 1729230685.7504518
File /Users/cc/Documents/CC_Self/CCHome/PAV/venv/lib/python3.12/site-packages/django/template/__init__.py first seen with mtime 1729230685.7863247
File /Users/cc/Documents/CC_Self/CCHome/PAV/venv/lib/python3.12/site-packages/django/template/__init__.py first seen with mtime 1729230685.7863247
File /Users/cc/Documents/CC_Self/CCHome/PAV/venv/lib/python3.12/site-packages/django/contrib/auth/base_user.py first seen with mtime 1729230685.4693496
File /Users/cc/Documents/CC_Self/CCHome/PAV/venv/lib/python3.12/site-packages/django/contrib/auth/base_user.py first seen with mtime 1729230685.4693496
File /Users/cc/Documents/CC_Self/CCHome/PAV/venv/lib/python3.12/site-packages/django/core/handlers/asgi.py first seen with mtime 1729230685.7570624
File /Users/cc/Documents/CC_Self/CCHome/PAV/venv/lib/python3.12/site-packages/django/core/handlers/asgi.py first seen with mtime 1729230685.7570624
File /Users/cc/Documents/CC_Self/CCHome/PAV/venv/lib/python3.12/site-packages/django/views/generic/base.py first seen with mtime 1729230685.7972302
File /Users/cc/Documents/CC_Self/CCHome/PAV/venv/lib/python3.12/site-packages/django/views/generic/base.py first seen with mtime 1729230685.7972302
File /Users/cc/Documents/CC_Self/CCHome/PAV/venv/lib/python3.12/site-packages/django/utils/__init__.py first seen with mtime 1729230685.7908976
File /Users/cc/Documents/CC_Self/CCHome/PAV/venv/lib/python3.12/site-packages/django/utils/__init__.py first seen with mtime 1729230685.7908976
File /Users/cc/Documents/CC_Self/CCHome/PAV/venv/lib/python3.12/site-packages/sqlparse/filters/aligned_indent.py first seen with mtime 1729230683.2978692
File /Users/cc/Documents/CC_Self/CCHome/PAV/venv/lib/python3.12/site-packages/sqlparse/filters/aligned_indent.py first seen with mtime 1729230683.2978692
File /Users/cc/Documents/CC_Self/CCHome/PAV/venv/lib/python3.12/site-packages/django/conf/__init__.py first seen with mtime 1729230685.3244936
File /Users/cc/Documents/CC_Self/CCHome/PAV/venv/lib/python3.12/site-packages/django/conf/__init__.py first seen with mtime 1729230685.3244936
File /Library/Frameworks/Python.framework/Versions/3.12/lib/python3.12/email/mime/message.py first seen with mtime 1717710264.0
File /Library/Frameworks/Python.framework/Versions/3.12/lib/python3.12/email/mime/message.py first seen with mtime 1717710264.0
File /Users/cc/Documents/CC_Self/CCHome/PAV/venv/lib/python3.12/site-packages/sqlparse/keywords.py first seen with mtime 1729230683.2969239
File /Users/cc/Documents/CC_Self/CCHome/PAV/venv/lib/python3.12/site-packages/sqlparse/keywords.py first seen with mtime 1729230683.2969239
File /Users/cc/Documents/CC_Self/CCHome/PAV/venv/lib/python3.12/site-packages/django/core/serializers/__init__.py first seen with mtime 1729230685.7617335
File /Users/cc/Documents/CC_Self/CCHome/PAV/venv/lib/python3.12/site-packages/django/core/serializers/__init__.py first seen with mtime 1729230685.7617335
File /Library/Frameworks/Python.framework/Versions/3.12/lib/python3.12/encodings/__init__.py first seen with mtime 1717710264.0
File /Library/Frameworks/Python.framework/Versions/3.12/lib/python3.12/encodings/__init__.py first seen with mtime 1717710264.0
File /Users/cc/Documents/CC_Self/CCHome/PAV/venv/lib/python3.12/site-packages/django/db/migrations/operations/models.py first seen with mtime 1729230685.7705786
File /Users/cc/Documents/CC_Self/CCHome/PAV/venv/lib/python3.12/site-packages/django/db/migrations/operations/models.py first seen with mtime 1729230685.7705786
File /Users/cc/Documents/CC_Self/CCHome/PAV/venv/lib/python3.12/site-packages/django/contrib/staticfiles/handlers.py first seen with mtime 1729230685.7507155
File /Users/cc/Documents/CC_Self/CCHome/PAV/venv/lib/python3.12/site-packages/django/contrib/staticfiles/handlers.py first seen with mtime 1729230685.7507155
File /Library/Frameworks/Python.framework/Versions/3.12/lib/python3.12/asyncio/trsock.py first seen with mtime 1717710263.0
File /Library/Frameworks/Python.framework/Versions/3.12/lib/python3.12/asyncio/trsock.py first seen with mtime 1717710263.0
File /Library/Frameworks/Python.framework/Versions/3.12/lib/python3.12/signal.py first seen with mtime 1717710263.0
File /Library/Frameworks/Python.framework/Versions/3.12/lib/python3.12/signal.py first seen with mtime 1717710263.0
File /Library/Frameworks/Python.framework/Versions/3.12/lib/python3.12/configparser.py first seen with mtime 1717710263.0
File /Library/Frameworks/Python.framework/Versions/3.12/lib/python3.12/configparser.py first seen with mtime 1717710263.0
File /Users/cc/Documents/CC_Self/CCHome/PAV/venv/lib/python3.12/site-packages/django/db/models/fields/related_descriptors.py first seen with mtime 1729230685.7732368
File /Users/cc/Documents/CC_Self/CCHome/PAV/venv/lib/python3.12/site-packages/django/db/models/fields/related_descriptors.py first seen with mtime 1729230685.7732368
File /Users/cc/Documents/CC_Self/CCHome/PAV/venv/lib/python3.12/site-packages/django/db/backends/base/introspection.py first seen with mtime 1729230685.7638865
File /Users/cc/Documents/CC_Self/CCHome/PAV/venv/lib/python3.12/site-packages/django/db/backends/base/introspection.py first seen with mtime 1729230685.7638865
File /Users/cc/Documents/CC_Self/CCHome/PAV/venv/lib/python3.12/site-packages/django/db/models/sql/query.py first seen with mtime 1729230685.7749624
File /Users/cc/Documents/CC_Self/CCHome/PAV/venv/lib/python3.12/site-packages/django/db/models/sql/query.py first seen with mtime 1729230685.7749624
File /Library/Frameworks/Python.framework/Versions/3.12/lib/python3.12/email/feedparser.py first seen with mtime 1717710264.0
File /Library/Frameworks/Python.framework/Versions/3.12/lib/python3.12/email/feedparser.py first seen with mtime 1717710264.0
File /Library/Frameworks/Python.framework/Versions/3.12/lib/python3.12/asyncio/base_subprocess.py first seen with mtime 1717710263.0
File /Library/Frameworks/Python.framework/Versions/3.12/lib/python3.12/asyncio/base_subprocess.py first seen with mtime 1717710263.0
File /Library/Frameworks/Python.framework/Versions/3.12/lib/python3.12/shutil.py first seen with mtime 1717710263.0
File /Library/Frameworks/Python.framework/Versions/3.12/lib/python3.12/shutil.py first seen with mtime 1717710263.0
File /Users/cc/Documents/CC_Self/CCHome/PAV/venv/lib/python3.12/site-packages/pymysql/constants/COMMAND.py first seen with mtime 1729230683.3735266
File /Users/cc/Documents/CC_Self/CCHome/PAV/venv/lib/python3.12/site-packages/pymysql/constants/COMMAND.py first seen with mtime 1729230683.3735266
File /Users/cc/Documents/CC_Self/CCHome/PAV/venv/lib/python3.12/site-packages/django/contrib/staticfiles/utils.py first seen with mtime 1729230685.7510722
File /Users/cc/Documents/CC_Self/CCHome/PAV/venv/lib/python3.12/site-packages/django/contrib/staticfiles/utils.py first seen with mtime 1729230685.7510722
File /Library/Frameworks/Python.framework/Versions/3.12/lib/python3.12/traceback.py first seen with mtime 1717710263.0
File /Library/Frameworks/Python.framework/Versions/3.12/lib/python3.12/traceback.py first seen with mtime 1717710263.0
File /Library/Frameworks/Python.framework/Versions/3.12/lib/python3.12/sysconfig.py first seen with mtime 1717710263.0
File /Library/Frameworks/Python.framework/Versions/3.12/lib/python3.12/sysconfig.py first seen with mtime 1717710263.0
File /Users/cc/Documents/CC_Self/CCHome/PAV/venv/lib/python3.12/site-packages/django/core/files/uploadedfile.py first seen with mtime 1729230685.7559326
File /Users/cc/Documents/CC_Self/CCHome/PAV/venv/lib/python3.12/site-packages/django/core/files/uploadedfile.py first seen with mtime 1729230685.7559326
File /Users/cc/Documents/CC_Self/CCHome/PAV/venv/lib/python3.12/site-packages/django/db/models/sql/where.py first seen with mtime 1729230685.775249
File /Users/cc/Documents/CC_Self/CCHome/PAV/venv/lib/python3.12/site-packages/django/db/models/sql/where.py first seen with mtime 1729230685.775249
File /Users/cc/Documents/CC_Self/CCHome/PAV/venv/lib/python3.12/site-packages/django/urls/base.py first seen with mtime 1729230685.7904277
File /Users/cc/Documents/CC_Self/CCHome/PAV/venv/lib/python3.12/site-packages/django/urls/base.py first seen with mtime 1729230685.7904277
File /Users/cc/Documents/CC_Self/CCHome/PAV/venv/lib/python3.12/site-packages/django/template/engine.py first seen with mtime 1729230685.7871168
File /Users/cc/Documents/CC_Self/CCHome/PAV/venv/lib/python3.12/site-packages/django/template/engine.py first seen with mtime 1729230685.7871168
File /Users/cc/Documents/CC_Self/CCHome/PAV/venv/lib/python3.12/site-packages/sqlparse/engine/grouping.py first seen with mtime 1729230683.2975461
File /Users/cc/Documents/CC_Self/CCHome/PAV/venv/lib/python3.12/site-packages/sqlparse/engine/grouping.py first seen with mtime 1729230683.2975461
File /Users/cc/Documents/CC_Self/CCHome/PAV/venv/lib/python3.12/site-packages/django/template/loaders/cached.py first seen with mtime 1729230685.7886193
File /Users/cc/Documents/CC_Self/CCHome/PAV/venv/lib/python3.12/site-packages/django/template/loaders/cached.py first seen with mtime 1729230685.7886193
File /Users/cc/Documents/CC_Self/CCHome/PAV/venv/lib/python3.12/site-packages/django/utils/duration.py first seen with mtime 1729230685.7923534
File /Users/cc/Documents/CC_Self/CCHome/PAV/venv/lib/python3.12/site-packages/django/utils/duration.py first seen with mtime 1729230685.7923534
File /Library/Frameworks/Python.framework/Versions/3.12/lib/python3.12/asyncio/queues.py first seen with mtime 1717710263.0
File /Library/Frameworks/Python.framework/Versions/3.12/lib/python3.12/asyncio/queues.py first seen with mtime 1717710263.0
File /Users/cc/Documents/CC_Self/CCHome/PAV/venv/lib/python3.12/site-packages/django/contrib/messages/utils.py first seen with mtime 1729230685.651244
File /Users/cc/Documents/CC_Self/CCHome/PAV/venv/lib/python3.12/site-packages/django/contrib/messages/utils.py first seen with mtime 1729230685.651244
File /Library/Frameworks/Python.framework/Versions/3.12/lib/python3.12/textwrap.py first seen with mtime 1717710263.0
File /Library/Frameworks/Python.framework/Versions/3.12/lib/python3.12/textwrap.py first seen with mtime 1717710263.0
File /Users/cc/Documents/CC_Self/CCHome/PAV/venv/lib/python3.12/site-packages/django/utils/dateformat.py first seen with mtime 1729230685.791824
File /Users/cc/Documents/CC_Self/CCHome/PAV/venv/lib/python3.12/site-packages/django/utils/dateformat.py first seen with mtime 1729230685.791824
File /Users/cc/Documents/CC_Self/CCHome/PAV/venv/lib/python3.12/site-packages/django/contrib/auth/checks.py first seen with mtime 1729230685.46947
File /Users/cc/Documents/CC_Self/CCHome/PAV/venv/lib/python3.12/site-packages/django/contrib/auth/checks.py first seen with mtime 1729230685.46947
File /Users/cc/Documents/CC_Self/CCHome/PAV/venv/lib/python3.12/site-packages/django/utils/module_loading.py first seen with mtime 1729230685.7938683
File /Users/cc/Documents/CC_Self/CCHome/PAV/venv/lib/python3.12/site-packages/django/utils/module_loading.py first seen with mtime 1729230685.7938683
File /Users/cc/Documents/CC_Self/CCHome/PAV/venv/lib/python3.12/site-packages/django/db/migrations/operations/__init__.py first seen with mtime 1729230685.7702608
File /Users/cc/Documents/CC_Self/CCHome/PAV/venv/lib/python3.12/site-packages/django/db/migrations/operations/__init__.py first seen with mtime 1729230685.7702608
File /Users/cc/Documents/CC_Self/CCHome/PAV/venv/lib/python3.12/site-packages/django/core/exceptions.py first seen with mtime 1729230685.7521396
File /Users/cc/Documents/CC_Self/CCHome/PAV/venv/lib/python3.12/site-packages/django/core/exceptions.py first seen with mtime 1729230685.7521396
File /Users/cc/Documents/CC_Self/CCHome/PAV/venv/lib/python3.12/site-packages/asgiref/sync.py first seen with mtime 1729230684.9768643
File /Users/cc/Documents/CC_Self/CCHome/PAV/venv/lib/python3.12/site-packages/asgiref/sync.py first seen with mtime 1729230684.9768643
File /Users/cc/Documents/CC_Self/CCHome/PAV/venv/lib/python3.12/site-packages/django/core/management/base.py first seen with mtime 1729230685.7585871
File /Users/cc/Documents/CC_Self/CCHome/PAV/venv/lib/python3.12/site-packages/django/core/management/base.py first seen with mtime 1729230685.7585871
File /Library/Frameworks/Python.framework/Versions/3.12/lib/python3.12/_compression.py first seen with mtime 1717710263.0
File /Library/Frameworks/Python.framework/Versions/3.12/lib/python3.12/_compression.py first seen with mtime 1717710263.0
File /Users/cc/Documents/CC_Self/CCHome/PAV/venv/lib/python3.12/site-packages/django/core/files/__init__.py first seen with mtime 1729230685.7553632
File /Users/cc/Documents/CC_Self/CCHome/PAV/venv/lib/python3.12/site-packages/django/core/files/__init__.py first seen with mtime 1729230685.7553632
File /Users/cc/Documents/CC_Self/CCHome/PAV/venv/lib/python3.12/site-packages/django/core/management/commands/__init__.py first seen with mtime 1729230685.759109
File /Users/cc/Documents/CC_Self/CCHome/PAV/venv/lib/python3.12/site-packages/django/core/management/commands/__init__.py first seen with mtime 1729230685.759109
File /Library/Frameworks/Python.framework/Versions/3.12/lib/python3.12/_markupbase.py first seen with mtime 1717710263.0
File /Library/Frameworks/Python.framework/Versions/3.12/lib/python3.12/_markupbase.py first seen with mtime 1717710263.0
File /Users/cc/Documents/CC_Self/CCHome/PAV/venv/lib/python3.12/site-packages/django/contrib/contenttypes/management/__init__.py first seen with mtime 1729230685.5585651
File /Users/cc/Documents/CC_Self/CCHome/PAV/venv/lib/python3.12/site-packages/django/contrib/contenttypes/management/__init__.py first seen with mtime 1729230685.5585651
File /Users/cc/Documents/CC_Self/CCHome/PAV/venv/lib/python3.12/site-packages/django/template/exceptions.py first seen with mtime 1729230685.787196
File /Users/cc/Documents/CC_Self/CCHome/PAV/venv/lib/python3.12/site-packages/django/template/exceptions.py first seen with mtime 1729230685.787196
File /Users/cc/Documents/CC_Self/CCHome/PAV/venv/lib/python3.12/site-packages/cryptography/hazmat/primitives/serialization/__init__.py first seen with mtime 1729230686.4632626
File /Users/cc/Documents/CC_Self/CCHome/PAV/venv/lib/python3.12/site-packages/cryptography/hazmat/primitives/serialization/__init__.py first seen with mtime 1729230686.4632626
File /Users/cc/Documents/CC_Self/CCHome/PAV/venv/lib/python3.12/site-packages/django/utils/crypto.py first seen with mtime 1729230685.7916155
File /Users/cc/Documents/CC_Self/CCHome/PAV/venv/lib/python3.12/site-packages/django/utils/crypto.py first seen with mtime 1729230685.7916155
File /Users/cc/Documents/CC_Self/CCHome/PAV/venv/lib/python3.12/site-packages/django/utils/connection.py first seen with mtime 1729230685.7915368
File /Users/cc/Documents/CC_Self/CCHome/PAV/venv/lib/python3.12/site-packages/django/utils/connection.py first seen with mtime 1729230685.7915368
File /Library/Frameworks/Python.framework/Versions/3.12/lib/python3.12/reprlib.py first seen with mtime 1717710263.0
File /Library/Frameworks/Python.framework/Versions/3.12/lib/python3.12/reprlib.py first seen with mtime 1717710263.0
File /Users/cc/Documents/CC_Self/CCHome/PAV/venv/lib/python3.12/site-packages/django/contrib/admin/templatetags/admin_urls.py first seen with mtime 1729230685.439555
File /Users/cc/Documents/CC_Self/CCHome/PAV/venv/lib/python3.12/site-packages/django/contrib/admin/templatetags/admin_urls.py first seen with mtime 1729230685.439555
File /Users/cc/Documents/CC_Self/CCHome/PAV/venv/lib/python3.12/site-packages/django/templatetags/static.py first seen with mtime 1729230685.7891839
File /Users/cc/Documents/CC_Self/CCHome/PAV/venv/lib/python3.12/site-packages/django/templatetags/static.py first seen with mtime 1729230685.7891839
File /Library/Frameworks/Python.framework/Versions/3.12/lib/python3.12/wsgiref/util.py first seen with mtime 1717710265.0
File /Library/Frameworks/Python.framework/Versions/3.12/lib/python3.12/wsgiref/util.py first seen with mtime 1717710265.0
File /Users/cc/Documents/CC_Self/CCHome/PAV/venv/lib/python3.12/site-packages/django/utils/formats.py first seen with mtime 1729230685.7927384
File /Users/cc/Documents/CC_Self/CCHome/PAV/venv/lib/python3.12/site-packages/django/utils/formats.py first seen with mtime 1729230685.7927384
File /Library/Frameworks/Python.framework/Versions/3.12/lib/python3.12/json/scanner.py first seen with mtime 1717710265.0
File /Library/Frameworks/Python.framework/Versions/3.12/lib/python3.12/json/scanner.py first seen with mtime 1717710265.0
File /Users/cc/Documents/CC_Self/CCHome/PAV/venv/lib/python3.12/site-packages/django/core/checks/async_checks.py first seen with mtime 1729230685.7539635
File /Users/cc/Documents/CC_Self/CCHome/PAV/venv/lib/python3.12/site-packages/django/core/checks/async_checks.py first seen with mtime 1729230685.7539635
File /Library/Frameworks/Python.framework/Versions/3.12/lib/python3.12/asyncio/events.py first seen with mtime 1717710263.0
File /Library/Frameworks/Python.framework/Versions/3.12/lib/python3.12/asyncio/events.py first seen with mtime 1717710263.0
File /Library/Frameworks/Python.framework/Versions/3.12/lib/python3.12/datetime.py first seen with mtime 1717710263.0
File /Library/Frameworks/Python.framework/Versions/3.12/lib/python3.12/datetime.py first seen with mtime 1717710263.0
File /Users/cc/Documents/CC_Self/CCHome/PAV/venv/lib/python3.12/site-packages/django/dispatch/dispatcher.py first seen with mtime 1729230685.775476
File /Users/cc/Documents/CC_Self/CCHome/PAV/venv/lib/python3.12/site-packages/django/dispatch/dispatcher.py first seen with mtime 1729230685.775476
File /Library/Frameworks/Python.framework/Versions/3.12/lib/python3.12/gzip.py first seen with mtime 1717710263.0
File /Library/Frameworks/Python.framework/Versions/3.12/lib/python3.12/gzip.py first seen with mtime 1717710263.0
File /Users/cc/Documents/CC_Self/CCHome/PAV/venv/lib/python3.12/site-packages/sqlparse/cli.py first seen with mtime 1729230683.2966437
File /Users/cc/Documents/CC_Self/CCHome/PAV/venv/lib/python3.12/site-packages/sqlparse/cli.py first seen with mtime 1729230683.2966437
File /Users/cc/Documents/CC_Self/CCHome/PAV/venv/lib/python3.12/site-packages/cryptography/hazmat/bindings/__init__.py first seen with mtime 1729230686.4691248
File /Users/cc/Documents/CC_Self/CCHome/PAV/venv/lib/python3.12/site-packages/cryptography/hazmat/bindings/__init__.py first seen with mtime 1729230686.4691248
File /Users/cc/Documents/CC_Self/CCHome/PAV/venv/lib/python3.12/site-packages/django/core/management/__init__.py first seen with mtime 1729230685.7584598
File /Users/cc/Documents/CC_Self/CCHome/PAV/venv/lib/python3.12/site-packages/django/core/management/__init__.py first seen with mtime 1729230685.7584598
File /Users/cc/Documents/CC_Self/CCHome/PAV/venv/lib/python3.12/site-packages/django/utils/http.py first seen with mtime 1729230685.7932384
File /Users/cc/Documents/CC_Self/CCHome/PAV/venv/lib/python3.12/site-packages/django/utils/http.py first seen with mtime 1729230685.7932384
File /Users/cc/Documents/CC_Self/CCHome/PAV/venv/lib/python3.12/site-packages/django/db/backends/base/__init__.py first seen with mtime 1729230685.7632418
File /Users/cc/Documents/CC_Self/CCHome/PAV/venv/lib/python3.12/site-packages/django/db/backends/base/__init__.py first seen with mtime 1729230685.7632418
File /Users/cc/Documents/CC_Self/CCHome/PAV/f_proc/views.py first seen with mtime 1730473293.955879
File /Users/cc/Documents/CC_Self/CCHome/PAV/f_proc/views.py first seen with mtime 1730473293.955879
File /Library/Frameworks/Python.framework/Versions/3.12/lib/python3.12/wsgiref/__init__.py first seen with mtime 1717710265.0
File /Library/Frameworks/Python.framework/Versions/3.12/lib/python3.12/wsgiref/__init__.py first seen with mtime 1717710265.0
File /Library/Frameworks/Python.framework/Versions/3.12/lib/python3.12/concurrent/futures/_base.py first seen with mtime 1717710264.0
File /Library/Frameworks/Python.framework/Versions/3.12/lib/python3.12/concurrent/futures/_base.py first seen with mtime 1717710264.0
File /Library/Frameworks/Python.framework/Versions/3.12/lib/python3.12/subprocess.py first seen with mtime 1717710263.0
File /Library/Frameworks/Python.framework/Versions/3.12/lib/python3.12/subprocess.py first seen with mtime 1717710263.0
File /Users/cc/Documents/CC_Self/CCHome/PAV/venv/lib/python3.12/site-packages/django/core/files/storage/__init__.py first seen with mtime 1729230685.756256
File /Users/cc/Documents/CC_Self/CCHome/PAV/venv/lib/python3.12/site-packages/django/core/files/storage/__init__.py first seen with mtime 1729230685.756256
File /Users/cc/Documents/CC_Self/CCHome/PAV/venv/lib/python3.12/site-packages/django/template/loader_tags.py first seen with mtime 1729230685.7875507
File /Users/cc/Documents/CC_Self/CCHome/PAV/venv/lib/python3.12/site-packages/django/template/loader_tags.py first seen with mtime 1729230685.7875507
File /Users/cc/Documents/CC_Self/CCHome/PAV/venv/lib/python3.12/site-packages/django/contrib/staticfiles/finders.py first seen with mtime 1729230685.7506366
File /Users/cc/Documents/CC_Self/CCHome/PAV/venv/lib/python3.12/site-packages/django/contrib/staticfiles/finders.py first seen with mtime 1729230685.7506366
File /Users/cc/Documents/CC_Self/CCHome/PAV/venv/lib/python3.12/site-packages/django/db/backends/base/features.py first seen with mtime 1729230685.7637656
File /Users/cc/Documents/CC_Self/CCHome/PAV/venv/lib/python3.12/site-packages/django/db/backends/base/features.py first seen with mtime 1729230685.7637656
File /Library/Frameworks/Python.framework/Versions/3.12/lib/python3.12/re/_constants.py first seen with mtime 1717710265.0
File /Library/Frameworks/Python.framework/Versions/3.12/lib/python3.12/re/_constants.py first seen with mtime 1717710265.0
File /Users/cc/Documents/CC_Self/CCHome/PAV/venv/lib/python3.12/site-packages/django/contrib/admin/templatetags/base.py first seen with mtime 1729230685.4396398
File /Users/cc/Documents/CC_Self/CCHome/PAV/venv/lib/python3.12/site-packages/django/contrib/admin/templatetags/base.py first seen with mtime 1729230685.4396398
File /Users/cc/Documents/CC_Self/CCHome/PAV/venv/lib/python3.12/site-packages/django/core/mail/__init__.py first seen with mtime 1729230685.757583
File /Users/cc/Documents/CC_Self/CCHome/PAV/venv/lib/python3.12/site-packages/django/core/mail/__init__.py first seen with mtime 1729230685.757583
File /Library/Frameworks/Python.framework/Versions/3.12/lib/python3.12/lib-dynload/_datetime.cpython-312-darwin.so first seen with mtime 1717710655.0
File /Library/Frameworks/Python.framework/Versions/3.12/lib/python3.12/lib-dynload/_datetime.cpython-312-darwin.so first seen with mtime 1717710655.0
File /Users/cc/Documents/CC_Self/CCHome/PAV/venv/lib/python3.12/site-packages/django/db/models/enums.py first seen with mtime 1729230685.7713645
File /Users/cc/Documents/CC_Self/CCHome/PAV/venv/lib/python3.12/site-packages/django/db/models/enums.py first seen with mtime 1729230685.7713645
File /Users/cc/Documents/CC_Self/CCHome/PAV/venv/lib/python3.12/site-packages/django/core/signing.py first seen with mtime 1729230685.7524543
File /Users/cc/Documents/CC_Self/CCHome/PAV/venv/lib/python3.12/site-packages/django/core/signing.py first seen with mtime 1729230685.7524543
File /Users/cc/Documents/CC_Self/CCHome/PAV/venv/lib/python3.12/site-packages/django/db/migrations/operations/base.py first seen with mtime 1729230685.770353
File /Users/cc/Documents/CC_Self/CCHome/PAV/venv/lib/python3.12/site-packages/django/db/migrations/operations/base.py first seen with mtime 1729230685.770353
File /Users/cc/Documents/CC_Self/CCHome/PAV/venv/lib/python3.12/site-packages/PIL/_util.py first seen with mtime 1729230684.2951152
File /Users/cc/Documents/CC_Self/CCHome/PAV/venv/lib/python3.12/site-packages/PIL/_util.py first seen with mtime 1729230684.2951152
File /Users/cc/Documents/CC_Self/CCHome/PAV/venv/lib/python3.12/site-packages/django/db/backends/base/base.py first seen with mtime 1729230685.7633555
File /Users/cc/Documents/CC_Self/CCHome/PAV/venv/lib/python3.12/site-packages/django/db/backends/base/base.py first seen with mtime 1729230685.7633555
File /Library/Frameworks/Python.framework/Versions/3.12/lib/python3.12/email/header.py first seen with mtime 1717710264.0
File /Library/Frameworks/Python.framework/Versions/3.12/lib/python3.12/email/header.py first seen with mtime 1717710264.0
File /Users/cc/Documents/CC_Self/CCHome/PAV/f_proc/urls.py first seen with mtime 1730473131.0399332
File /Users/cc/Documents/CC_Self/CCHome/PAV/f_proc/urls.py first seen with mtime 1730473131.0399332
File /Users/cc/Documents/CC_Self/CCHome/PAV/venv/lib/python3.12/site-packages/django/core/checks/security/__init__.py first seen with mtime 1729230685.754988
File /Users/cc/Documents/CC_Self/CCHome/PAV/venv/lib/python3.12/site-packages/django/core/checks/security/__init__.py first seen with mtime 1729230685.754988
File /Users/cc/Documents/CC_Self/CCHome/PAV/venv/lib/python3.12/site-packages/django/template/loader.py first seen with mtime 1729230685.7874103
File /Users/cc/Documents/CC_Self/CCHome/PAV/venv/lib/python3.12/site-packages/django/template/loader.py first seen with mtime 1729230685.7874103
File /Users/cc/Documents/CC_Self/CCHome/PAV/venv/lib/python3.12/site-packages/django/contrib/admin/decorators.py first seen with mtime 1729230685.3697402
File /Users/cc/Documents/CC_Self/CCHome/PAV/venv/lib/python3.12/site-packages/django/contrib/admin/decorators.py first seen with mtime 1729230685.3697402
File /Users/cc/Documents/CC_Self/CCHome/PAV/venv/lib/python3.12/site-packages/django/utils/termcolors.py first seen with mtime 1729230685.7943
File /Users/cc/Documents/CC_Self/CCHome/PAV/venv/lib/python3.12/site-packages/django/utils/termcolors.py first seen with mtime 1729230685.7943
File /Users/cc/Documents/CC_Self/CCHome/PAV/venv/lib/python3.12/site-packages/django/contrib/admin/views/autocomplete.py first seen with mtime 1729230685.4399078
File /Users/cc/Documents/CC_Self/CCHome/PAV/venv/lib/python3.12/site-packages/django/contrib/admin/views/autocomplete.py first seen with mtime 1729230685.4399078
File /Library/Frameworks/Python.framework/Versions/3.12/lib/python3.12/urllib/error.py first seen with mtime 1717710265.0
File /Library/Frameworks/Python.framework/Versions/3.12/lib/python3.12/urllib/error.py first seen with mtime 1717710265.0
File /Library/Frameworks/Python.framework/Versions/3.12/lib/python3.12/fnmatch.py first seen with mtime 1717710263.0
File /Library/Frameworks/Python.framework/Versions/3.12/lib/python3.12/fnmatch.py first seen with mtime 1717710263.0
File /Users/cc/Documents/CC_Self/CCHome/PAV/venv/lib/python3.12/site-packages/django/contrib/admin/templatetags/log.py first seen with mtime 1729230685.439719
File /Users/cc/Documents/CC_Self/CCHome/PAV/venv/lib/python3.12/site-packages/django/contrib/admin/templatetags/log.py first seen with mtime 1729230685.439719
File /Library/Frameworks/Python.framework/Versions/3.12/lib/python3.12/lib-dynload/math.cpython-312-darwin.so first seen with mtime 1717710662.0
File /Library/Frameworks/Python.framework/Versions/3.12/lib/python3.12/lib-dynload/math.cpython-312-darwin.so first seen with mtime 1717710662.0
File /Users/cc/Documents/CC_Self/CCHome/PAV/venv/lib/python3.12/site-packages/django/utils/dateparse.py first seen with mtime 1729230685.7919185
File /Users/cc/Documents/CC_Self/CCHome/PAV/venv/lib/python3.12/site-packages/django/utils/dateparse.py first seen with mtime 1729230685.7919185
File /Users/cc/Documents/CC_Self/CCHome/PAV/venv/lib/python3.12/site-packages/PIL/ImageMode.py first seen with mtime 1729230684.284323
File /Users/cc/Documents/CC_Self/CCHome/PAV/venv/lib/python3.12/site-packages/PIL/ImageMode.py first seen with mtime 1729230684.284323
File /Library/Frameworks/Python.framework/Versions/3.12/lib/python3.12/email/iterators.py first seen with mtime 1717710264.0
File /Library/Frameworks/Python.framework/Versions/3.12/lib/python3.12/email/iterators.py first seen with mtime 1717710264.0
File /Users/cc/Documents/CC_Self/CCHome/PAV/venv/lib/python3.12/site-packages/django/core/serializers/json.py first seen with mtime 1729230685.7619448
File /Users/cc/Documents/CC_Self/CCHome/PAV/venv/lib/python3.12/site-packages/django/core/serializers/json.py first seen with mtime 1729230685.7619448
File /Users/cc/Documents/CC_Self/CCHome/PAV/venv/lib/python3.12/site-packages/django/template/loaders/__init__.py first seen with mtime 1729230685.7883925
File /Users/cc/Documents/CC_Self/CCHome/PAV/venv/lib/python3.12/site-packages/django/template/loaders/__init__.py first seen with mtime 1729230685.7883925
File /Library/Frameworks/Python.framework/Versions/3.12/lib/python3.12/threading.py first seen with mtime 1717710263.0
File /Library/Frameworks/Python.framework/Versions/3.12/lib/python3.12/threading.py first seen with mtime 1717710263.0
File /Users/cc/Documents/CC_Self/CCHome/PAV/venv/lib/python3.12/site-packages/django/db/backends/mysql/__init__.py first seen with mtime 1729230685.76469
File /Users/cc/Documents/CC_Self/CCHome/PAV/venv/lib/python3.12/site-packages/django/db/backends/mysql/__init__.py first seen with mtime 1729230685.76469
File /Users/cc/Documents/CC_Self/CCHome/PAV/f_proc/forms.py first seen with mtime 1726389826.7067485
File /Users/cc/Documents/CC_Self/CCHome/PAV/f_proc/forms.py first seen with mtime 1726389826.7067485
File /Users/cc/Documents/CC_Self/CCHome/PAV/venv/lib/python3.12/site-packages/django/utils/log.py first seen with mtime 1729230685.7936847
File /Users/cc/Documents/CC_Self/CCHome/PAV/venv/lib/python3.12/site-packages/django/utils/log.py first seen with mtime 1729230685.7936847
File /Users/cc/Documents/CC_Self/CCHome/PAV/venv/lib/python3.12/site-packages/pymysql/constants/SERVER_STATUS.py first seen with mtime 1729230683.3740225
File /Users/cc/Documents/CC_Self/CCHome/PAV/venv/lib/python3.12/site-packages/pymysql/constants/SERVER_STATUS.py first seen with mtime 1729230683.3740225
File /Library/Frameworks/Python.framework/Versions/3.12/lib/python3.12/logging/__init__.py first seen with mtime 1717710265.0
File /Library/Frameworks/Python.framework/Versions/3.12/lib/python3.12/logging/__init__.py first seen with mtime 1717710265.0
File /Users/cc/Documents/CC_Self/CCHome/PAV/venv/lib/python3.12/site-packages/django/views/generic/detail.py first seen with mtime 1729230685.7974389
File /Users/cc/Documents/CC_Self/CCHome/PAV/venv/lib/python3.12/site-packages/django/views/generic/detail.py first seen with mtime 1729230685.7974389
File /Users/cc/Documents/CC_Self/CCHome/PAV/venv/lib/python3.12/site-packages/django/db/migrations/__init__.py first seen with mtime 1729230685.7687078
File /Users/cc/Documents/CC_Self/CCHome/PAV/venv/lib/python3.12/site-packages/django/db/migrations/__init__.py first seen with mtime 1729230685.7687078
File /Users/cc/Documents/CC_Self/CCHome/PAV/venv/lib/python3.12/site-packages/django/db/migrations/exceptions.py first seen with mtime 1729230685.7690003
File /Users/cc/Documents/CC_Self/CCHome/PAV/venv/lib/python3.12/site-packages/django/db/migrations/exceptions.py first seen with mtime 1729230685.7690003
File /Library/Frameworks/Python.framework/Versions/3.12/lib/python3.12/lib-dynload/_ssl.cpython-312-darwin.so first seen with mtime 1717710659.0
File /Library/Frameworks/Python.framework/Versions/3.12/lib/python3.12/lib-dynload/_ssl.cpython-312-darwin.so first seen with mtime 1717710659.0
File /Users/cc/Documents/CC_Self/CCHome/PAV/venv/lib/python3.12/site-packages/django/views/debug.py first seen with mtime 1729230685.7957668
File /Users/cc/Documents/CC_Self/CCHome/PAV/venv/lib/python3.12/site-packages/django/views/debug.py first seen with mtime 1729230685.7957668
File /Users/cc/Documents/CC_Self/CCHome/PAV/venv/lib/python3.12/site-packages/django/contrib/messages/apps.py first seen with mtime 1729230685.650868
File /Users/cc/Documents/CC_Self/CCHome/PAV/venv/lib/python3.12/site-packages/django/contrib/messages/apps.py first seen with mtime 1729230685.650868
File /Users/cc/Documents/CC_Self/CCHome/PAV/venv/lib/python3.12/site-packages/pymysql/charset.py first seen with mtime 1729230683.3725646
File /Users/cc/Documents/CC_Self/CCHome/PAV/venv/lib/python3.12/site-packages/pymysql/charset.py first seen with mtime 1729230683.3725646
File /Users/cc/Documents/CC_Self/CCHome/PAV/venv/lib/python3.12/site-packages/django/db/models/fields/files.py first seen with mtime 1729230685.772618
File /Users/cc/Documents/CC_Self/CCHome/PAV/venv/lib/python3.12/site-packages/django/db/models/fields/files.py first seen with mtime 1729230685.772618
File /Library/Frameworks/Python.framework/Versions/3.12/lib/python3.12/zoneinfo/__init__.py first seen with mtime 1717710265.0
File /Library/Frameworks/Python.framework/Versions/3.12/lib/python3.12/zoneinfo/__init__.py first seen with mtime 1717710265.0
File /Library/Frameworks/Python.framework/Versions/3.12/lib/python3.12/pathlib.py first seen with mtime 1717710263.0
File /Library/Frameworks/Python.framework/Versions/3.12/lib/python3.12/pathlib.py first seen with mtime 1717710263.0
File /Users/cc/Documents/CC_Self/CCHome/PAV/venv/lib/python3.12/site-packages/django/utils/timesince.py first seen with mtime 1729230685.7945695
File /Users/cc/Documents/CC_Self/CCHome/PAV/venv/lib/python3.12/site-packages/django/utils/timesince.py first seen with mtime 1729230685.7945695
File /Users/cc/Documents/CC_Self/CCHome/PAV/venv/lib/python3.12/site-packages/cffi/api.py first seen with mtime 1729230686.375604
File /Users/cc/Documents/CC_Self/CCHome/PAV/venv/lib/python3.12/site-packages/cffi/api.py first seen with mtime 1729230686.375604
File /Users/cc/Documents/CC_Self/CCHome/PAV/venv/lib/python3.12/site-packages/django/db/migrations/state.py first seen with mtime 1729230685.769944
File /Users/cc/Documents/CC_Self/CCHome/PAV/venv/lib/python3.12/site-packages/django/db/migrations/state.py first seen with mtime 1729230685.769944
File /Users/cc/Documents/CC_Self/CCHome/PAV/venv/lib/python3.12/site-packages/django/contrib/messages/storage/__init__.py first seen with mtime 1729230685.6514125
File /Users/cc/Documents/CC_Self/CCHome/PAV/venv/lib/python3.12/site-packages/django/contrib/messages/storage/__init__.py first seen with mtime 1729230685.6514125
File /Users/cc/Documents/CC_Self/CCHome/PAV/venv/lib/python3.12/site-packages/django/contrib/admin/apps.py first seen with mtime 1729230685.3695073
File /Users/cc/Documents/CC_Self/CCHome/PAV/venv/lib/python3.12/site-packages/django/contrib/admin/apps.py first seen with mtime 1729230685.3695073
File /Library/Frameworks/Python.framework/Versions/3.12/lib/python3.12/email/encoders.py first seen with mtime 1717710264.0
File /Library/Frameworks/Python.framework/Versions/3.12/lib/python3.12/email/encoders.py first seen with mtime 1717710264.0
File /Library/Frameworks/Python.framework/Versions/3.12/lib/python3.12/__future__.py first seen with mtime 1717710263.0
File /Library/Frameworks/Python.framework/Versions/3.12/lib/python3.12/__future__.py first seen with mtime 1717710263.0
File /Users/cc/Documents/CC_Self/CCHome/PAV/venv/lib/python3.12/site-packages/cryptography/hazmat/backends/__init__.py first seen with mtime 1729230686.4615645
File /Users/cc/Documents/CC_Self/CCHome/PAV/venv/lib/python3.12/site-packages/cryptography/hazmat/backends/__init__.py first seen with mtime 1729230686.4615645
File /Users/cc/Documents/CC_Self/CCHome/PAV/venv/lib/python3.12/site-packages/django/db/models/fields/__init__.py first seen with mtime 1729230685.7725182
File /Users/cc/Documents/CC_Self/CCHome/PAV/venv/lib/python3.12/site-packages/django/db/models/fields/__init__.py first seen with mtime 1729230685.7725182
File /Users/cc/Documents/CC_Self/CCHome/PAV/venv/lib/python3.12/site-packages/django/db/models/fields/related_lookups.py first seen with mtime 1729230685.7733364
File /Users/cc/Documents/CC_Self/CCHome/PAV/venv/lib/python3.12/site-packages/django/db/models/fields/related_lookups.py first seen with mtime 1729230685.7733364
File /Library/Frameworks/Python.framework/Versions/3.12/lib/python3.12/asyncio/constants.py first seen with mtime 1717710263.0
File /Library/Frameworks/Python.framework/Versions/3.12/lib/python3.12/asyncio/constants.py first seen with mtime 1717710263.0
File /Library/Frameworks/Python.framework/Versions/3.12/lib/python3.12/re/_casefix.py first seen with mtime 1717710265.0
File /Library/Frameworks/Python.framework/Versions/3.12/lib/python3.12/re/_casefix.py first seen with mtime 1717710265.0
File /Users/cc/Documents/CC_Self/CCHome/PAV/venv/lib/python3.12/site-packages/django/views/generic/__init__.py first seen with mtime 1729230685.797122
File /Users/cc/Documents/CC_Self/CCHome/PAV/venv/lib/python3.12/site-packages/django/views/generic/__init__.py first seen with mtime 1729230685.797122
File /Users/cc/Documents/CC_Self/CCHome/PAV/venv/lib/python3.12/site-packages/pymysql/constants/CR.py first seen with mtime 1729230683.3736193
File /Users/cc/Documents/CC_Self/CCHome/PAV/venv/lib/python3.12/site-packages/pymysql/constants/CR.py first seen with mtime 1729230683.3736193
File /Users/cc/Documents/CC_Self/CCHome/PAV/venv/lib/python3.12/site-packages/sqlparse/filters/__init__.py first seen with mtime 1729230683.2977643
File /Users/cc/Documents/CC_Self/CCHome/PAV/venv/lib/python3.12/site-packages/sqlparse/filters/__init__.py first seen with mtime 1729230683.2977643
File /Library/Frameworks/Python.framework/Versions/3.12/lib/python3.12/lib-dynload/_hashlib.cpython-312-darwin.so first seen with mtime 1717710655.0
File /Library/Frameworks/Python.framework/Versions/3.12/lib/python3.12/lib-dynload/_hashlib.cpython-312-darwin.so first seen with mtime 1717710655.0
File /Library/Frameworks/Python.framework/Versions/3.12/lib/python3.12/_sysconfigdata__darwin_darwin.py first seen with mtime 1717710299.0
File /Library/Frameworks/Python.framework/Versions/3.12/lib/python3.12/_sysconfigdata__darwin_darwin.py first seen with mtime 1717710299.0
File /Users/cc/Documents/CC_Self/CCHome/PAV/venv/lib/python3.12/site-packages/django/contrib/admin/templatetags/admin_modify.py first seen with mtime 1729230685.4394639
File /Users/cc/Documents/CC_Self/CCHome/PAV/venv/lib/python3.12/site-packages/django/contrib/admin/templatetags/admin_modify.py first seen with mtime 1729230685.4394639
File /Library/Frameworks/Python.framework/Versions/3.12/lib/python3.12/asyncio/transports.py first seen with mtime 1717710263.0
File /Library/Frameworks/Python.framework/Versions/3.12/lib/python3.12/asyncio/transports.py first seen with mtime 1717710263.0
File /Library/Frameworks/Python.framework/Versions/3.12/lib/python3.12/email/_policybase.py first seen with mtime 1717710264.0
File /Library/Frameworks/Python.framework/Versions/3.12/lib/python3.12/email/_policybase.py first seen with mtime 1717710264.0
File /Users/cc/Documents/CC_Self/CCHome/PAV/venv/lib/python3.12/site-packages/django/utils/hashable.py first seen with mtime 1729230685.7929583
File /Users/cc/Documents/CC_Self/CCHome/PAV/venv/lib/python3.12/site-packages/django/utils/hashable.py first seen with mtime 1729230685.7929583
File /Users/cc/Documents/CC_Self/CCHome/PAV/venv/lib/python3.12/site-packages/PIL/ExifTags.py first seen with mtime 1729230684.2883718
File /Users/cc/Documents/CC_Self/CCHome/PAV/venv/lib/python3.12/site-packages/PIL/ExifTags.py first seen with mtime 1729230684.2883718
File /Users/cc/Documents/CC_Self/CCHome/PAV/venv/lib/python3.12/site-packages/django/forms/fields.py first seen with mtime 1729230685.7759633
File /Users/cc/Documents/CC_Self/CCHome/PAV/venv/lib/python3.12/site-packages/django/forms/fields.py first seen with mtime 1729230685.7759633
File /Library/Frameworks/Python.framework/Versions/3.12/lib/python3.12/lib-dynload/_sha2.cpython-312-darwin.so first seen with mtime 1717710658.0
File /Library/Frameworks/Python.framework/Versions/3.12/lib/python3.12/lib-dynload/_sha2.cpython-312-darwin.so first seen with mtime 1717710658.0
File /Users/cc/Documents/CC_Self/CCHome/PAV/venv/lib/python3.12/site-packages/django/middleware/http.py first seen with mtime 1729230685.7860124
File /Users/cc/Documents/CC_Self/CCHome/PAV/venv/lib/python3.12/site-packages/django/middleware/http.py first seen with mtime 1729230685.7860124
File /Users/cc/Documents/CC_Self/CCHome/PAV/venv/lib/python3.12/site-packages/django/urls/__init__.py first seen with mtime 1729230685.7903202
File /Users/cc/Documents/CC_Self/CCHome/PAV/venv/lib/python3.12/site-packages/django/urls/__init__.py first seen with mtime 1729230685.7903202
File /Users/cc/Documents/CC_Self/CCHome/PAV/venv/lib/python3.12/site-packages/django/contrib/admin/checks.py first seen with mtime 1729230685.3696444
File /Users/cc/Documents/CC_Self/CCHome/PAV/venv/lib/python3.12/site-packages/django/contrib/admin/checks.py first seen with mtime 1729230685.3696444
File /Users/cc/Documents/CC_Self/CCHome/PAV/venv/lib/python3.12/site-packages/django/contrib/admin/helpers.py first seen with mtime 1729230685.3701496
File /Users/cc/Documents/CC_Self/CCHome/PAV/venv/lib/python3.12/site-packages/django/contrib/admin/helpers.py first seen with mtime 1729230685.3701496
File /Users/cc/Documents/CC_Self/CCHome/PAV/venv/lib/python3.12/site-packages/django/core/management/commands/runserver.py first seen with mtime 1729230685.760706
File /Users/cc/Documents/CC_Self/CCHome/PAV/venv/lib/python3.12/site-packages/django/core/management/commands/runserver.py first seen with mtime 1729230685.760706
File /Library/Frameworks/Python.framework/Versions/3.12/lib/python3.12/zoneinfo/_common.py first seen with mtime 1717710265.0
File /Library/Frameworks/Python.framework/Versions/3.12/lib/python3.12/zoneinfo/_common.py first seen with mtime 1717710265.0
File /Users/cc/Documents/CC_Self/CCHome/PAV/venv/lib/python3.12/site-packages/cryptography/hazmat/primitives/serialization/base.py first seen with mtime 1729230686.463702
File /Users/cc/Documents/CC_Self/CCHome/PAV/venv/lib/python3.12/site-packages/cryptography/hazmat/primitives/serialization/base.py first seen with mtime 1729230686.463702
File /Users/cc/Documents/CC_Self/CCHome/PAV/venv/lib/python3.12/site-packages/sqlparse/engine/__init__.py first seen with mtime 1729230683.2973456
File /Users/cc/Documents/CC_Self/CCHome/PAV/venv/lib/python3.12/site-packages/sqlparse/engine/__init__.py first seen with mtime 1729230683.2973456
File /Users/cc/Documents/CC_Self/CCHome/PAV/venv/lib/python3.12/site-packages/django/contrib/contenttypes/models.py first seen with mtime 1729230685.5344822
File /Users/cc/Documents/CC_Self/CCHome/PAV/venv/lib/python3.12/site-packages/django/contrib/contenttypes/models.py first seen with mtime 1729230685.5344822
File /Library/Frameworks/Python.framework/Versions/3.12/lib/python3.12/lib-dynload/select.cpython-312-darwin.so first seen with mtime 1717710663.0
File /Library/Frameworks/Python.framework/Versions/3.12/lib/python3.12/lib-dynload/select.cpython-312-darwin.so first seen with mtime 1717710663.0
File /Users/cc/Documents/CC_Self/CCHome/PAV/venv/lib/python3.12/site-packages/django/contrib/contenttypes/apps.py first seen with mtime 1729230685.5340874
File /Users/cc/Documents/CC_Self/CCHome/PAV/venv/lib/python3.12/site-packages/django/contrib/contenttypes/apps.py first seen with mtime 1729230685.5340874
File /Users/cc/Documents/CC_Self/CCHome/PAV/venv/lib/python3.12/site-packages/django/db/models/aggregates.py first seen with mtime 1729230685.7708695
File /Users/cc/Documents/CC_Self/CCHome/PAV/venv/lib/python3.12/site-packages/django/db/models/aggregates.py first seen with mtime 1729230685.7708695
File /Users/cc/Documents/CC_Self/CCHome/PAV/venv/lib/python3.12/site-packages/django/utils/translation/__init__.py first seen with mtime 1729230685.7950904
File /Users/cc/Documents/CC_Self/CCHome/PAV/venv/lib/python3.12/site-packages/django/utils/translation/__init__.py first seen with mtime 1729230685.7950904
File /Users/cc/Documents/CC_Self/CCHome/PAV/venv/lib/python3.12/site-packages/cryptography/hazmat/decrepit/ciphers/algorithms.py first seen with mtime 1729230686.4613733
File /Users/cc/Documents/CC_Self/CCHome/PAV/venv/lib/python3.12/site-packages/cryptography/hazmat/decrepit/ciphers/algorithms.py first seen with mtime 1729230686.4613733
File /Users/cc/Documents/CC_Self/CCHome/PAV/venv/lib/python3.12/site-packages/django/conf/locale/__init__.py first seen with mtime 1729230685.325286
File /Users/cc/Documents/CC_Self/CCHome/PAV/venv/lib/python3.12/site-packages/django/conf/locale/__init__.py first seen with mtime 1729230685.325286
File /Users/cc/Documents/CC_Self/CCHome/PAV/venv/lib/python3.12/site-packages/django/core/checks/compatibility/__init__.py first seen with mtime 1729230685.7548323
File /Users/cc/Documents/CC_Self/CCHome/PAV/venv/lib/python3.12/site-packages/django/core/checks/compatibility/__init__.py first seen with mtime 1729230685.7548323
File /Users/cc/Documents/CC_Self/CCHome/PAV/venv/lib/python3.12/site-packages/django/db/models/fields/related.py first seen with mtime 1729230685.773091
File /Users/cc/Documents/CC_Self/CCHome/PAV/venv/lib/python3.12/site-packages/django/db/models/fields/related.py first seen with mtime 1729230685.773091
File /Users/cc/Documents/CC_Self/CCHome/PAV/venv/lib/python3.12/site-packages/django/utils/timezone.py first seen with mtime 1729230685.7946737
File /Users/cc/Documents/CC_Self/CCHome/PAV/venv/lib/python3.12/site-packages/django/utils/timezone.py first seen with mtime 1729230685.7946737
File /Users/cc/Documents/CC_Self/CCHome/PAV/venv/lib/python3.12/site-packages/django/http/multipartparser.py first seen with mtime 1729230685.7850459
File /Users/cc/Documents/CC_Self/CCHome/PAV/venv/lib/python3.12/site-packages/django/http/multipartparser.py first seen with mtime 1729230685.7850459
File /Users/cc/Documents/CC_Self/CCHome/PAV/venv/lib/python3.12/site-packages/django/template/backends/django.py first seen with mtime 1729230685.7881048
File /Users/cc/Documents/CC_Self/CCHome/PAV/venv/lib/python3.12/site-packages/django/template/backends/django.py first seen with mtime 1729230685.7881048
File /Library/Frameworks/Python.framework/Versions/3.12/lib/python3.12/lib-dynload/_opcode.cpython-312-darwin.so first seen with mtime 1717710657.0
File /Library/Frameworks/Python.framework/Versions/3.12/lib/python3.12/lib-dynload/_opcode.cpython-312-darwin.so first seen with mtime 1717710657.0
File /Users/cc/Documents/CC_Self/CCHome/PAV/venv/lib/python3.12/site-packages/django/contrib/admin/filters.py first seen with mtime 1729230685.3699436
File /Users/cc/Documents/CC_Self/CCHome/PAV/venv/lib/python3.12/site-packages/django/contrib/admin/filters.py first seen with mtime 1729230685.3699436
File /Users/cc/Documents/CC_Self/CCHome/PAV/venv/lib/python3.12/site-packages/django/core/checks/compatibility/django_4_0.py first seen with mtime 1729230685.7549188
File /Users/cc/Documents/CC_Self/CCHome/PAV/venv/lib/python3.12/site-packages/django/core/checks/compatibility/django_4_0.py first seen with mtime 1729230685.7549188
File /Users/cc/Documents/CC_Self/CCHome/PAV/venv/lib/python3.12/site-packages/django/db/models/utils.py first seen with mtime 1729230685.7723348
File /Users/cc/Documents/CC_Self/CCHome/PAV/venv/lib/python3.12/site-packages/django/db/models/utils.py first seen with mtime 1729230685.7723348
File /Users/cc/Documents/CC_Self/CCHome/PAV/venv/lib/python3.12/site-packages/pymysql/_auth.py first seen with mtime 1729230683.372455
File /Users/cc/Documents/CC_Self/CCHome/PAV/venv/lib/python3.12/site-packages/pymysql/_auth.py first seen with mtime 1729230683.372455
File /Library/Frameworks/Python.framework/Versions/3.12/lib/python3.12/importlib/__init__.py first seen with mtime 1717710265.0
File /Library/Frameworks/Python.framework/Versions/3.12/lib/python3.12/importlib/__init__.py first seen with mtime 1717710265.0
File /Library/Frameworks/Python.framework/Versions/3.12/lib/python3.12/tokenize.py first seen with mtime 1717710263.0
File /Library/Frameworks/Python.framework/Versions/3.12/lib/python3.12/tokenize.py first seen with mtime 1717710263.0
File /Users/cc/Documents/CC_Self/CCHome/PAV/venv/lib/python3.12/site-packages/django/views/__init__.py first seen with mtime 1729230685.795591
File /Users/cc/Documents/CC_Self/CCHome/PAV/venv/lib/python3.12/site-packages/django/views/__init__.py first seen with mtime 1729230685.795591
File /Users/cc/Documents/CC_Self/CCHome/PAV/show/__init__.py first seen with mtime 1725105618.243058
File /Users/cc/Documents/CC_Self/CCHome/PAV/show/__init__.py first seen with mtime 1725105618.243058
File /Users/cc/Documents/CC_Self/CCHome/PAV/venv/lib/python3.12/site-packages/django/db/backends/utils.py first seen with mtime 1729230685.7631679
File /Users/cc/Documents/CC_Self/CCHome/PAV/venv/lib/python3.12/site-packages/django/db/backends/utils.py first seen with mtime 1729230685.7631679
File /Users/cc/Documents/CC_Self/CCHome/PAV/venv/lib/python3.12/site-packages/django/db/backends/ddl_references.py first seen with mtime 1729230685.762997
File /Users/cc/Documents/CC_Self/CCHome/PAV/venv/lib/python3.12/site-packages/django/db/backends/ddl_references.py first seen with mtime 1729230685.762997
File /Library/Frameworks/Python.framework/Versions/3.12/lib/python3.12/asyncio/timeouts.py first seen with mtime 1717710263.0
File /Library/Frameworks/Python.framework/Versions/3.12/lib/python3.12/asyncio/timeouts.py first seen with mtime 1717710263.0
File /Users/cc/Documents/CC_Self/CCHome/PAV/f_proc/admin.py first seen with mtime 1722835605.3386462
File /Users/cc/Documents/CC_Self/CCHome/PAV/f_proc/admin.py first seen with mtime 1722835605.3386462
File /Library/Frameworks/Python.framework/Versions/3.12/lib/python3.12/types.py first seen with mtime 1717710263.0
File /Library/Frameworks/Python.framework/Versions/3.12/lib/python3.12/types.py first seen with mtime 1717710263.0
File /Library/Frameworks/Python.framework/Versions/3.12/lib/python3.12/wsgiref/simple_server.py first seen with mtime 1717710265.0
File /Library/Frameworks/Python.framework/Versions/3.12/lib/python3.12/wsgiref/simple_server.py first seen with mtime 1717710265.0
File /Users/cc/Documents/CC_Self/CCHome/PAV/venv/lib/python3.12/site-packages/django/utils/version.py first seen with mtime 1729230685.794849
File /Users/cc/Documents/CC_Self/CCHome/PAV/venv/lib/python3.12/site-packages/django/utils/version.py first seen with mtime 1729230685.794849
File /Library/Frameworks/Python.framework/Versions/3.12/lib/python3.12/email/mime/text.py first seen with mtime 1717710264.0
File /Library/Frameworks/Python.framework/Versions/3.12/lib/python3.12/email/mime/text.py first seen with mtime 1717710264.0
File /Users/cc/Documents/CC_Self/CCHome/PAV/venv/lib/python3.12/site-packages/django/utils/translation/trans_real.py first seen with mtime 1729230685.7954934
File /Users/cc/Documents/CC_Self/CCHome/PAV/venv/lib/python3.12/site-packages/django/utils/translation/trans_real.py first seen with mtime 1729230685.7954934
File /Users/cc/Documents/CC_Self/CCHome/PAV/venv/lib/python3.12/site-packages/django/contrib/auth/models.py first seen with mtime 1729230685.470445
File /Users/cc/Documents/CC_Self/CCHome/PAV/venv/lib/python3.12/site-packages/django/contrib/auth/models.py first seen with mtime 1729230685.470445
File /Users/cc/Documents/CC_Self/CCHome/PAV/venv/lib/python3.12/site-packages/django/db/models/sql/constants.py first seen with mtime 1729230685.7746434
File /Users/cc/Documents/CC_Self/CCHome/PAV/venv/lib/python3.12/site-packages/django/db/models/sql/constants.py first seen with mtime 1729230685.7746434
File /Users/cc/Documents/CC_Self/CCHome/PAV/venv/lib/python3.12/site-packages/django/utils/numberformat.py first seen with mtime 1729230685.7939677
File /Users/cc/Documents/CC_Self/CCHome/PAV/venv/lib/python3.12/site-packages/django/utils/numberformat.py first seen with mtime 1729230685.7939677
File /Users/cc/Documents/CC_Self/CCHome/PAV/venv/lib/python3.12/site-packages/django/contrib/staticfiles/management/commands/runserver.py first seen with mtime 1729230685.751612
File /Users/cc/Documents/CC_Self/CCHome/PAV/venv/lib/python3.12/site-packages/django/contrib/staticfiles/management/commands/runserver.py first seen with mtime 1729230685.751612
File /Library/Frameworks/Python.framework/Versions/3.12/lib/python3.12/secrets.py first seen with mtime 1717710263.0
File /Library/Frameworks/Python.framework/Versions/3.12/lib/python3.12/secrets.py first seen with mtime 1717710263.0
File /Users/cc/Documents/CC_Self/CCHome/PAV/venv/lib/python3.12/site-packages/django/views/generic/edit.py first seen with mtime 1729230685.7975497
File /Users/cc/Documents/CC_Self/CCHome/PAV/venv/lib/python3.12/site-packages/django/views/generic/edit.py first seen with mtime 1729230685.7975497
File /Users/cc/Documents/CC_Self/CCHome/PAV/venv/lib/python3.12/site-packages/django/core/checks/__init__.py first seen with mtime 1729230685.753875
File /Users/cc/Documents/CC_Self/CCHome/PAV/venv/lib/python3.12/site-packages/django/core/checks/__init__.py first seen with mtime 1729230685.753875
File /Users/cc/Documents/CC_Self/CCHome/PAV/venv/lib/python3.12/site-packages/django/core/files/uploadhandler.py first seen with mtime 1729230685.7560441
File /Users/cc/Documents/CC_Self/CCHome/PAV/venv/lib/python3.12/site-packages/django/core/files/uploadhandler.py first seen with mtime 1729230685.7560441
File /Users/cc/Documents/CC_Self/CCHome/PAV/venv/lib/python3.12/site-packages/django/dispatch/__init__.py first seen with mtime 1729230685.7753737
File /Users/cc/Documents/CC_Self/CCHome/PAV/venv/lib/python3.12/site-packages/django/dispatch/__init__.py first seen with mtime 1729230685.7753737
File /Users/cc/Documents/CC_Self/CCHome/PAV/venv/lib/python3.12/site-packages/sqlparse/engine/statement_splitter.py first seen with mtime 1729230683.297637
File /Users/cc/Documents/CC_Self/CCHome/PAV/venv/lib/python3.12/site-packages/sqlparse/engine/statement_splitter.py first seen with mtime 1729230683.297637
File /Users/cc/Documents/CC_Self/CCHome/PAV/venv/lib/python3.12/site-packages/django/db/models/indexes.py first seen with mtime 1729230685.7716157
File /Users/cc/Documents/CC_Self/CCHome/PAV/venv/lib/python3.12/site-packages/django/db/models/indexes.py first seen with mtime 1729230685.7716157
File /Library/Frameworks/Python.framework/Versions/3.12/lib/python3.12/urllib/__init__.py first seen with mtime 1717710265.0
File /Library/Frameworks/Python.framework/Versions/3.12/lib/python3.12/urllib/__init__.py first seen with mtime 1717710265.0
File /Users/cc/Documents/CC_Self/CCHome/PAV/venv/lib/python3.12/site-packages/django/http/cookie.py first seen with mtime 1729230685.7849295
File /Users/cc/Documents/CC_Self/CCHome/PAV/venv/lib/python3.12/site-packages/django/http/cookie.py first seen with mtime 1729230685.7849295
File /Users/cc/Documents/CC_Self/CCHome/PAV/venv/lib/python3.12/site-packages/django/contrib/admin/views/__init__.py first seen with mtime 1729230685.4397922
File /Users/cc/Documents/CC_Self/CCHome/PAV/venv/lib/python3.12/site-packages/django/contrib/admin/views/__init__.py first seen with mtime 1729230685.4397922
File /Users/cc/Documents/CC_Self/CCHome/PAV/venv/lib/python3.12/site-packages/django/contrib/sessions/models.py first seen with mtime 1729230685.6994064
File /Users/cc/Documents/CC_Self/CCHome/PAV/venv/lib/python3.12/site-packages/django/contrib/sessions/models.py first seen with mtime 1729230685.6994064
File /Users/cc/Documents/CC_Self/CCHome/PAV/venv/lib/python3.12/site-packages/django/core/handlers/base.py first seen with mtime 1729230685.7572129
File /Users/cc/Documents/CC_Self/CCHome/PAV/venv/lib/python3.12/site-packages/django/core/handlers/base.py first seen with mtime 1729230685.7572129
File /Users/cc/Documents/CC_Self/CCHome/PAV/venv/lib/python3.12/site-packages/django/db/models/sql/datastructures.py first seen with mtime 1729230685.7747626
File /Users/cc/Documents/CC_Self/CCHome/PAV/venv/lib/python3.12/site-packages/django/db/models/sql/datastructures.py first seen with mtime 1729230685.7747626
File /Users/cc/Documents/CC_Self/CCHome/PAV/venv/lib/python3.12/site-packages/django/http/request.py first seen with mtime 1729230685.7851624
File /Users/cc/Documents/CC_Self/CCHome/PAV/venv/lib/python3.12/site-packages/django/http/request.py first seen with mtime 1729230685.7851624
File /Users/cc/Documents/CC_Self/CCHome/PAV/venv/lib/python3.12/site-packages/django/db/models/sql/subqueries.py first seen with mtime 1729230685.7750978
File /Users/cc/Documents/CC_Self/CCHome/PAV/venv/lib/python3.12/site-packages/django/db/models/sql/subqueries.py first seen with mtime 1729230685.7750978
File /Library/Frameworks/Python.framework/Versions/3.12/lib/python3.12/lib-dynload/_struct.cpython-312-darwin.so first seen with mtime 1717710659.0
File /Library/Frameworks/Python.framework/Versions/3.12/lib/python3.12/lib-dynload/_struct.cpython-312-darwin.so first seen with mtime 1717710659.0
File /Users/cc/Documents/CC_Self/CCHome/PAV/venv/lib/python3.12/site-packages/django/template/loaders/app_directories.py first seen with mtime 1729230685.788475
File /Users/cc/Documents/CC_Self/CCHome/PAV/venv/lib/python3.12/site-packages/django/template/loaders/app_directories.py first seen with mtime 1729230685.788475
File /Library/Frameworks/Python.framework/Versions/3.12/lib/python3.12/socket.py first seen with mtime 1717710263.0
File /Library/Frameworks/Python.framework/Versions/3.12/lib/python3.12/socket.py first seen with mtime 1717710263.0
File /Users/cc/Documents/CC_Self/CCHome/PAV/venv/lib/python3.12/site-packages/cryptography/hazmat/primitives/asymmetric/dsa.py first seen with mtime 1729230686.4656274
File /Users/cc/Documents/CC_Self/CCHome/PAV/venv/lib/python3.12/site-packages/cryptography/hazmat/primitives/asymmetric/dsa.py first seen with mtime 1729230686.4656274
File /Users/cc/Documents/CC_Self/CCHome/PAV/venv/lib/python3.12/site-packages/django/db/models/manager.py first seen with mtime 1729230685.771803
File /Users/cc/Documents/CC_Self/CCHome/PAV/venv/lib/python3.12/site-packages/django/db/models/manager.py first seen with mtime 1729230685.771803
File /Library/Frameworks/Python.framework/Versions/3.12/lib/python3.12/_weakrefset.py first seen with mtime 1717710263.0
File /Library/Frameworks/Python.framework/Versions/3.12/lib/python3.12/_weakrefset.py first seen with mtime 1717710263.0
File /Users/cc/Documents/CC_Self/CCHome/PAV/venv/lib/python3.12/site-packages/django/core/checks/security/csrf.py first seen with mtime 1729230685.7551794
File /Users/cc/Documents/CC_Self/CCHome/PAV/venv/lib/python3.12/site-packages/django/core/checks/security/csrf.py first seen with mtime 1729230685.7551794
File /Library/Frameworks/Python.framework/Versions/3.12/lib/python3.12/asyncio/threads.py first seen with mtime 1717710263.0
File /Library/Frameworks/Python.framework/Versions/3.12/lib/python3.12/asyncio/threads.py first seen with mtime 1717710263.0
File /Library/Frameworks/Python.framework/Versions/3.12/lib/python3.12/mimetypes.py first seen with mtime 1717710263.0
File /Library/Frameworks/Python.framework/Versions/3.12/lib/python3.12/mimetypes.py first seen with mtime 1717710263.0
File /Library/Frameworks/Python.framework/Versions/3.12/lib/python3.12/argparse.py first seen with mtime 1717710263.0
File /Library/Frameworks/Python.framework/Versions/3.12/lib/python3.12/argparse.py first seen with mtime 1717710263.0
File /Users/cc/Documents/CC_Self/CCHome/PAV/venv/lib/python3.12/site-packages/django/contrib/contenttypes/__init__.py first seen with mtime 1729230685.5338914
File /Users/cc/Documents/CC_Self/CCHome/PAV/venv/lib/python3.12/site-packages/django/contrib/contenttypes/__init__.py first seen with mtime 1729230685.5338914
File /Users/cc/Documents/CC_Self/CCHome/PAV/venv/lib/python3.12/site-packages/django/utils/cache.py first seen with mtime 1729230685.7913542
File /Users/cc/Documents/CC_Self/CCHome/PAV/venv/lib/python3.12/site-packages/django/utils/cache.py first seen with mtime 1729230685.7913542
File /Library/Frameworks/Python.framework/Versions/3.12/lib/python3.12/urllib/request.py first seen with mtime 1717710265.0
File /Library/Frameworks/Python.framework/Versions/3.12/lib/python3.12/urllib/request.py first seen with mtime 1717710265.0
File /Users/cc/Documents/CC_Self/CCHome/PAV/venv/lib/python3.12/site-packages/django/core/files/images.py first seen with mtime 1729230685.755558
File /Users/cc/Documents/CC_Self/CCHome/PAV/venv/lib/python3.12/site-packages/django/core/files/images.py first seen with mtime 1729230685.755558
File /Users/cc/Documents/CC_Self/CCHome/PAV/venv/lib/python3.12/site-packages/django/contrib/auth/hashers.py first seen with mtime 1729230685.4700994
File /Users/cc/Documents/CC_Self/CCHome/PAV/venv/lib/python3.12/site-packages/django/contrib/auth/hashers.py first seen with mtime 1729230685.4700994
File /Library/Frameworks/Python.framework/Versions/3.12/lib/python3.12/asyncio/format_helpers.py first seen with mtime 1717710263.0
File /Library/Frameworks/Python.framework/Versions/3.12/lib/python3.12/asyncio/format_helpers.py first seen with mtime 1717710263.0
File /Users/cc/Documents/CC_Self/CCHome/PAV/venv/lib/python3.12/site-packages/django/db/models/fields/proxy.py first seen with mtime 1729230685.772959
File /Users/cc/Documents/CC_Self/CCHome/PAV/venv/lib/python3.12/site-packages/django/db/models/fields/proxy.py first seen with mtime 1729230685.772959
File /Library/Frameworks/Python.framework/Versions/3.12/lib/python3.12/email/_parseaddr.py first seen with mtime 1717710264.0
File /Library/Frameworks/Python.framework/Versions/3.12/lib/python3.12/email/_parseaddr.py first seen with mtime 1717710264.0
File /Library/Frameworks/Python.framework/Versions/3.12/lib/python3.12/tempfile.py first seen with mtime 1717710263.0
File /Library/Frameworks/Python.framework/Versions/3.12/lib/python3.12/tempfile.py first seen with mtime 1717710263.0
File /Users/cc/Documents/CC_Self/CCHome/PAV/venv/lib/python3.12/site-packages/django/db/backends/signals.py first seen with mtime 1729230685.7630625
File /Users/cc/Documents/CC_Self/CCHome/PAV/venv/lib/python3.12/site-packages/django/db/backends/signals.py first seen with mtime 1729230685.7630625
File /Library/Frameworks/Python.framework/Versions/3.12/lib/python3.12/email/mime/nonmultipart.py first seen with mtime 1717710264.0
File /Library/Frameworks/Python.framework/Versions/3.12/lib/python3.12/email/mime/nonmultipart.py first seen with mtime 1717710264.0
File /Users/cc/Documents/CC_Self/CCHome/PAV/venv/lib/python3.12/site-packages/django/utils/itercompat.py first seen with mtime 1729230685.7934828
File /Users/cc/Documents/CC_Self/CCHome/PAV/venv/lib/python3.12/site-packages/django/utils/itercompat.py first seen with mtime 1729230685.7934828
File /Library/Frameworks/Python.framework/Versions/3.12/lib/python3.12/keyword.py first seen with mtime 1717710263.0
File /Library/Frameworks/Python.framework/Versions/3.12/lib/python3.12/keyword.py first seen with mtime 1717710263.0
File /Users/cc/Documents/CC_Self/CCHome/PAV/venv/lib/python3.12/site-packages/pymysql/constants/__init__.py first seen with mtime 1729230683.374087
File /Users/cc/Documents/CC_Self/CCHome/PAV/venv/lib/python3.12/site-packages/pymysql/constants/__init__.py first seen with mtime 1729230683.374087
File /Library/Frameworks/Python.framework/Versions/3.12/lib/python3.12/functools.py first seen with mtime 1717710263.0
File /Library/Frameworks/Python.framework/Versions/3.12/lib/python3.12/functools.py first seen with mtime 1717710263.0
File /Library/Frameworks/Python.framework/Versions/3.12/lib/python3.12/http/server.py first seen with mtime 1717710264.0
File /Library/Frameworks/Python.framework/Versions/3.12/lib/python3.12/http/server.py first seen with mtime 1717710264.0
File /Users/cc/Documents/CC_Self/CCHome/PAV/venv/lib/python3.12/site-packages/django/core/cache/utils.py first seen with mtime 1729230685.752852
File /Users/cc/Documents/CC_Self/CCHome/PAV/venv/lib/python3.12/site-packages/django/core/cache/utils.py first seen with mtime 1729230685.752852
File /Users/cc/Documents/CC_Self/CCHome/PAV/venv/lib/python3.12/site-packages/django/db/backends/mysql/schema.py first seen with mtime 1729230685.7656317
File /Users/cc/Documents/CC_Self/CCHome/PAV/venv/lib/python3.12/site-packages/django/db/backends/mysql/schema.py first seen with mtime 1729230685.7656317
File /Users/cc/Documents/CC_Self/CCHome/PAV/venv/lib/python3.12/site-packages/django/views/decorators/debug.py first seen with mtime 1729230685.7966847
File /Users/cc/Documents/CC_Self/CCHome/PAV/venv/lib/python3.12/site-packages/django/views/decorators/debug.py first seen with mtime 1729230685.7966847
File /Library/Frameworks/Python.framework/Versions/3.12/lib/python3.12/numbers.py first seen with mtime 1717710263.0
File /Library/Frameworks/Python.framework/Versions/3.12/lib/python3.12/numbers.py first seen with mtime 1717710263.0
File /Library/Frameworks/Python.framework/Versions/3.12/lib/python3.12/urllib/parse.py first seen with mtime 1717710265.0
File /Library/Frameworks/Python.framework/Versions/3.12/lib/python3.12/urllib/parse.py first seen with mtime 1717710265.0
File /Users/cc/Documents/CC_Self/CCHome/PAV/venv/lib/python3.12/site-packages/django/views/decorators/http.py first seen with mtime 1729230685.796901
File /Users/cc/Documents/CC_Self/CCHome/PAV/venv/lib/python3.12/site-packages/django/views/decorators/http.py first seen with mtime 1729230685.796901
File /Users/cc/Documents/CC_Self/CCHome/PAV/venv/lib/python3.12/site-packages/pymysql/cursors.py first seen with mtime 1729230683.3729072
File /Users/cc/Documents/CC_Self/CCHome/PAV/venv/lib/python3.12/site-packages/pymysql/cursors.py first seen with mtime 1729230683.3729072
File /Users/cc/Documents/CC_Self/CCHome/PAV/venv/lib/python3.12/site-packages/sqlparse/filters/others.py first seen with mtime 1729230683.2979758
File /Users/cc/Documents/CC_Self/CCHome/PAV/venv/lib/python3.12/site-packages/sqlparse/filters/others.py first seen with mtime 1729230683.2979758
File /Users/cc/Documents/CC_Self/CCHome/PAV/venv/lib/python3.12/site-packages/django/template/backends/__init__.py first seen with mtime 1729230685.7879071
File /Users/cc/Documents/CC_Self/CCHome/PAV/venv/lib/python3.12/site-packages/django/template/backends/__init__.py first seen with mtime 1729230685.7879071
File /Library/Frameworks/Python.framework/Versions/3.12/lib/python3.12/http/cookies.py first seen with mtime 1717710264.0
File /Library/Frameworks/Python.framework/Versions/3.12/lib/python3.12/http/cookies.py first seen with mtime 1717710264.0
File /Library/Frameworks/Python.framework/Versions/3.12/lib/python3.12/asyncio/selector_events.py first seen with mtime 1717710263.0
File /Library/Frameworks/Python.framework/Versions/3.12/lib/python3.12/asyncio/selector_events.py first seen with mtime 1717710263.0
File /Users/cc/Documents/CC_Self/CCHome/PAV/venv/lib/python3.12/site-packages/sqlparse/utils.py first seen with mtime 1729230683.2972426
File /Users/cc/Documents/CC_Self/CCHome/PAV/venv/lib/python3.12/site-packages/sqlparse/utils.py first seen with mtime 1729230683.2972426
File /Library/Frameworks/Python.framework/Versions/3.12/lib/python3.12/operator.py first seen with mtime 1717710263.0
File /Library/Frameworks/Python.framework/Versions/3.12/lib/python3.12/operator.py first seen with mtime 1717710263.0
File /Users/cc/Documents/CC_Self/CCHome/PAV/venv/lib/python3.12/site-packages/django/db/backends/mysql/features.py first seen with mtime 1729230685.7652547
File /Users/cc/Documents/CC_Self/CCHome/PAV/venv/lib/python3.12/site-packages/django/db/backends/mysql/features.py first seen with mtime 1729230685.7652547
File /Users/cc/Documents/CC_Self/CCHome/PAV/venv/lib/python3.12/site-packages/django/db/models/functions/comparison.py first seen with mtime 1729230685.7736762
File /Users/cc/Documents/CC_Self/CCHome/PAV/venv/lib/python3.12/site-packages/django/db/models/functions/comparison.py first seen with mtime 1729230685.7736762
File /Library/Frameworks/Python.framework/Versions/3.12/lib/python3.12/email/headerregistry.py first seen with mtime 1717710264.0
File /Library/Frameworks/Python.framework/Versions/3.12/lib/python3.12/email/headerregistry.py first seen with mtime 1717710264.0
File /Library/Frameworks/Python.framework/Versions/3.12/lib/python3.12/lib-dynload/fcntl.cpython-312-darwin.so first seen with mtime 1717710662.0
File /Library/Frameworks/Python.framework/Versions/3.12/lib/python3.12/lib-dynload/fcntl.cpython-312-darwin.so first seen with mtime 1717710662.0
File /Users/cc/Documents/CC_Self/CCHome/PAV/venv/lib/python3.12/site-packages/django/core/files/storage/mixins.py first seen with mtime 1729230685.756797
File /Users/cc/Documents/CC_Self/CCHome/PAV/venv/lib/python3.12/site-packages/django/core/files/storage/mixins.py first seen with mtime 1729230685.756797
File /Users/cc/Documents/CC_Self/CCHome/PAV/venv/lib/python3.12/site-packages/django/urls/utils.py first seen with mtime 1729230685.790832
File /Users/cc/Documents/CC_Self/CCHome/PAV/venv/lib/python3.12/site-packages/django/urls/utils.py first seen with mtime 1729230685.790832
File /Library/Frameworks/Python.framework/Versions/3.12/lib/python3.12/copy.py first seen with mtime 1717710263.0
File /Library/Frameworks/Python.framework/Versions/3.12/lib/python3.12/copy.py first seen with mtime 1717710263.0
File /Users/cc/Documents/CC_Self/CCHome/PAV/venv/lib/python3.12/site-packages/pymysql/constants/ER.py first seen with mtime 1729230683.373757
File /Users/cc/Documents/CC_Self/CCHome/PAV/venv/lib/python3.12/site-packages/pymysql/constants/ER.py first seen with mtime 1729230683.373757
File /Users/cc/Documents/CC_Self/CCHome/PAV/venv/lib/python3.12/site-packages/cryptography/hazmat/primitives/ciphers/modes.py first seen with mtime 1729230686.464495
File /Users/cc/Documents/CC_Self/CCHome/PAV/venv/lib/python3.12/site-packages/cryptography/hazmat/primitives/ciphers/modes.py first seen with mtime 1729230686.464495
File /Users/cc/Documents/CC_Self/CCHome/PAV/venv/lib/python3.12/site-packages/django/contrib/auth/tokens.py first seen with mtime 1729230685.4707828
File /Users/cc/Documents/CC_Self/CCHome/PAV/venv/lib/python3.12/site-packages/django/contrib/auth/tokens.py first seen with mtime 1729230685.4707828
File /Library/Frameworks/Python.framework/Versions/3.12/lib/python3.12/concurrent/futures/__init__.py first seen with mtime 1717710264.0
File /Library/Frameworks/Python.framework/Versions/3.12/lib/python3.12/concurrent/futures/__init__.py first seen with mtime 1717710264.0
File /Users/cc/Documents/CC_Self/CCHome/PAV/venv/lib/python3.12/site-packages/PIL/Image.py first seen with mtime 1729230684.2971644
File /Users/cc/Documents/CC_Self/CCHome/PAV/venv/lib/python3.12/site-packages/PIL/Image.py first seen with mtime 1729230684.2971644
File /Users/cc/Documents/CC_Self/CCHome/PAV/venv/lib/python3.12/site-packages/django/db/migrations/migration.py first seen with mtime 1729230685.769423
File /Users/cc/Documents/CC_Self/CCHome/PAV/venv/lib/python3.12/site-packages/django/db/migrations/migration.py first seen with mtime 1729230685.769423
File /Users/cc/Documents/CC_Self/CCHome/PAV/venv/lib/python3.12/site-packages/django/template/autoreload.py first seen with mtime 1729230685.78642
File /Users/cc/Documents/CC_Self/CCHome/PAV/venv/lib/python3.12/site-packages/django/template/autoreload.py first seen with mtime 1729230685.78642
File /Users/cc/Documents/CC_Self/CCHome/PAV/venv/lib/python3.12/site-packages/django/utils/safestring.py first seen with mtime 1729230685.794205
File /Users/cc/Documents/CC_Self/CCHome/PAV/venv/lib/python3.12/site-packages/django/utils/safestring.py first seen with mtime 1729230685.794205
File /Users/cc/Documents/CC_Self/CCHome/PAV/venv/lib/python3.12/site-packages/django/utils/ipv6.py first seen with mtime 1729230685.7934062
File /Users/cc/Documents/CC_Self/CCHome/PAV/venv/lib/python3.12/site-packages/django/utils/ipv6.py first seen with mtime 1729230685.7934062
File /Library/Frameworks/Python.framework/Versions/3.12/lib/python3.12/asyncio/exceptions.py first seen with mtime 1717710263.0
File /Library/Frameworks/Python.framework/Versions/3.12/lib/python3.12/asyncio/exceptions.py first seen with mtime 1717710263.0
File /Users/cc/Documents/CC_Self/CCHome/PAV/venv/lib/python3.12/site-packages/django/core/__init__.py first seen with mtime 1729230685.7519572
File /Users/cc/Documents/CC_Self/CCHome/PAV/venv/lib/python3.12/site-packages/django/core/__init__.py first seen with mtime 1729230685.7519572
File /Users/cc/Documents/CC_Self/CCHome/PAV/venv/lib/python3.12/site-packages/django/template/response.py first seen with mtime 1729230685.7876508
File /Users/cc/Documents/CC_Self/CCHome/PAV/venv/lib/python3.12/site-packages/django/template/response.py first seen with mtime 1729230685.7876508
File /Users/cc/Documents/CC_Self/CCHome/PAV/venv/lib/python3.12/site-packages/django/shortcuts.py first seen with mtime 1729230685.3240073
File /Users/cc/Documents/CC_Self/CCHome/PAV/venv/lib/python3.12/site-packages/django/shortcuts.py first seen with mtime 1729230685.3240073
File /Users/cc/Documents/CC_Self/CCHome/PAV/venv/lib/python3.12/site-packages/PIL/TiffTags.py first seen with mtime 1729230684.2949247
File /Users/cc/Documents/CC_Self/CCHome/PAV/venv/lib/python3.12/site-packages/PIL/TiffTags.py first seen with mtime 1729230684.2949247
File /Library/Frameworks/Python.framework/Versions/3.12/lib/python3.12/lib-dynload/binascii.cpython-312-darwin.so first seen with mtime 1717710661.0
File /Library/Frameworks/Python.framework/Versions/3.12/lib/python3.12/lib-dynload/binascii.cpython-312-darwin.so first seen with mtime 1717710661.0
File /Users/cc/Documents/CC_Self/CCHome/PAV/venv/lib/python3.12/site-packages/cryptography/hazmat/primitives/asymmetric/rsa.py first seen with mtime 1729230686.4650624
File /Users/cc/Documents/CC_Self/CCHome/PAV/venv/lib/python3.12/site-packages/cryptography/hazmat/primitives/asymmetric/rsa.py first seen with mtime 1729230686.4650624
File /Users/cc/Documents/CC_Self/CCHome/PAV/venv/lib/python3.12/site-packages/django/contrib/staticfiles/management/__init__.py first seen with mtime 1729230685.7512138
File /Users/cc/Documents/CC_Self/CCHome/PAV/venv/lib/python3.12/site-packages/django/contrib/staticfiles/management/__init__.py first seen with mtime 1729230685.7512138
File /Users/cc/Documents/CC_Self/CCHome/PAV/venv/lib/python3.12/site-packages/django/utils/decorators.py first seen with mtime 1729230685.7921686
File /Users/cc/Documents/CC_Self/CCHome/PAV/venv/lib/python3.12/site-packages/django/utils/decorators.py first seen with mtime 1729230685.7921686
File /Users/cc/Documents/CC_Self/CCHome/PAV/venv/lib/python3.12/site-packages/django/views/decorators/__init__.py first seen with mtime 1729230685.79621
File /Users/cc/Documents/CC_Self/CCHome/PAV/venv/lib/python3.12/site-packages/django/views/decorators/__init__.py first seen with mtime 1729230685.79621
File /Library/Frameworks/Python.framework/Versions/3.12/lib/python3.12/lib-dynload/_uuid.cpython-312-darwin.so first seen with mtime 1717710660.0
File /Library/Frameworks/Python.framework/Versions/3.12/lib/python3.12/lib-dynload/_uuid.cpython-312-darwin.so first seen with mtime 1717710660.0
File /Users/cc/Documents/CC_Self/CCHome/PAV/venv/lib/python3.12/site-packages/django/db/models/signals.py first seen with mtime 1729230685.772256
File /Users/cc/Documents/CC_Self/CCHome/PAV/venv/lib/python3.12/site-packages/django/db/models/signals.py first seen with mtime 1729230685.772256
File /Users/cc/Documents/CC_Self/CCHome/PAV/venv/lib/python3.12/site-packages/django/forms/boundfield.py first seen with mtime 1729230685.7758477
File /Users/cc/Documents/CC_Self/CCHome/PAV/venv/lib/python3.12/site-packages/django/forms/boundfield.py first seen with mtime 1729230685.7758477
File /Users/cc/Documents/CC_Self/CCHome/PAV/venv/lib/python3.12/site-packages/django/utils/lorem_ipsum.py first seen with mtime 1729230685.7937927
File /Users/cc/Documents/CC_Self/CCHome/PAV/venv/lib/python3.12/site-packages/django/utils/lorem_ipsum.py first seen with mtime 1729230685.7937927
File /Library/Frameworks/Python.framework/Versions/3.12/lib/python3.12/hashlib.py first seen with mtime 1717710263.0
File /Library/Frameworks/Python.framework/Versions/3.12/lib/python3.12/hashlib.py first seen with mtime 1717710263.0
File /Users/cc/Documents/CC_Self/CCHome/PAV/venv/lib/python3.12/site-packages/django/contrib/sessions/apps.py first seen with mtime 1729230685.6990066
File /Users/cc/Documents/CC_Self/CCHome/PAV/venv/lib/python3.12/site-packages/django/contrib/sessions/apps.py first seen with mtime 1729230685.6990066
File /Library/Frameworks/Python.framework/Versions/3.12/lib/python3.12/lib-dynload/_posixsubprocess.cpython-312-darwin.so first seen with mtime 1717710657.0
File /Library/Frameworks/Python.framework/Versions/3.12/lib/python3.12/lib-dynload/_posixsubprocess.cpython-312-darwin.so first seen with mtime 1717710657.0
File /Users/cc/Documents/CC_Self/CCHome/PAV/venv/lib/python3.12/site-packages/django/db/models/functions/text.py first seen with mtime 1729230685.7741458
File /Users/cc/Documents/CC_Self/CCHome/PAV/venv/lib/python3.12/site-packages/django/db/models/functions/text.py first seen with mtime 1729230685.7741458
File /Users/cc/Documents/CC_Self/CCHome/PAV/venv/lib/python3.12/site-packages/django/contrib/admin/options.py first seen with mtime 1729230685.3704405
File /Users/cc/Documents/CC_Self/CCHome/PAV/venv/lib/python3.12/site-packages/django/contrib/admin/options.py first seen with mtime 1729230685.3704405
File /Users/cc/Documents/CC_Self/CCHome/PAV/venv/lib/python3.12/site-packages/sqlparse/filters/tokens.py first seen with mtime 1729230683.298314
File /Users/cc/Documents/CC_Self/CCHome/PAV/venv/lib/python3.12/site-packages/sqlparse/filters/tokens.py first seen with mtime 1729230683.298314
File /Users/cc/Documents/CC_Self/CCHome/PAV/venv/lib/python3.12/site-packages/django/views/decorators/common.py first seen with mtime 1729230685.7964878
File /Users/cc/Documents/CC_Self/CCHome/PAV/venv/lib/python3.12/site-packages/django/views/decorators/common.py first seen with mtime 1729230685.7964878
File /Users/cc/Documents/CC_Self/CCHome/PAV/venv/lib/python3.12/site-packages/cffi/model.py first seen with mtime 1729230686.3753552
File /Users/cc/Documents/CC_Self/CCHome/PAV/venv/lib/python3.12/site-packages/cffi/model.py first seen with mtime 1729230686.3753552
File /Users/cc/Documents/CC_Self/CCHome/PAV/venv/lib/python3.12/site-packages/_cffi_backend.cpython-312-darwin.so first seen with mtime 1729230686.3738241
File /Users/cc/Documents/CC_Self/CCHome/PAV/venv/lib/python3.12/site-packages/_cffi_backend.cpython-312-darwin.so first seen with mtime 1729230686.3738241
File /Library/Frameworks/Python.framework/Versions/3.12/lib/python3.12/lib-dynload/_queue.cpython-312-darwin.so first seen with mtime 1717710657.0
File /Library/Frameworks/Python.framework/Versions/3.12/lib/python3.12/lib-dynload/_queue.cpython-312-darwin.so first seen with mtime 1717710657.0
File /Library/Frameworks/Python.framework/Versions/3.12/lib/python3.12/lib-dynload/termios.cpython-312-darwin.so first seen with mtime 1717710663.0
File /Library/Frameworks/Python.framework/Versions/3.12/lib/python3.12/lib-dynload/termios.cpython-312-darwin.so first seen with mtime 1717710663.0
File /Users/cc/Documents/CC_Self/CCHome/PAV/venv/lib/python3.12/site-packages/cffi/error.py first seen with mtime 1729230686.3744268
File /Users/cc/Documents/CC_Self/CCHome/PAV/venv/lib/python3.12/site-packages/cffi/error.py first seen with mtime 1729230686.3744268
File /Users/cc/Documents/CC_Self/CCHome/PAV/venv/lib/python3.12/site-packages/django/core/checks/model_checks.py first seen with mtime 1729230685.7544498
File /Users/cc/Documents/CC_Self/CCHome/PAV/venv/lib/python3.12/site-packages/django/core/checks/model_checks.py first seen with mtime 1729230685.7544498
File /Users/cc/Documents/CC_Self/CCHome/PAV/venv/lib/python3.12/site-packages/django/template/loaders/filesystem.py first seen with mtime 1729230685.7886918
File /Users/cc/Documents/CC_Self/CCHome/PAV/venv/lib/python3.12/site-packages/django/template/loaders/filesystem.py first seen with mtime 1729230685.7886918
File /Library/Frameworks/Python.framework/Versions/3.12/lib/python3.12/random.py first seen with mtime 1717710263.0
File /Library/Frameworks/Python.framework/Versions/3.12/lib/python3.12/random.py first seen with mtime 1717710263.0
File /Library/Frameworks/Python.framework/Versions/3.12/lib/python3.12/selectors.py first seen with mtime 1717710263.0
File /Library/Frameworks/Python.framework/Versions/3.12/lib/python3.12/selectors.py first seen with mtime 1717710263.0
File /Users/cc/Documents/CC_Self/CCHome/PAV/venv/lib/python3.12/site-packages/sqlparse/filters/right_margin.py first seen with mtime 1729230683.2982407
File /Users/cc/Documents/CC_Self/CCHome/PAV/venv/lib/python3.12/site-packages/sqlparse/filters/right_margin.py first seen with mtime 1729230683.2982407
File /Users/cc/Documents/CC_Self/CCHome/PAV/venv/lib/python3.12/site-packages/django/template/context.py first seen with mtime 1729230685.7866704
File /Users/cc/Documents/CC_Self/CCHome/PAV/venv/lib/python3.12/site-packages/django/template/context.py first seen with mtime 1729230685.7866704
File /Users/cc/Documents/CC_Self/CCHome/PAV/venv/lib/python3.12/site-packages/sqlparse/formatter.py first seen with mtime 1729230683.2968283
File /Users/cc/Documents/CC_Self/CCHome/PAV/venv/lib/python3.12/site-packages/sqlparse/formatter.py first seen with mtime 1729230683.2968283
File /Library/Frameworks/Python.framework/Versions/3.12/lib/python3.12/pprint.py first seen with mtime 1717710263.0
File /Library/Frameworks/Python.framework/Versions/3.12/lib/python3.12/pprint.py first seen with mtime 1717710263.0
File /Users/cc/Documents/CC_Self/CCHome/PAV/venv/lib/python3.12/site-packages/django/utils/_os.py first seen with mtime 1729230685.7909808
File /Users/cc/Documents/CC_Self/CCHome/PAV/venv/lib/python3.12/site-packages/django/utils/_os.py first seen with mtime 1729230685.7909808
File /Library/Frameworks/Python.framework/Versions/3.12/lib/python3.12/re/_parser.py first seen with mtime 1717710265.0
File /Library/Frameworks/Python.framework/Versions/3.12/lib/python3.12/re/_parser.py first seen with mtime 1717710265.0
File /Users/cc/Documents/CC_Self/CCHome/PAV/venv/lib/python3.12/site-packages/django/core/management/color.py first seen with mtime 1729230685.758683
File /Users/cc/Documents/CC_Self/CCHome/PAV/venv/lib/python3.12/site-packages/django/core/management/color.py first seen with mtime 1729230685.758683
File /Users/cc/Documents/CC_Self/CCHome/PAV/venv/lib/python3.12/site-packages/django/template/library.py first seen with mtime 1729230685.7873344
File /Users/cc/Documents/CC_Self/CCHome/PAV/venv/lib/python3.12/site-packages/django/template/library.py first seen with mtime 1729230685.7873344
File /Users/cc/Documents/CC_Self/CCHome/PAV/venv/lib/python3.12/site-packages/django/db/models/fields/json.py first seen with mtime 1729230685.7728121
File /Users/cc/Documents/CC_Self/CCHome/PAV/venv/lib/python3.12/site-packages/django/db/models/fields/json.py first seen with mtime 1729230685.7728121
File /Users/cc/Documents/CC_Self/CCHome/PAV/venv/lib/python3.12/site-packages/django/templatetags/tz.py first seen with mtime 1729230685.7892838
File /Users/cc/Documents/CC_Self/CCHome/PAV/venv/lib/python3.12/site-packages/django/templatetags/tz.py first seen with mtime 1729230685.7892838
File /Library/Frameworks/Python.framework/Versions/3.12/lib/python3.12/lib-dynload/_scproxy.cpython-312-darwin.so first seen with mtime 1717710658.0
File /Library/Frameworks/Python.framework/Versions/3.12/lib/python3.12/lib-dynload/_scproxy.cpython-312-darwin.so first seen with mtime 1717710658.0
File /Users/cc/Documents/CC_Self/CCHome/PAV/venv/lib/python3.12/site-packages/pymysql/protocol.py first seen with mtime 1729230683.3732207
File /Users/cc/Documents/CC_Self/CCHome/PAV/venv/lib/python3.12/site-packages/pymysql/protocol.py first seen with mtime 1729230683.3732207
File /Library/Frameworks/Python.framework/Versions/3.12/lib/python3.12/heapq.py first seen with mtime 1717710263.0
File /Library/Frameworks/Python.framework/Versions/3.12/lib/python3.12/heapq.py first seen with mtime 1717710263.0
File /Library/Frameworks/Python.framework/Versions/3.12/lib/python3.12/ssl.py first seen with mtime 1717710263.0
File /Library/Frameworks/Python.framework/Versions/3.12/lib/python3.12/ssl.py first seen with mtime 1717710263.0
File /Users/cc/Documents/CC_Self/CCHome/PAV/venv/lib/python3.12/site-packages/django/core/files/base.py first seen with mtime 1729230685.755463
File /Users/cc/Documents/CC_Self/CCHome/PAV/venv/lib/python3.12/site-packages/django/core/files/base.py first seen with mtime 1729230685.755463
File /Users/cc/Documents/CC_Self/CCHome/PAV/venv/lib/python3.12/site-packages/django/core/wsgi.py first seen with mtime 1729230685.7526424
File /Users/cc/Documents/CC_Self/CCHome/PAV/venv/lib/python3.12/site-packages/django/core/wsgi.py first seen with mtime 1729230685.7526424
File /Library/Frameworks/Python.framework/Versions/3.12/lib/python3.12/lib-dynload/_socket.cpython-312-darwin.so first seen with mtime 1717710658.0
File /Library/Frameworks/Python.framework/Versions/3.12/lib/python3.12/lib-dynload/_socket.cpython-312-darwin.so first seen with mtime 1717710658.0
File /Users/cc/Documents/CC_Self/CCHome/PAV/venv/lib/python3.12/site-packages/cryptography/hazmat/primitives/asymmetric/ed25519.py first seen with mtime 1729230686.465528
File /Users/cc/Documents/CC_Self/CCHome/PAV/venv/lib/python3.12/site-packages/cryptography/hazmat/primitives/asymmetric/ed25519.py first seen with mtime 1729230686.465528
File /Users/cc/Documents/CC_Self/CCHome/PAV/venv/lib/python3.12/site-packages/django/db/models/fields/generated.py first seen with mtime 1729230685.7727215
File /Users/cc/Documents/CC_Self/CCHome/PAV/venv/lib/python3.12/site-packages/django/db/models/fields/generated.py first seen with mtime 1729230685.7727215
File /Users/cc/Documents/CC_Self/CCHome/PAV/venv/lib/python3.12/site-packages/django/db/backends/__init__.py first seen with mtime 1729230685.7628896
File /Users/cc/Documents/CC_Self/CCHome/PAV/venv/lib/python3.12/site-packages/django/db/backends/__init__.py first seen with mtime 1729230685.7628896
File /Users/cc/Documents/CC_Self/CCHome/PAV/venv/lib/python3.12/site-packages/django/contrib/contenttypes/forms.py first seen with mtime 1729230685.5343475
File /Users/cc/Documents/CC_Self/CCHome/PAV/venv/lib/python3.12/site-packages/django/contrib/contenttypes/forms.py first seen with mtime 1729230685.5343475
File /Users/cc/Documents/CC_Self/CCHome/PAV/venv/lib/python3.12/site-packages/django/forms/utils.py first seen with mtime 1729230685.776513
File /Users/cc/Documents/CC_Self/CCHome/PAV/venv/lib/python3.12/site-packages/django/forms/utils.py first seen with mtime 1729230685.776513
File /Users/cc/Documents/CC_Self/CCHome/PAV/venv/lib/python3.12/site-packages/django/db/backends/base/validation.py first seen with mtime 1729230685.764308
File /Users/cc/Documents/CC_Self/CCHome/PAV/venv/lib/python3.12/site-packages/django/db/backends/base/validation.py first seen with mtime 1729230685.764308
File /Users/cc/Documents/CC_Self/CCHome/PAV/venv/lib/python3.12/site-packages/django/contrib/auth/forms.py first seen with mtime 1729230685.4699879
File /Users/cc/Documents/CC_Self/CCHome/PAV/venv/lib/python3.12/site-packages/django/contrib/auth/forms.py first seen with mtime 1729230685.4699879
File /Library/Frameworks/Python.framework/Versions/3.12/lib/python3.12/email/charset.py first seen with mtime 1717710264.0
File /Library/Frameworks/Python.framework/Versions/3.12/lib/python3.12/email/charset.py first seen with mtime 1717710264.0
File /Library/Frameworks/Python.framework/Versions/3.12/lib/python3.12/lib-dynload/_heapq.cpython-312-darwin.so first seen with mtime 1717710655.0
File /Library/Frameworks/Python.framework/Versions/3.12/lib/python3.12/lib-dynload/_heapq.cpython-312-darwin.so first seen with mtime 1717710655.0
File /Library/Frameworks/Python.framework/Versions/3.12/lib/python3.12/lib-dynload/_blake2.cpython-312-darwin.so first seen with mtime 1717710652.0
File /Library/Frameworks/Python.framework/Versions/3.12/lib/python3.12/lib-dynload/_blake2.cpython-312-darwin.so first seen with mtime 1717710652.0
File /Users/cc/Documents/CC_Self/CCHome/PAV/venv/lib/python3.12/site-packages/django/utils/deconstruct.py first seen with mtime 1729230685.7920594
File /Users/cc/Documents/CC_Self/CCHome/PAV/venv/lib/python3.12/site-packages/django/utils/deconstruct.py first seen with mtime 1729230685.7920594
File /Users/cc/Documents/CC_Self/CCHome/PAV/venv/lib/python3.12/site-packages/django/contrib/messages/__init__.py first seen with mtime 1729230685.6507027
File /Users/cc/Documents/CC_Self/CCHome/PAV/venv/lib/python3.12/site-packages/django/contrib/messages/__init__.py first seen with mtime 1729230685.6507027
File /Users/cc/Documents/CC_Self/CCHome/PAV/venv/lib/python3.12/site-packages/django/utils/deprecation.py first seen with mtime 1729230685.7922769
File /Users/cc/Documents/CC_Self/CCHome/PAV/venv/lib/python3.12/site-packages/django/utils/deprecation.py first seen with mtime 1729230685.7922769
File /Users/cc/Documents/CC_Self/CCHome/PAV/venv/lib/python3.12/site-packages/cryptography/hazmat/primitives/__init__.py first seen with mtime 1729230686.4639452
File /Users/cc/Documents/CC_Self/CCHome/PAV/venv/lib/python3.12/site-packages/cryptography/hazmat/primitives/__init__.py first seen with mtime 1729230686.4639452
File /Library/Frameworks/Python.framework/Versions/3.12/lib/python3.12/asyncio/__init__.py first seen with mtime 1717710263.0
File /Library/Frameworks/Python.framework/Versions/3.12/lib/python3.12/asyncio/__init__.py first seen with mtime 1717710263.0
File /Users/cc/Documents/CC_Self/CCHome/PAV/show/admin.py first seen with mtime 1725105618.2435699
File /Users/cc/Documents/CC_Self/CCHome/PAV/show/admin.py first seen with mtime 1725105618.2435699
File /Library/Frameworks/Python.framework/Versions/3.12/lib/python3.12/glob.py first seen with mtime 1717710263.0
File /Library/Frameworks/Python.framework/Versions/3.12/lib/python3.12/glob.py first seen with mtime 1717710263.0
File /Users/cc/Documents/CC_Self/CCHome/PAV/venv/lib/python3.12/site-packages/cryptography/hazmat/primitives/asymmetric/utils.py first seen with mtime 1729230686.46542
File /Users/cc/Documents/CC_Self/CCHome/PAV/venv/lib/python3.12/site-packages/cryptography/hazmat/primitives/asymmetric/utils.py first seen with mtime 1729230686.46542
File /Library/Frameworks/Python.framework/Versions/3.12/lib/python3.12/platform.py first seen with mtime 1717710263.0
File /Library/Frameworks/Python.framework/Versions/3.12/lib/python3.12/platform.py first seen with mtime 1717710263.0
File /Users/cc/Documents/CC_Self/CCHome/PAV/venv/lib/python3.12/site-packages/django/template/loaders/base.py first seen with mtime 1729230685.7885456
File /Users/cc/Documents/CC_Self/CCHome/PAV/venv/lib/python3.12/site-packages/django/template/loaders/base.py first seen with mtime 1729230685.7885456
File /Users/cc/Documents/CC_Self/CCHome/PAV/venv/lib/python3.12/site-packages/django/contrib/admin/templatetags/admin_list.py first seen with mtime 1729230685.4393642
File /Users/cc/Documents/CC_Self/CCHome/PAV/venv/lib/python3.12/site-packages/django/contrib/admin/templatetags/admin_list.py first seen with mtime 1729230685.4393642
File /Library/Frameworks/Python.framework/Versions/3.12/lib/python3.12/asyncio/sslproto.py first seen with mtime 1717710263.0
File /Library/Frameworks/Python.framework/Versions/3.12/lib/python3.12/asyncio/sslproto.py first seen with mtime 1717710263.0
File /Library/Frameworks/Python.framework/Versions/3.12/lib/python3.12/quopri.py first seen with mtime 1717710263.0
File /Library/Frameworks/Python.framework/Versions/3.12/lib/python3.12/quopri.py first seen with mtime 1717710263.0
File /Library/Frameworks/Python.framework/Versions/3.12/lib/python3.12/lib-dynload/_json.cpython-312-darwin.so first seen with mtime 1717710656.0
File /Library/Frameworks/Python.framework/Versions/3.12/lib/python3.12/lib-dynload/_json.cpython-312-darwin.so first seen with mtime 1717710656.0
File /Users/cc/Documents/CC_Self/CCHome/PAV/venv/lib/python3.12/site-packages/django/core/cache/backends/base.py first seen with mtime 1729230685.7531197
File /Users/cc/Documents/CC_Self/CCHome/PAV/venv/lib/python3.12/site-packages/django/core/cache/backends/base.py first seen with mtime 1729230685.7531197
File /Library/Frameworks/Python.framework/Versions/3.12/lib/python3.12/asyncio/subprocess.py first seen with mtime 1717710263.0
File /Library/Frameworks/Python.framework/Versions/3.12/lib/python3.12/asyncio/subprocess.py first seen with mtime 1717710263.0
File /Users/cc/Documents/CC_Self/CCHome/PAV/venv/lib/python3.12/site-packages/django/core/handlers/wsgi.py first seen with mtime 1729230685.757446
File /Users/cc/Documents/CC_Self/CCHome/PAV/venv/lib/python3.12/site-packages/django/core/handlers/wsgi.py first seen with mtime 1729230685.757446
File /Users/cc/Documents/CC_Self/CCHome/PAV/venv/lib/python3.12/site-packages/django/db/models/query.py first seen with mtime 1729230685.7720716
File /Users/cc/Documents/CC_Self/CCHome/PAV/venv/lib/python3.12/site-packages/django/db/models/query.py first seen with mtime 1729230685.7720716
File /Users/cc/Documents/CC_Self/CCHome/PAV/venv/lib/python3.12/site-packages/cffi/__init__.py first seen with mtime 1729230686.374849
File /Users/cc/Documents/CC_Self/CCHome/PAV/venv/lib/python3.12/site-packages/cffi/__init__.py first seen with mtime 1729230686.374849
File /Users/cc/Documents/CC_Self/CCHome/PAV/venv/lib/python3.12/site-packages/django/core/files/move.py first seen with mtime 1729230685.755737
File /Users/cc/Documents/CC_Self/CCHome/PAV/venv/lib/python3.12/site-packages/django/core/files/move.py first seen with mtime 1729230685.755737
File /Library/Frameworks/Python.framework/Versions/3.12/lib/python3.12/email/parser.py first seen with mtime 1717710264.0
File /Library/Frameworks/Python.framework/Versions/3.12/lib/python3.12/email/parser.py first seen with mtime 1717710264.0
File /Users/cc/Documents/CC_Self/CCHome/PAV/venv/lib/python3.12/site-packages/django/db/models/base.py first seen with mtime 1729230685.771033
File /Users/cc/Documents/CC_Self/CCHome/PAV/venv/lib/python3.12/site-packages/django/db/models/base.py first seen with mtime 1729230685.771033
File /Users/cc/Documents/CC_Self/CCHome/PAV/venv/lib/python3.12/site-packages/django/templatetags/l10n.py first seen with mtime 1729230685.789088
File /Users/cc/Documents/CC_Self/CCHome/PAV/venv/lib/python3.12/site-packages/django/templatetags/l10n.py first seen with mtime 1729230685.789088
File /Library/Frameworks/Python.framework/Versions/3.12/lib/python3.12/email/base64mime.py first seen with mtime 1717710264.0
File /Library/Frameworks/Python.framework/Versions/3.12/lib/python3.12/email/base64mime.py first seen with mtime 1717710264.0
File /Users/cc/Documents/CC_Self/CCHome/PAV/venv/lib/python3.12/site-packages/cryptography/hazmat/bindings/_rust.abi3.so first seen with mtime 1729230686.495461
File /Users/cc/Documents/CC_Self/CCHome/PAV/venv/lib/python3.12/site-packages/cryptography/hazmat/bindings/_rust.abi3.so first seen with mtime 1729230686.495461
File /Library/Frameworks/Python.framework/Versions/3.12/lib/python3.12/email/message.py first seen with mtime 1717710264.0
File /Library/Frameworks/Python.framework/Versions/3.12/lib/python3.12/email/message.py first seen with mtime 1717710264.0
File /Users/cc/Documents/CC_Self/CCHome/PAV/venv/lib/python3.12/site-packages/django/db/migrations/operations/special.py first seen with mtime 1729230685.7706747
File /Users/cc/Documents/CC_Self/CCHome/PAV/venv/lib/python3.12/site-packages/django/db/migrations/operations/special.py first seen with mtime 1729230685.7706747
File /Users/cc/Documents/CC_Self/CCHome/PAV/venv/lib/python3.12/site-packages/django/db/backends/mysql/operations.py first seen with mtime 1729230685.7655125
File /Users/cc/Documents/CC_Self/CCHome/PAV/venv/lib/python3.12/site-packages/django/db/backends/mysql/operations.py first seen with mtime 1729230685.7655125
File /Library/Frameworks/Python.framework/Versions/3.12/lib/python3.12/queue.py first seen with mtime 1717710263.0
File /Library/Frameworks/Python.framework/Versions/3.12/lib/python3.12/queue.py first seen with mtime 1717710263.0
File /Users/cc/Documents/CC_Self/CCHome/PAV/venv/lib/python3.12/site-packages/django/core/handlers/__init__.py first seen with mtime 1729230685.7568865
File /Users/cc/Documents/CC_Self/CCHome/PAV/venv/lib/python3.12/site-packages/django/core/handlers/__init__.py first seen with mtime 1729230685.7568865
File /Users/cc/Documents/CC_Self/CCHome/PAV/venv/lib/python3.12/site-packages/PIL/__init__.py first seen with mtime 1729230684.2895617
File /Users/cc/Documents/CC_Self/CCHome/PAV/venv/lib/python3.12/site-packages/PIL/__init__.py first seen with mtime 1729230684.2895617
File /Users/cc/Documents/CC_Self/CCHome/PAV/venv/lib/python3.12/site-packages/django/db/__init__.py first seen with mtime 1729230685.7625554
File /Users/cc/Documents/CC_Self/CCHome/PAV/venv/lib/python3.12/site-packages/django/db/__init__.py first seen with mtime 1729230685.7625554
File /Users/cc/Documents/CC_Self/CCHome/PAV/venv/lib/python3.12/site-packages/django/contrib/__init__.py first seen with mtime 1729230685.3692465
File /Users/cc/Documents/CC_Self/CCHome/PAV/venv/lib/python3.12/site-packages/django/contrib/__init__.py first seen with mtime 1729230685.3692465
File /Users/cc/Documents/CC_Self/CCHome/PAV/venv/lib/python3.12/site-packages/cryptography/exceptions.py first seen with mtime 1729230686.4711266
File /Users/cc/Documents/CC_Self/CCHome/PAV/venv/lib/python3.12/site-packages/cryptography/exceptions.py first seen with mtime 1729230686.4711266
File /Library/Frameworks/Python.framework/Versions/3.12/lib/python3.12/dataclasses.py first seen with mtime 1717710263.0
File /Library/Frameworks/Python.framework/Versions/3.12/lib/python3.12/dataclasses.py first seen with mtime 1717710263.0
File /Library/Frameworks/Python.framework/Versions/3.12/lib/python3.12/asyncio/unix_events.py first seen with mtime 1717710263.0
File /Library/Frameworks/Python.framework/Versions/3.12/lib/python3.12/asyncio/unix_events.py first seen with mtime 1717710263.0
File /Users/cc/Documents/CC_Self/CCHome/PAV/venv/lib/python3.12/site-packages/django/db/models/constraints.py first seen with mtime 1729230685.771203
File /Users/cc/Documents/CC_Self/CCHome/PAV/venv/lib/python3.12/site-packages/django/db/models/constraints.py first seen with mtime 1729230685.771203
File /Users/cc/Documents/CC_Self/CCHome/PAV/venv/lib/python3.12/site-packages/django/urls/converters.py first seen with mtime 1729230685.7905824
File /Users/cc/Documents/CC_Self/CCHome/PAV/venv/lib/python3.12/site-packages/django/urls/converters.py first seen with mtime 1729230685.7905824
File /Users/cc/Documents/CC_Self/CCHome/PAV/venv/lib/python3.12/site-packages/django/contrib/admin/actions.py first seen with mtime 1729230685.3694355
File /Users/cc/Documents/CC_Self/CCHome/PAV/venv/lib/python3.12/site-packages/django/contrib/admin/actions.py first seen with mtime 1729230685.3694355
File /Library/Frameworks/Python.framework/Versions/3.12/lib/python3.12/re/_compiler.py first seen with mtime 1717710265.0
File /Library/Frameworks/Python.framework/Versions/3.12/lib/python3.12/re/_compiler.py first seen with mtime 1717710265.0
File /Users/cc/Documents/CC_Self/CCHome/PAV/venv/lib/python3.12/site-packages/django/forms/renderers.py first seen with mtime 1729230685.776416
File /Users/cc/Documents/CC_Self/CCHome/PAV/venv/lib/python3.12/site-packages/django/forms/renderers.py first seen with mtime 1729230685.776416
File /Users/cc/Documents/CC_Self/CCHome/PAV/venv/lib/python3.12/site-packages/django/http/response.py first seen with mtime 1729230685.785281
File /Users/cc/Documents/CC_Self/CCHome/PAV/venv/lib/python3.12/site-packages/django/http/response.py first seen with mtime 1729230685.785281
File /Library/Frameworks/Python.framework/Versions/3.12/lib/python3.12/locale.py first seen with mtime 1717710263.0
File /Library/Frameworks/Python.framework/Versions/3.12/lib/python3.12/locale.py first seen with mtime 1717710263.0
File /Users/cc/Documents/CC_Self/CCHome/PAV/venv/lib/python3.12/site-packages/sqlparse/exceptions.py first seen with mtime 1729230683.2967257
File /Users/cc/Documents/CC_Self/CCHome/PAV/venv/lib/python3.12/site-packages/sqlparse/exceptions.py first seen with mtime 1729230683.2967257
File /Users/cc/Documents/CC_Self/CCHome/PAV/venv/lib/python3.12/site-packages/django/db/models/lookups.py first seen with mtime 1729230685.7717075
File /Users/cc/Documents/CC_Self/CCHome/PAV/venv/lib/python3.12/site-packages/django/db/models/lookups.py first seen with mtime 1729230685.7717075
File /Library/Frameworks/Python.framework/Versions/3.12/lib/python3.12/calendar.py first seen with mtime 1717710263.0
File /Library/Frameworks/Python.framework/Versions/3.12/lib/python3.12/calendar.py first seen with mtime 1717710263.0
File /Users/cc/Documents/CC_Self/CCHome/PAV/venv/lib/python3.12/site-packages/django/forms/widgets.py first seen with mtime 1729230685.7766182
File /Users/cc/Documents/CC_Self/CCHome/PAV/venv/lib/python3.12/site-packages/django/forms/widgets.py first seen with mtime 1729230685.7766182
File /Users/cc/Documents/CC_Self/CCHome/PAV/venv/lib/python3.12/site-packages/sqlparse/lexer.py first seen with mtime 1729230683.2970243
File /Users/cc/Documents/CC_Self/CCHome/PAV/venv/lib/python3.12/site-packages/sqlparse/lexer.py first seen with mtime 1729230683.2970243
File /Users/cc/Documents/CC_Self/CCHome/PAV/venv/lib/python3.12/site-packages/django/utils/tree.py first seen with mtime 1729230685.7947655
File /Users/cc/Documents/CC_Self/CCHome/PAV/venv/lib/python3.12/site-packages/django/utils/tree.py first seen with mtime 1729230685.7947655
File /Users/cc/Documents/CC_Self/CCHome/PAV/venv/lib/python3.12/site-packages/cryptography/hazmat/primitives/serialization/ssh.py first seen with mtime 1729230686.4636195
File /Users/cc/Documents/CC_Self/CCHome/PAV/venv/lib/python3.12/site-packages/cryptography/hazmat/primitives/serialization/ssh.py first seen with mtime 1729230686.4636195
File /Library/Frameworks/Python.framework/Versions/3.12/lib/python3.12/email/_header_value_parser.py first seen with mtime 1717710264.0
File /Library/Frameworks/Python.framework/Versions/3.12/lib/python3.12/email/_header_value_parser.py first seen with mtime 1717710264.0
File /Users/cc/Documents/CC_Self/CCHome/PAV/venv/lib/python3.12/site-packages/cryptography/hazmat/primitives/hashes.py first seen with mtime 1729230686.466144
File /Users/cc/Documents/CC_Self/CCHome/PAV/venv/lib/python3.12/site-packages/cryptography/hazmat/primitives/hashes.py first seen with mtime 1729230686.466144
File /Users/cc/Documents/CC_Self/CCHome/PAV/venv/lib/python3.12/site-packages/django/utils/regex_helper.py first seen with mtime 1729230685.7941241
File /Users/cc/Documents/CC_Self/CCHome/PAV/venv/lib/python3.12/site-packages/django/utils/regex_helper.py first seen with mtime 1729230685.7941241
File /Users/cc/Documents/CC_Self/CCHome/PAV/venv/lib/python3.12/site-packages/django/core/servers/__init__.py first seen with mtime 1729230685.7623372
File /Users/cc/Documents/CC_Self/CCHome/PAV/venv/lib/python3.12/site-packages/django/core/servers/__init__.py first seen with mtime 1729230685.7623372
File /Users/cc/Documents/CC_Self/CCHome/PAV/venv/lib/python3.12/site-packages/sqlparse/engine/filter_stack.py first seen with mtime 1729230683.2974265
File /Users/cc/Documents/CC_Self/CCHome/PAV/venv/lib/python3.12/site-packages/sqlparse/engine/filter_stack.py first seen with mtime 1729230683.2974265
File /Users/cc/Documents/CC_Self/CCHome/PAV/venv/lib/python3.12/site-packages/django/core/handlers/exception.py first seen with mtime 1729230685.7573338
File /Users/cc/Documents/CC_Self/CCHome/PAV/venv/lib/python3.12/site-packages/django/core/handlers/exception.py first seen with mtime 1729230685.7573338
File /Users/cc/Documents/CC_Self/CCHome/PAV/venv/lib/python3.12/site-packages/django/contrib/admin/widgets.py first seen with mtime 1729230685.3709102
File /Users/cc/Documents/CC_Self/CCHome/PAV/venv/lib/python3.12/site-packages/django/contrib/admin/widgets.py first seen with mtime 1729230685.3709102
File /Users/cc/Documents/CC_Self/CCHome/PAV/venv/lib/python3.12/site-packages/django/views/static.py first seen with mtime 1729230685.7961116
File /Users/cc/Documents/CC_Self/CCHome/PAV/venv/lib/python3.12/site-packages/django/views/static.py first seen with mtime 1729230685.7961116
File /Library/Frameworks/Python.framework/Versions/3.12/lib/python3.12/bisect.py first seen with mtime 1717710263.0
File /Library/Frameworks/Python.framework/Versions/3.12/lib/python3.12/bisect.py first seen with mtime 1717710263.0
File /Users/cc/Documents/CC_Self/CCHome/PAV/venv/lib/python3.12/site-packages/django/contrib/admin/sites.py first seen with mtime 1729230685.3705683
File /Users/cc/Documents/CC_Self/CCHome/PAV/venv/lib/python3.12/site-packages/django/contrib/admin/sites.py first seen with mtime 1729230685.3705683
File /Library/Frameworks/Python.framework/Versions/3.12/lib/python3.12/lib-dynload/_random.cpython-312-darwin.so first seen with mtime 1717710657.0
File /Library/Frameworks/Python.framework/Versions/3.12/lib/python3.12/lib-dynload/_random.cpython-312-darwin.so first seen with mtime 1717710657.0
File /Users/cc/Documents/CC_Self/CCHome/PAV/venv/lib/python3.12/site-packages/sqlparse/tokens.py first seen with mtime 1729230683.2971756
File /Users/cc/Documents/CC_Self/CCHome/PAV/venv/lib/python3.12/site-packages/sqlparse/tokens.py first seen with mtime 1729230683.2971756
File /Users/cc/Documents/CC_Self/CCHome/PAV/f_proc/apps.py first seen with mtime 1722835605.339132
File /Users/cc/Documents/CC_Self/CCHome/PAV/f_proc/apps.py first seen with mtime 1722835605.339132
File /Users/cc/Documents/CC_Self/CCHome/PAV/venv/lib/python3.12/site-packages/django/db/backends/mysql/base.py first seen with mtime 1729230685.76482
File /Users/cc/Documents/CC_Self/CCHome/PAV/venv/lib/python3.12/site-packages/django/db/backends/mysql/base.py first seen with mtime 1729230685.76482
File /Users/cc/Documents/CC_Self/CCHome/PAV/venv/lib/python3.12/site-packages/cryptography/hazmat/decrepit/__init__.py first seen with mtime 1729230686.4612594
File /Users/cc/Documents/CC_Self/CCHome/PAV/venv/lib/python3.12/site-packages/cryptography/hazmat/decrepit/__init__.py first seen with mtime 1729230686.4612594
File /Users/cc/Documents/CC_Self/CCHome/PAV/venv/lib/python3.12/site-packages/django/apps/registry.py first seen with mtime 1729230685.32432
File /Users/cc/Documents/CC_Self/CCHome/PAV/venv/lib/python3.12/site-packages/django/apps/registry.py first seen with mtime 1729230685.32432
File /Library/Frameworks/Python.framework/Versions/3.12/lib/python3.12/json/__init__.py first seen with mtime 1717710265.0
File /Library/Frameworks/Python.framework/Versions/3.12/lib/python3.12/json/__init__.py first seen with mtime 1717710265.0
File /Users/cc/Documents/CC_Self/CCHome/PAV/venv/lib/python3.12/site-packages/django/middleware/cache.py first seen with mtime 1729230685.7855122
File /Users/cc/Documents/CC_Self/CCHome/PAV/venv/lib/python3.12/site-packages/django/middleware/cache.py first seen with mtime 1729230685.7855122
File /Users/cc/Documents/CC_Self/CCHome/PAV/venv/lib/python3.12/site-packages/django/contrib/auth/signals.py first seen with mtime 1729230685.4706779
File /Users/cc/Documents/CC_Self/CCHome/PAV/venv/lib/python3.12/site-packages/django/contrib/auth/signals.py first seen with mtime 1729230685.4706779
File /Library/Frameworks/Python.framework/Versions/3.12/lib/python3.12/email/generator.py first seen with mtime 1717710264.0
File /Library/Frameworks/Python.framework/Versions/3.12/lib/python3.12/email/generator.py first seen with mtime 1717710264.0
File /Library/Frameworks/Python.framework/Versions/3.12/lib/python3.12/uuid.py first seen with mtime 1717710263.0
File /Library/Frameworks/Python.framework/Versions/3.12/lib/python3.12/uuid.py first seen with mtime 1717710263.0
File /Users/cc/Documents/CC_Self/CCHome/PAV/venv/lib/python3.12/site-packages/django/db/backends/base/client.py first seen with mtime 1729230685.7634485
File /Users/cc/Documents/CC_Self/CCHome/PAV/venv/lib/python3.12/site-packages/django/db/backends/base/client.py first seen with mtime 1729230685.7634485
File /Library/Frameworks/Python.framework/Versions/3.12/lib/python3.12/hmac.py first seen with mtime 1717710263.0
File /Library/Frameworks/Python.framework/Versions/3.12/lib/python3.12/hmac.py first seen with mtime 1717710263.0
File /Users/cc/Documents/CC_Self/CCHome/PAV/venv/lib/python3.12/site-packages/django/utils/asyncio.py first seen with mtime 1729230685.7911625
File /Users/cc/Documents/CC_Self/CCHome/PAV/venv/lib/python3.12/site-packages/django/utils/asyncio.py first seen with mtime 1729230685.7911625
File /Users/cc/Documents/CC_Self/CCHome/PAV/venv/lib/python3.12/site-packages/django/templatetags/__init__.py first seen with mtime 1729230685.7888267
File /Users/cc/Documents/CC_Self/CCHome/PAV/venv/lib/python3.12/site-packages/django/templatetags/__init__.py first seen with mtime 1729230685.7888267
File /Users/cc/Documents/CC_Self/CCHome/PAV/venv/lib/python3.12/site-packages/django/db/backends/mysql/client.py first seen with mtime 1729230685.764919
File /Users/cc/Documents/CC_Self/CCHome/PAV/venv/lib/python3.12/site-packages/django/db/backends/mysql/client.py first seen with mtime 1729230685.764919
File /Users/cc/Documents/CC_Self/CCHome/PAV/venv/lib/python3.12/site-packages/django/core/files/storage/filesystem.py first seen with mtime 1729230685.7564917
File /Users/cc/Documents/CC_Self/CCHome/PAV/venv/lib/python3.12/site-packages/django/core/files/storage/filesystem.py first seen with mtime 1729230685.7564917
File /Users/cc/Documents/CC_Self/CCHome/PAV/venv/lib/python3.12/site-packages/django/contrib/contenttypes/views.py first seen with mtime 1729230685.5346522
File /Users/cc/Documents/CC_Self/CCHome/PAV/venv/lib/python3.12/site-packages/django/contrib/contenttypes/views.py first seen with mtime 1729230685.5346522
File /Library/Frameworks/Python.framework/Versions/3.12/lib/python3.12/email/errors.py first seen with mtime 1717710264.0
File /Library/Frameworks/Python.framework/Versions/3.12/lib/python3.12/email/errors.py first seen with mtime 1717710264.0
File /Users/cc/Documents/CC_Self/CCHome/PAV/venv/lib/python3.12/site-packages/django/core/files/storage/base.py first seen with mtime 1729230685.7563756
File /Users/cc/Documents/CC_Self/CCHome/PAV/venv/lib/python3.12/site-packages/django/core/files/storage/base.py first seen with mtime 1729230685.7563756
File /Library/Frameworks/Python.framework/Versions/3.12/lib/python3.12/lib-dynload/_decimal.cpython-312-darwin.so first seen with mtime 1717710655.0
File /Library/Frameworks/Python.framework/Versions/3.12/lib/python3.12/lib-dynload/_decimal.cpython-312-darwin.so first seen with mtime 1717710655.0
File /Users/cc/Documents/CC_Self/CCHome/PAV/venv/lib/python3.12/site-packages/cryptography/hazmat/primitives/asymmetric/__init__.py first seen with mtime 1729230686.4652214
File /Users/cc/Documents/CC_Self/CCHome/PAV/venv/lib/python3.12/site-packages/cryptography/hazmat/primitives/asymmetric/__init__.py first seen with mtime 1729230686.4652214
File /Library/Frameworks/Python.framework/Versions/3.12/lib/python3.12/html/__init__.py first seen with mtime 1717710264.0
File /Library/Frameworks/Python.framework/Versions/3.12/lib/python3.12/html/__init__.py first seen with mtime 1717710264.0
File /Users/cc/Documents/CC_Self/CCHome/PAV/venv/lib/python3.12/site-packages/pymysql/err.py first seen with mtime 1729230683.373016
File /Users/cc/Documents/CC_Self/CCHome/PAV/venv/lib/python3.12/site-packages/pymysql/err.py first seen with mtime 1729230683.373016
File /Users/cc/Documents/CC_Self/CCHome/PAV/venv/lib/python3.12/site-packages/django/template/smartif.py first seen with mtime 1729230685.7877498
File /Users/cc/Documents/CC_Self/CCHome/PAV/venv/lib/python3.12/site-packages/django/template/smartif.py first seen with mtime 1729230685.7877498
File /Users/cc/Documents/CC_Self/CCHome/PAV/venv/lib/python3.12/site-packages/django/forms/formsets.py first seen with mtime 1729230685.7762012
File /Users/cc/Documents/CC_Self/CCHome/PAV/venv/lib/python3.12/site-packages/django/forms/formsets.py first seen with mtime 1729230685.7762012
File /Library/Frameworks/Python.framework/Versions/3.12/lib/python3.12/email/utils.py first seen with mtime 1717710264.0
File /Library/Frameworks/Python.framework/Versions/3.12/lib/python3.12/email/utils.py first seen with mtime 1717710264.0
File /Library/Frameworks/Python.framework/Versions/3.12/lib/python3.12/lib-dynload/_asyncio.cpython-312-darwin.so first seen with mtime 1717710651.0
File /Library/Frameworks/Python.framework/Versions/3.12/lib/python3.12/lib-dynload/_asyncio.cpython-312-darwin.so first seen with mtime 1717710651.0
File /Users/cc/Documents/CC_Self/CCHome/PAV/venv/lib/python3.12/site-packages/django/core/checks/templates.py first seen with mtime 1729230685.7546039
File /Users/cc/Documents/CC_Self/CCHome/PAV/venv/lib/python3.12/site-packages/django/core/checks/templates.py first seen with mtime 1729230685.7546039
File /Library/Frameworks/Python.framework/Versions/3.12/lib/python3.12/wsgiref/handlers.py first seen with mtime 1717710265.0
File /Library/Frameworks/Python.framework/Versions/3.12/lib/python3.12/wsgiref/handlers.py first seen with mtime 1717710265.0
File /Library/Frameworks/Python.framework/Versions/3.12/lib/python3.12/lib-dynload/_contextvars.cpython-312-darwin.so first seen with mtime 1717710653.0
File /Library/Frameworks/Python.framework/Versions/3.12/lib/python3.12/lib-dynload/_contextvars.cpython-312-darwin.so first seen with mtime 1717710653.0
File /Users/cc/Documents/CC_Self/CCHome/PAV/f_proc/fproc.py first seen with mtime 1729421393.6353848
File /Users/cc/Documents/CC_Self/CCHome/PAV/f_proc/fproc.py first seen with mtime 1729421393.6353848
File /Users/cc/Documents/CC_Self/CCHome/PAV/venv/lib/python3.12/site-packages/django/contrib/contenttypes/checks.py first seen with mtime 1729230685.5341597
File /Users/cc/Documents/CC_Self/CCHome/PAV/venv/lib/python3.12/site-packages/django/contrib/contenttypes/checks.py first seen with mtime 1729230685.5341597
File /Library/Frameworks/Python.framework/Versions/3.12/lib/python3.12/_osx_support.py first seen with mtime 1717710263.0
File /Library/Frameworks/Python.framework/Versions/3.12/lib/python3.12/_osx_support.py first seen with mtime 1717710263.0
File /Users/cc/Documents/CC_Self/CCHome/PAV/venv/lib/python3.12/site-packages/django/db/migrations/utils.py first seen with mtime 1729230685.770042
File /Users/cc/Documents/CC_Self/CCHome/PAV/venv/lib/python3.12/site-packages/django/db/migrations/utils.py first seen with mtime 1729230685.770042
File /Library/Frameworks/Python.framework/Versions/3.12/lib/python3.12/email/contentmanager.py first seen with mtime 1717710264.0
File /Library/Frameworks/Python.framework/Versions/3.12/lib/python3.12/email/contentmanager.py first seen with mtime 1717710264.0
File /Library/Frameworks/Python.framework/Versions/3.12/lib/python3.12/getpass.py first seen with mtime 1717710263.0
File /Library/Frameworks/Python.framework/Versions/3.12/lib/python3.12/getpass.py first seen with mtime 1717710263.0
File /Library/Frameworks/Python.framework/Versions/3.12/lib/python3.12/json/encoder.py first seen with mtime 1717710265.0
File /Library/Frameworks/Python.framework/Versions/3.12/lib/python3.12/json/encoder.py first seen with mtime 1717710265.0
File /Users/cc/Documents/CC_Self/CCHome/PAV/venv/lib/python3.12/site-packages/cryptography/hazmat/primitives/_cipheralgorithm.py first seen with mtime 1729230686.4640193
File /Users/cc/Documents/CC_Self/CCHome/PAV/venv/lib/python3.12/site-packages/cryptography/hazmat/primitives/_cipheralgorithm.py first seen with mtime 1729230686.4640193
File /Users/cc/Documents/CC_Self/CCHome/PAV/manage.py first seen with mtime 1722835473.1492891
File /Users/cc/Documents/CC_Self/CCHome/PAV/manage.py first seen with mtime 1722835473.1492891
File /Library/Frameworks/Python.framework/Versions/3.12/lib/python3.12/linecache.py first seen with mtime 1717710263.0
File /Library/Frameworks/Python.framework/Versions/3.12/lib/python3.12/linecache.py first seen with mtime 1717710263.0
File /Users/cc/Documents/CC_Self/CCHome/PAV/venv/lib/python3.12/site-packages/django/contrib/auth/apps.py first seen with mtime 1729230685.4691043
File /Users/cc/Documents/CC_Self/CCHome/PAV/venv/lib/python3.12/site-packages/django/contrib/auth/apps.py first seen with mtime 1729230685.4691043
File /Users/cc/Documents/CC_Self/CCHome/PAV/venv/lib/python3.12/site-packages/django/core/files/utils.py first seen with mtime 1729230685.7561343
File /Users/cc/Documents/CC_Self/CCHome/PAV/venv/lib/python3.12/site-packages/django/core/files/utils.py first seen with mtime 1729230685.7561343
File /Users/cc/Documents/CC_Self/CCHome/PAV/venv/lib/python3.12/site-packages/django/contrib/contenttypes/fields.py first seen with mtime 1729230685.53426
File /Users/cc/Documents/CC_Self/CCHome/PAV/venv/lib/python3.12/site-packages/django/contrib/contenttypes/fields.py first seen with mtime 1729230685.53426
File /Users/cc/Documents/CC_Self/CCHome/PAV/venv/lib/python3.12/site-packages/django/db/backends/base/operations.py first seen with mtime 1729230685.7640097
File /Users/cc/Documents/CC_Self/CCHome/PAV/venv/lib/python3.12/site-packages/django/db/backends/base/operations.py first seen with mtime 1729230685.7640097
File /Users/cc/Documents/CC_Self/CCHome/PAV/venv/lib/python3.12/site-packages/django/db/models/functions/mixins.py first seen with mtime 1729230685.7740254
File /Users/cc/Documents/CC_Self/CCHome/PAV/venv/lib/python3.12/site-packages/django/db/models/functions/mixins.py first seen with mtime 1729230685.7740254
File /Library/Frameworks/Python.framework/Versions/3.12/lib/python3.12/asyncio/mixins.py first seen with mtime 1717710263.0
File /Library/Frameworks/Python.framework/Versions/3.12/lib/python3.12/asyncio/mixins.py first seen with mtime 1717710263.0
File /Library/Frameworks/Python.framework/Versions/3.12/lib/python3.12/enum.py first seen with mtime 1717710263.0
File /Library/Frameworks/Python.framework/Versions/3.12/lib/python3.12/enum.py first seen with mtime 1717710263.0
File /Users/cc/Documents/CC_Self/CCHome/PAV/venv/lib/python3.12/site-packages/django/utils/functional.py first seen with mtime 1729230685.792882
File /Users/cc/Documents/CC_Self/CCHome/PAV/venv/lib/python3.12/site-packages/django/utils/functional.py first seen with mtime 1729230685.792882
File /Users/cc/Documents/CC_Self/CCHome/PAV/venv/lib/python3.12/site-packages/cffi/lock.py first seen with mtime 1729230686.3760674
File /Users/cc/Documents/CC_Self/CCHome/PAV/venv/lib/python3.12/site-packages/cffi/lock.py first seen with mtime 1729230686.3760674
File /Library/Frameworks/Python.framework/Versions/3.12/lib/python3.12/token.py first seen with mtime 1717710263.0
File /Library/Frameworks/Python.framework/Versions/3.12/lib/python3.12/token.py first seen with mtime 1717710263.0
File /Users/cc/Documents/CC_Self/CCHome/PAV/venv/lib/python3.12/site-packages/django/db/models/functions/window.py first seen with mtime 1729230685.7742407
File /Users/cc/Documents/CC_Self/CCHome/PAV/venv/lib/python3.12/site-packages/django/db/models/functions/window.py first seen with mtime 1729230685.7742407
File /Library/Frameworks/Python.framework/Versions/3.12/lib/python3.12/email/_encoded_words.py first seen with mtime 1717710264.0
File /Library/Frameworks/Python.framework/Versions/3.12/lib/python3.12/email/_encoded_words.py first seen with mtime 1717710264.0
File /Library/Frameworks/Python.framework/Versions/3.12/lib/python3.12/http/client.py first seen with mtime 1717710264.0
File /Library/Frameworks/Python.framework/Versions/3.12/lib/python3.12/http/client.py first seen with mtime 1717710264.0
File /Users/cc/Documents/CC_Self/CCHome/PAV/venv/lib/python3.12/site-packages/django/contrib/staticfiles/management/commands/__init__.py first seen with mtime 1729230685.7513
File /Users/cc/Documents/CC_Self/CCHome/PAV/venv/lib/python3.12/site-packages/django/contrib/staticfiles/management/commands/__init__.py first seen with mtime 1729230685.7513
File /Users/cc/Documents/CC_Self/CCHome/PAV/venv/lib/python3.12/site-packages/django/core/cache/__init__.py first seen with mtime 1729230685.752765
File /Users/cc/Documents/CC_Self/CCHome/PAV/venv/lib/python3.12/site-packages/django/core/cache/__init__.py first seen with mtime 1729230685.752765
File /Users/cc/Documents/CC_Self/CCHome/PAV/venv/lib/python3.12/site-packages/django/db/utils.py first seen with mtime 1729230685.7628176
File /Users/cc/Documents/CC_Self/CCHome/PAV/venv/lib/python3.12/site-packages/django/db/utils.py first seen with mtime 1729230685.7628176
File /Library/Frameworks/Python.framework/Versions/3.12/lib/python3.12/asyncio/staggered.py first seen with mtime 1717710263.0
File /Library/Frameworks/Python.framework/Versions/3.12/lib/python3.12/asyncio/staggered.py first seen with mtime 1717710263.0
File /Library/Frameworks/Python.framework/Versions/3.12/lib/python3.12/asyncio/base_futures.py first seen with mtime 1717710263.0
File /Library/Frameworks/Python.framework/Versions/3.12/lib/python3.12/asyncio/base_futures.py first seen with mtime 1717710263.0
File /Users/cc/Documents/CC_Self/CCHome/PAV/venv/lib/python3.12/site-packages/django/contrib/auth/validators.py first seen with mtime 1729230685.4709287
File /Users/cc/Documents/CC_Self/CCHome/PAV/venv/lib/python3.12/site-packages/django/contrib/auth/validators.py first seen with mtime 1729230685.4709287
File /Users/cc/Documents/CC_Self/CCHome/PAV/venv/lib/python3.12/site-packages/django/core/validators.py first seen with mtime 1729230685.75256
File /Users/cc/Documents/CC_Self/CCHome/PAV/venv/lib/python3.12/site-packages/django/core/validators.py first seen with mtime 1729230685.75256
File /Users/cc/Documents/CC_Self/CCHome/PAV/venv/lib/python3.12/site-packages/django/contrib/auth/management/__init__.py first seen with mtime 1729230685.5320625
File /Users/cc/Documents/CC_Self/CCHome/PAV/venv/lib/python3.12/site-packages/django/contrib/auth/management/__init__.py first seen with mtime 1729230685.5320625
File /Library/Frameworks/Python.framework/Versions/3.12/lib/python3.12/html/entities.py first seen with mtime 1717710264.0
File /Library/Frameworks/Python.framework/Versions/3.12/lib/python3.12/html/entities.py first seen with mtime 1717710264.0
File /Users/cc/Documents/CC_Self/CCHome/PAV/venv/lib/python3.12/site-packages/django/utils/inspect.py first seen with mtime 1729230685.7933295
File /Users/cc/Documents/CC_Self/CCHome/PAV/venv/lib/python3.12/site-packages/django/utils/inspect.py first seen with mtime 1729230685.7933295
File /Library/Frameworks/Python.framework/Versions/3.12/lib/python3.12/collections/__init__.py first seen with mtime 1717710264.0
File /Library/Frameworks/Python.framework/Versions/3.12/lib/python3.12/collections/__init__.py first seen with mtime 1717710264.0
File /Users/cc/Documents/CC_Self/CCHome/PAV/venv/lib/python3.12/site-packages/django/contrib/messages/storage/base.py first seen with mtime 1729230685.6515112
File /Users/cc/Documents/CC_Self/CCHome/PAV/venv/lib/python3.12/site-packages/django/contrib/messages/storage/base.py first seen with mtime 1729230685.6515112
File /Library/Frameworks/Python.framework/Versions/3.12/lib/python3.12/asyncio/locks.py first seen with mtime 1717710263.0
File /Library/Frameworks/Python.framework/Versions/3.12/lib/python3.12/asyncio/locks.py first seen with mtime 1717710263.0
File /Users/cc/Documents/CC_Self/CCHome/PAV/venv/lib/python3.12/site-packages/django/contrib/messages/constants.py first seen with mtime 1729230685.6509385
File /Users/cc/Documents/CC_Self/CCHome/PAV/venv/lib/python3.12/site-packages/django/contrib/messages/constants.py first seen with mtime 1729230685.6509385
File /Users/cc/Documents/CC_Self/CCHome/PAV/venv/lib/python3.12/site-packages/django/core/checks/urls.py first seen with mtime 1729230685.754759
File /Users/cc/Documents/CC_Self/CCHome/PAV/venv/lib/python3.12/site-packages/django/core/checks/urls.py first seen with mtime 1729230685.754759
File /Users/cc/Documents/CC_Self/CCHome/PAV/venv/lib/python3.12/site-packages/django/core/serializers/python.py first seen with mtime 1729230685.7621052
File /Users/cc/Documents/CC_Self/CCHome/PAV/venv/lib/python3.12/site-packages/django/core/serializers/python.py first seen with mtime 1729230685.7621052
File /Library/Frameworks/Python.framework/Versions/3.12/lib/python3.12/email/quoprimime.py first seen with mtime 1717710264.0
File /Library/Frameworks/Python.framework/Versions/3.12/lib/python3.12/email/quoprimime.py first seen with mtime 1717710264.0
File /Library/Frameworks/Python.framework/Versions/3.12/lib/python3.12/pkgutil.py first seen with mtime 1717710263.0
File /Library/Frameworks/Python.framework/Versions/3.12/lib/python3.12/pkgutil.py first seen with mtime 1717710263.0
File /Library/Frameworks/Python.framework/Versions/3.12/lib/python3.12/concurrent/futures/thread.py first seen with mtime 1717710264.0
File /Library/Frameworks/Python.framework/Versions/3.12/lib/python3.12/concurrent/futures/thread.py first seen with mtime 1717710264.0
File /Users/cc/Documents/CC_Self/CCHome/PAV/venv/lib/python3.12/site-packages/django/db/backends/base/schema.py first seen with mtime 1729230685.7641766
File /Users/cc/Documents/CC_Self/CCHome/PAV/venv/lib/python3.12/site-packages/django/db/backends/base/schema.py first seen with mtime 1729230685.7641766
File /Users/cc/Documents/CC_Self/CCHome/PAV/show/apps.py first seen with mtime 1725105618.244076
File /Users/cc/Documents/CC_Self/CCHome/PAV/show/apps.py first seen with mtime 1725105618.244076
File /Library/Frameworks/Python.framework/Versions/3.12/lib/python3.12/zoneinfo/_tzpath.py first seen with mtime 1717710265.0
File /Library/Frameworks/Python.framework/Versions/3.12/lib/python3.12/zoneinfo/_tzpath.py first seen with mtime 1717710265.0
File /Users/cc/Documents/CC_Self/CCHome/PAV/venv/lib/python3.12/site-packages/django/core/mail/message.py first seen with mtime 1729230685.7576885
File /Users/cc/Documents/CC_Self/CCHome/PAV/venv/lib/python3.12/site-packages/django/core/mail/message.py first seen with mtime 1729230685.7576885
File /Library/Frameworks/Python.framework/Versions/3.12/lib/python3.12/ipaddress.py first seen with mtime 1717710263.0
File /Library/Frameworks/Python.framework/Versions/3.12/lib/python3.12/ipaddress.py first seen with mtime 1717710263.0
File /Users/cc/Documents/CC_Self/CCHome/PAV/venv/lib/python3.12/site-packages/django/forms/models.py first seen with mtime 1729230685.776337
File /Users/cc/Documents/CC_Self/CCHome/PAV/venv/lib/python3.12/site-packages/django/forms/models.py first seen with mtime 1729230685.776337
File /Users/cc/Documents/CC_Self/CCHome/PAV/venv/lib/python3.12/site-packages/cryptography/hazmat/_oid.py first seen with mtime 1729230686.4663901
File /Users/cc/Documents/CC_Self/CCHome/PAV/venv/lib/python3.12/site-packages/cryptography/hazmat/_oid.py first seen with mtime 1729230686.4663901
File /Users/cc/Documents/CC_Self/CCHome/PAV/PAV/__init__.py first seen with mtime 1722845684.3984337
File /Users/cc/Documents/CC_Self/CCHome/PAV/PAV/__init__.py first seen with mtime 1722845684.3984337
File /Users/cc/Documents/CC_Self/CCHome/PAV/venv/lib/python3.12/site-packages/cryptography/__init__.py first seen with mtime 1729230686.469576
File /Users/cc/Documents/CC_Self/CCHome/PAV/venv/lib/python3.12/site-packages/cryptography/__init__.py first seen with mtime 1729230686.469576
File /Users/cc/Documents/CC_Self/CCHome/PAV/venv/lib/python3.12/site-packages/django/db/models/expressions.py first seen with mtime 1729230685.7714975
File /Users/cc/Documents/CC_Self/CCHome/PAV/venv/lib/python3.12/site-packages/django/db/models/expressions.py first seen with mtime 1729230685.7714975
File /Users/cc/Documents/CC_Self/CCHome/PAV/venv/lib/python3.12/site-packages/pymysql/connections.py first seen with mtime 1729230683.372695
File /Users/cc/Documents/CC_Self/CCHome/PAV/venv/lib/python3.12/site-packages/pymysql/connections.py first seen with mtime 1729230683.372695
File /Users/cc/Documents/CC_Self/CCHome/PAV/venv/lib/python3.12/site-packages/django/contrib/messages/api.py first seen with mtime 1729230685.6507905
File /Users/cc/Documents/CC_Self/CCHome/PAV/venv/lib/python3.12/site-packages/django/contrib/messages/api.py first seen with mtime 1729230685.6507905
File /Library/Frameworks/Python.framework/Versions/3.12/lib/python3.12/copyreg.py first seen with mtime 1717710263.0
File /Library/Frameworks/Python.framework/Versions/3.12/lib/python3.12/copyreg.py first seen with mtime 1717710263.0
File /Library/Frameworks/Python.framework/Versions/3.12/lib/python3.12/decimal.py first seen with mtime 1717710263.0
File /Library/Frameworks/Python.framework/Versions/3.12/lib/python3.12/decimal.py first seen with mtime 1717710263.0
File /Users/cc/Documents/CC_Self/CCHome/PAV/venv/lib/python3.12/site-packages/cryptography/hazmat/primitives/asymmetric/ec.py first seen with mtime 1729230686.4649522
File /Users/cc/Documents/CC_Self/CCHome/PAV/venv/lib/python3.12/site-packages/cryptography/hazmat/primitives/asymmetric/ec.py first seen with mtime 1729230686.4649522
File /Users/cc/Documents/CC_Self/CCHome/PAV/venv/lib/python3.12/site-packages/django/core/cache/backends/__init__.py first seen with mtime 1729230685.752942
File /Users/cc/Documents/CC_Self/CCHome/PAV/venv/lib/python3.12/site-packages/django/core/cache/backends/__init__.py first seen with mtime 1729230685.752942
File /Library/Frameworks/Python.framework/Versions/3.12/lib/python3.12/importlib/_abc.py first seen with mtime 1717710265.0
File /Library/Frameworks/Python.framework/Versions/3.12/lib/python3.12/importlib/_abc.py first seen with mtime 1717710265.0
File /Users/cc/Documents/CC_Self/CCHome/PAV/venv/lib/python3.12/site-packages/django/db/backends/base/creation.py first seen with mtime 1729230685.7636073
File /Users/cc/Documents/CC_Self/CCHome/PAV/venv/lib/python3.12/site-packages/django/db/backends/base/creation.py first seen with mtime 1729230685.7636073
File /Users/cc/Documents/CC_Self/CCHome/PAV/venv/lib/python3.12/site-packages/django/templatetags/cache.py first seen with mtime 1729230685.78891
File /Users/cc/Documents/CC_Self/CCHome/PAV/venv/lib/python3.12/site-packages/django/templatetags/cache.py first seen with mtime 1729230685.78891
File /Users/cc/Documents/CC_Self/CCHome/PAV/venv/lib/python3.12/site-packages/django/contrib/sites/__init__.py first seen with mtime 1729230685.7258708
File /Users/cc/Documents/CC_Self/CCHome/PAV/venv/lib/python3.12/site-packages/django/contrib/sites/__init__.py first seen with mtime 1729230685.7258708
File /Users/cc/Documents/CC_Self/CCHome/PAV/venv/lib/python3.12/site-packages/sqlparse/__init__.py first seen with mtime 1729230683.2964613
File /Users/cc/Documents/CC_Self/CCHome/PAV/venv/lib/python3.12/site-packages/sqlparse/__init__.py first seen with mtime 1729230683.2964613
File /Users/cc/Documents/CC_Self/CCHome/PAV/venv/lib/python3.12/site-packages/django/http/__init__.py first seen with mtime 1729230685.784825
File /Users/cc/Documents/CC_Self/CCHome/PAV/venv/lib/python3.12/site-packages/django/http/__init__.py first seen with mtime 1729230685.784825
File /Library/Frameworks/Python.framework/Versions/3.12/lib/python3.12/ast.py first seen with mtime 1717710263.0
File /Library/Frameworks/Python.framework/Versions/3.12/lib/python3.12/ast.py first seen with mtime 1717710263.0
File /Users/cc/Documents/CC_Self/CCHome/PAV/venv/lib/python3.12/site-packages/django/apps/__init__.py first seen with mtime 1729230685.3241076
File /Users/cc/Documents/CC_Self/CCHome/PAV/venv/lib/python3.12/site-packages/django/apps/__init__.py first seen with mtime 1729230685.3241076
File /Library/Frameworks/Python.framework/Versions/3.12/lib/python3.12/warnings.py first seen with mtime 1717710263.0
File /Library/Frameworks/Python.framework/Versions/3.12/lib/python3.12/warnings.py first seen with mtime 1717710263.0
File /Users/cc/Documents/CC_Self/CCHome/PAV/venv/lib/python3.12/site-packages/django/db/backends/mysql/introspection.py first seen with mtime 1729230685.7654088
File /Users/cc/Documents/CC_Self/CCHome/PAV/venv/lib/python3.12/site-packages/django/db/backends/mysql/introspection.py first seen with mtime 1729230685.7654088
File /Users/cc/Documents/CC_Self/CCHome/PAV/venv/lib/python3.12/site-packages/django/contrib/sites/shortcuts.py first seen with mtime 1729230685.7267036
File /Users/cc/Documents/CC_Self/CCHome/PAV/venv/lib/python3.12/site-packages/django/contrib/sites/shortcuts.py first seen with mtime 1729230685.7267036
File /Users/cc/Documents/CC_Self/CCHome/PAV/venv/lib/python3.12/site-packages/django/utils/html.py first seen with mtime 1729230685.793102
File /Users/cc/Documents/CC_Self/CCHome/PAV/venv/lib/python3.12/site-packages/django/utils/html.py first seen with mtime 1729230685.793102
File /Users/cc/Documents/CC_Self/CCHome/PAV/venv/lib/python3.12/site-packages/sqlparse/filters/output.py first seen with mtime 1729230683.2980576
File /Users/cc/Documents/CC_Self/CCHome/PAV/venv/lib/python3.12/site-packages/sqlparse/filters/output.py first seen with mtime 1729230683.2980576
File /Library/Frameworks/Python.framework/Versions/3.12/lib/python3.12/graphlib.py first seen with mtime 1717710263.0
File /Library/Frameworks/Python.framework/Versions/3.12/lib/python3.12/graphlib.py first seen with mtime 1717710263.0
File /Users/cc/Documents/CC_Self/CCHome/PAV/venv/lib/python3.12/site-packages/pymysql/converters.py first seen with mtime 1729230683.3728123
File /Users/cc/Documents/CC_Self/CCHome/PAV/venv/lib/python3.12/site-packages/pymysql/converters.py first seen with mtime 1729230683.3728123
File /Users/cc/Documents/CC_Self/CCHome/PAV/venv/lib/python3.12/site-packages/django/db/models/functions/math.py first seen with mtime 1729230685.7739394
File /Users/cc/Documents/CC_Self/CCHome/PAV/venv/lib/python3.12/site-packages/django/db/models/functions/math.py first seen with mtime 1729230685.7739394
File /Users/cc/Documents/CC_Self/CCHome/PAV/venv/lib/python3.12/site-packages/django/utils/dates.py first seen with mtime 1729230685.79199
File /Users/cc/Documents/CC_Self/CCHome/PAV/venv/lib/python3.12/site-packages/django/utils/dates.py first seen with mtime 1729230685.79199
File /Users/cc/Documents/CC_Self/CCHome/PAV/venv/lib/python3.12/site-packages/django/utils/text.py first seen with mtime 1729230685.7944584
File /Users/cc/Documents/CC_Self/CCHome/PAV/venv/lib/python3.12/site-packages/django/utils/text.py first seen with mtime 1729230685.7944584
File /Library/Frameworks/Python.framework/Versions/3.12/lib/python3.12/asyncio/log.py first seen with mtime 1717710263.0
File /Library/Frameworks/Python.framework/Versions/3.12/lib/python3.12/asyncio/log.py first seen with mtime 1717710263.0
File /Library/Frameworks/Python.framework/Versions/3.12/lib/python3.12/lib-dynload/_lzma.cpython-312-darwin.so first seen with mtime 1717710656.0
File /Library/Frameworks/Python.framework/Versions/3.12/lib/python3.12/lib-dynload/_lzma.cpython-312-darwin.so first seen with mtime 1717710656.0
File /Users/cc/Documents/CC_Self/CCHome/PAV/venv/lib/python3.12/site-packages/cryptography/hazmat/primitives/asymmetric/padding.py first seen with mtime 1729230686.465869
File /Users/cc/Documents/CC_Self/CCHome/PAV/venv/lib/python3.12/site-packages/cryptography/hazmat/primitives/asymmetric/padding.py first seen with mtime 1729230686.465869
File /Library/Frameworks/Python.framework/Versions/3.12/lib/python3.12/asyncio/base_tasks.py first seen with mtime 1717710263.0
File /Library/Frameworks/Python.framework/Versions/3.12/lib/python3.12/asyncio/base_tasks.py first seen with mtime 1717710263.0
File /Users/cc/Documents/CC_Self/CCHome/PAV/venv/lib/python3.12/site-packages/django/core/serializers/base.py first seen with mtime 1729230685.7618706
File /Users/cc/Documents/CC_Self/CCHome/PAV/venv/lib/python3.12/site-packages/django/core/serializers/base.py first seen with mtime 1729230685.7618706
File /Users/cc/Documents/CC_Self/CCHome/PAV/venv/lib/python3.12/site-packages/django/contrib/admin/exceptions.py first seen with mtime 1729230685.369832
File /Users/cc/Documents/CC_Self/CCHome/PAV/venv/lib/python3.12/site-packages/django/contrib/admin/exceptions.py first seen with mtime 1729230685.369832
File /Library/Frameworks/Python.framework/Versions/3.12/lib/python3.12/email/__init__.py first seen with mtime 1717710264.0
File /Library/Frameworks/Python.framework/Versions/3.12/lib/python3.12/email/__init__.py first seen with mtime 1717710264.0
File /Library/Frameworks/Python.framework/Versions/3.12/lib/python3.12/wsgiref/headers.py first seen with mtime 1717710265.0
File /Library/Frameworks/Python.framework/Versions/3.12/lib/python3.12/wsgiref/headers.py first seen with mtime 1717710265.0
File /Users/cc/Documents/CC_Self/CCHome/PAV/venv/lib/python3.12/site-packages/django/urls/resolvers.py first seen with mtime 1729230685.790753
File /Users/cc/Documents/CC_Self/CCHome/PAV/venv/lib/python3.12/site-packages/django/urls/resolvers.py first seen with mtime 1729230685.790753
File /Library/Frameworks/Python.framework/Versions/3.12/lib/python3.12/typing.py first seen with mtime 1717710263.0
File /Library/Frameworks/Python.framework/Versions/3.12/lib/python3.12/typing.py first seen with mtime 1717710263.0
File /Users/cc/Documents/CC_Self/CCHome/PAV/venv/lib/python3.12/site-packages/django/core/servers/basehttp.py first seen with mtime 1729230685.7624514
File /Users/cc/Documents/CC_Self/CCHome/PAV/venv/lib/python3.12/site-packages/django/core/servers/basehttp.py first seen with mtime 1729230685.7624514
File /Users/cc/Documents/CC_Self/CCHome/PAV/venv/lib/python3.12/site-packages/asgiref/current_thread_executor.py first seen with mtime 1729230684.9765012
File /Users/cc/Documents/CC_Self/CCHome/PAV/venv/lib/python3.12/site-packages/asgiref/current_thread_executor.py first seen with mtime 1729230684.9765012
File /Library/Frameworks/Python.framework/Versions/3.12/lib/python3.12/asyncio/runners.py first seen with mtime 1717710263.0
File /Library/Frameworks/Python.framework/Versions/3.12/lib/python3.12/asyncio/runners.py first seen with mtime 1717710263.0
File /Users/cc/Documents/CC_Self/CCHome/PAV/venv/lib/python3.12/site-packages/django/core/checks/security/base.py first seen with mtime 1729230685.755103
File /Users/cc/Documents/CC_Self/CCHome/PAV/venv/lib/python3.12/site-packages/django/core/checks/security/base.py first seen with mtime 1729230685.755103
File /Users/cc/Documents/CC_Self/CCHome/PAV/venv/lib/python3.12/site-packages/django/utils/encoding.py first seen with mtime 1729230685.7924871
File /Users/cc/Documents/CC_Self/CCHome/PAV/venv/lib/python3.12/site-packages/django/utils/encoding.py first seen with mtime 1729230685.7924871
File /Library/Frameworks/Python.framework/Versions/3.12/lib/python3.12/html/parser.py first seen with mtime 1717710264.0
File /Library/Frameworks/Python.framework/Versions/3.12/lib/python3.12/html/parser.py first seen with mtime 1717710264.0
File /Users/cc/Documents/CC_Self/CCHome/PAV/venv/lib/python3.12/site-packages/django/contrib/staticfiles/checks.py first seen with mtime 1729230685.7505233
File /Users/cc/Documents/CC_Self/CCHome/PAV/venv/lib/python3.12/site-packages/django/contrib/staticfiles/checks.py first seen with mtime 1729230685.7505233
File /Users/cc/Documents/CC_Self/CCHome/PAV/venv/lib/python3.12/site-packages/PIL/_imaging.cpython-312-darwin.so first seen with mtime 1729230684.291978
File /Users/cc/Documents/CC_Self/CCHome/PAV/venv/lib/python3.12/site-packages/PIL/_imaging.cpython-312-darwin.so first seen with mtime 1729230684.291978
File /Library/Frameworks/Python.framework/Versions/3.12/lib/python3.12/concurrent/__init__.py first seen with mtime 1717710264.0
File /Library/Frameworks/Python.framework/Versions/3.12/lib/python3.12/concurrent/__init__.py first seen with mtime 1717710264.0
File /Users/cc/Documents/CC_Self/CCHome/PAV/venv/lib/python3.12/site-packages/cryptography/hazmat/primitives/_asymmetric.py first seen with mtime 1729230686.4638717
File /Users/cc/Documents/CC_Self/CCHome/PAV/venv/lib/python3.12/site-packages/cryptography/hazmat/primitives/_asymmetric.py first seen with mtime 1729230686.4638717
File /Users/cc/Documents/CC_Self/CCHome/PAV/venv/lib/python3.12/site-packages/django/views/generic/list.py first seen with mtime 1729230685.7976687
File /Users/cc/Documents/CC_Self/CCHome/PAV/venv/lib/python3.12/site-packages/django/views/generic/list.py first seen with mtime 1729230685.7976687
File /Library/Frameworks/Python.framework/Versions/3.12/lib/python3.12/opcode.py first seen with mtime 1717710263.0
File /Library/Frameworks/Python.framework/Versions/3.12/lib/python3.12/opcode.py first seen with mtime 1717710263.0
File /Users/cc/Documents/CC_Self/CCHome/PAV/venv/lib/python3.12/site-packages/django/template/defaultfilters.py first seen with mtime 1729230685.7868505
File /Users/cc/Documents/CC_Self/CCHome/PAV/venv/lib/python3.12/site-packages/django/template/defaultfilters.py first seen with mtime 1729230685.7868505
File /Users/cc/Documents/CC_Self/CCHome/PAV/venv/lib/python3.12/site-packages/cryptography/__about__.py first seen with mtime 1729230686.4709609
File /Users/cc/Documents/CC_Self/CCHome/PAV/venv/lib/python3.12/site-packages/cryptography/__about__.py first seen with mtime 1729230686.4709609
File /Library/Frameworks/Python.framework/Versions/3.12/lib/python3.12/asyncio/base_events.py first seen with mtime 1717710263.0
File /Library/Frameworks/Python.framework/Versions/3.12/lib/python3.12/asyncio/base_events.py first seen with mtime 1717710263.0
File /Users/cc/Documents/CC_Self/CCHome/PAV/f_proc/__init__.py first seen with mtime 1722835605.338284
File /Users/cc/Documents/CC_Self/CCHome/PAV/f_proc/__init__.py first seen with mtime 1722835605.338284
File /Users/cc/Documents/CC_Self/CCHome/PAV/venv/lib/python3.12/site-packages/pymysql/__init__.py first seen with mtime 1729230683.3723307
File /Users/cc/Documents/CC_Self/CCHome/PAV/venv/lib/python3.12/site-packages/pymysql/__init__.py first seen with mtime 1729230683.3723307
File /Users/cc/Documents/CC_Self/CCHome/PAV/venv/lib/python3.12/site-packages/django/core/checks/security/sessions.py first seen with mtime 1729230685.7552557
File /Users/cc/Documents/CC_Self/CCHome/PAV/venv/lib/python3.12/site-packages/django/core/checks/security/sessions.py first seen with mtime 1729230685.7552557
File /Users/cc/Documents/CC_Self/CCHome/PAV/venv/lib/python3.12/site-packages/django/db/models/constants.py first seen with mtime 1729230685.7711182
File /Users/cc/Documents/CC_Self/CCHome/PAV/venv/lib/python3.12/site-packages/django/db/models/constants.py first seen with mtime 1729230685.7711182
File /Library/Frameworks/Python.framework/Versions/3.12/lib/python3.12/urllib/response.py first seen with mtime 1717710265.0
File /Library/Frameworks/Python.framework/Versions/3.12/lib/python3.12/urllib/response.py first seen with mtime 1717710265.0
File /Library/Frameworks/Python.framework/Versions/3.12/lib/python3.12/contextvars.py first seen with mtime 1717710263.0
File /Library/Frameworks/Python.framework/Versions/3.12/lib/python3.12/contextvars.py first seen with mtime 1717710263.0
File /Users/cc/Documents/CC_Self/CCHome/PAV/venv/lib/python3.12/site-packages/django/template/utils.py first seen with mtime 1729230685.7878284
File /Users/cc/Documents/CC_Self/CCHome/PAV/venv/lib/python3.12/site-packages/django/template/utils.py first seen with mtime 1729230685.7878284
File /Users/cc/Documents/CC_Self/CCHome/PAV/venv/lib/python3.12/site-packages/django/core/checks/registry.py first seen with mtime 1729230685.75453
File /Users/cc/Documents/CC_Self/CCHome/PAV/venv/lib/python3.12/site-packages/django/core/checks/registry.py first seen with mtime 1729230685.75453
File /Users/cc/Documents/CC_Self/CCHome/PAV/venv/lib/python3.12/site-packages/django/core/files/storage/handler.py first seen with mtime 1729230685.756579
File /Users/cc/Documents/CC_Self/CCHome/PAV/venv/lib/python3.12/site-packages/django/core/files/storage/handler.py first seen with mtime 1729230685.756579
File /Library/Frameworks/Python.framework/Versions/3.12/lib/python3.12/encodings/aliases.py first seen with mtime 1717710264.0
File /Library/Frameworks/Python.framework/Versions/3.12/lib/python3.12/encodings/aliases.py first seen with mtime 1717710264.0
File /Library/Frameworks/Python.framework/Versions/3.12/lib/python3.12/lib-dynload/_bisect.cpython-312-darwin.so first seen with mtime 1717710652.0
File /Library/Frameworks/Python.framework/Versions/3.12/lib/python3.12/lib-dynload/_bisect.cpython-312-darwin.so first seen with mtime 1717710652.0
File /Users/cc/Documents/CC_Self/CCHome/PAV/venv/lib/python3.12/site-packages/PIL/_deprecate.py first seen with mtime 1729230684.2888694
File /Users/cc/Documents/CC_Self/CCHome/PAV/venv/lib/python3.12/site-packages/PIL/_deprecate.py first seen with mtime 1729230684.2888694
File /Users/cc/Documents/CC_Self/CCHome/PAV/venv/lib/python3.12/site-packages/pymysql/optionfile.py first seen with mtime 1729230683.3731105
File /Users/cc/Documents/CC_Self/CCHome/PAV/venv/lib/python3.12/site-packages/pymysql/optionfile.py first seen with mtime 1729230683.3731105
File /Users/cc/Documents/CC_Self/CCHome/PAV/venv/lib/python3.12/site-packages/django/db/models/functions/datetime.py first seen with mtime 1729230685.7738237
File /Users/cc/Documents/CC_Self/CCHome/PAV/venv/lib/python3.12/site-packages/django/db/models/functions/datetime.py first seen with mtime 1729230685.7738237
File /Users/cc/Documents/CC_Self/CCHome/PAV/venv/lib/python3.12/site-packages/django/template/backends/base.py first seen with mtime 1729230685.7879996
File /Users/cc/Documents/CC_Self/CCHome/PAV/venv/lib/python3.12/site-packages/django/template/backends/base.py first seen with mtime 1729230685.7879996
File /Users/cc/Documents/CC_Self/CCHome/PAV/venv/lib/python3.12/site-packages/django/core/mail/utils.py first seen with mtime 1729230685.7577615
File /Users/cc/Documents/CC_Self/CCHome/PAV/venv/lib/python3.12/site-packages/django/core/mail/utils.py first seen with mtime 1729230685.7577615
File /Library/Frameworks/Python.framework/Versions/3.12/lib/python3.12/logging/config.py first seen with mtime 1717710265.0
File /Library/Frameworks/Python.framework/Versions/3.12/lib/python3.12/logging/config.py first seen with mtime 1717710265.0
File /Users/cc/Documents/CC_Self/CCHome/PAV/venv/lib/python3.12/site-packages/sqlparse/filters/reindent.py first seen with mtime 1729230683.2981663
File /Users/cc/Documents/CC_Self/CCHome/PAV/venv/lib/python3.12/site-packages/sqlparse/filters/reindent.py first seen with mtime 1729230683.2981663
File /Library/Frameworks/Python.framework/Versions/3.12/lib/python3.12/asyncio/tasks.py first seen with mtime 1717710263.0
File /Library/Frameworks/Python.framework/Versions/3.12/lib/python3.12/asyncio/tasks.py first seen with mtime 1717710263.0
File /Users/cc/Documents/CC_Self/CCHome/PAV/venv/lib/python3.12/site-packages/django/contrib/admin/__init__.py first seen with mtime 1729230685.3693633
File /Users/cc/Documents/CC_Self/CCHome/PAV/venv/lib/python3.12/site-packages/django/contrib/admin/__init__.py first seen with mtime 1729230685.3693633
File /Library/Frameworks/Python.framework/Versions/3.12/lib/python3.12/logging/handlers.py first seen with mtime 1717710265.0
File /Library/Frameworks/Python.framework/Versions/3.12/lib/python3.12/logging/handlers.py first seen with mtime 1717710265.0
File /Library/Frameworks/Python.framework/Versions/3.12/lib/python3.12/string.py first seen with mtime 1717710263.0
File /Library/Frameworks/Python.framework/Versions/3.12/lib/python3.12/string.py first seen with mtime 1717710263.0
File /Users/cc/Documents/CC_Self/CCHome/PAV/venv/lib/python3.12/site-packages/pymysql/constants/FIELD_TYPE.py first seen with mtime 1729230683.373843
File /Users/cc/Documents/CC_Self/CCHome/PAV/venv/lib/python3.12/site-packages/pymysql/constants/FIELD_TYPE.py first seen with mtime 1729230683.373843
File /Users/cc/Documents/CC_Self/CCHome/PAV/venv/lib/python3.12/site-packages/django/core/checks/files.py first seen with mtime 1729230685.7542255
File /Users/cc/Documents/CC_Self/CCHome/PAV/venv/lib/python3.12/site-packages/django/core/checks/files.py first seen with mtime 1729230685.7542255
File /Library/Frameworks/Python.framework/Versions/3.12/lib/python3.12/lib-dynload/_pickle.cpython-312-darwin.so first seen with mtime 1717710657.0
File /Library/Frameworks/Python.framework/Versions/3.12/lib/python3.12/lib-dynload/_pickle.cpython-312-darwin.so first seen with mtime 1717710657.0
File /Users/cc/Documents/CC_Self/CCHome/PAV/venv/lib/python3.12/site-packages/django/middleware/csrf.py first seen with mtime 1729230685.7858164
File /Users/cc/Documents/CC_Self/CCHome/PAV/venv/lib/python3.12/site-packages/django/middleware/csrf.py first seen with mtime 1729230685.7858164
File /Users/cc/Documents/CC_Self/CCHome/PAV/venv/lib/python3.12/site-packages/pymysql/times.py first seen with mtime 1729230683.373307
File /Users/cc/Documents/CC_Self/CCHome/PAV/venv/lib/python3.12/site-packages/pymysql/times.py first seen with mtime 1729230683.373307
File /Users/cc/Documents/CC_Self/CCHome/PAV/venv/lib/python3.12/site-packages/django/utils/choices.py first seen with mtime 1729230685.7914553
File /Users/cc/Documents/CC_Self/CCHome/PAV/venv/lib/python3.12/site-packages/django/utils/choices.py first seen with mtime 1729230685.7914553
File /Users/cc/Documents/CC_Self/CCHome/PAV/venv/lib/python3.12/site-packages/django/contrib/auth/__init__.py first seen with mtime 1729230685.4688897
File /Users/cc/Documents/CC_Self/CCHome/PAV/venv/lib/python3.12/site-packages/django/contrib/auth/__init__.py first seen with mtime 1729230685.4688897
File /Users/cc/Documents/CC_Self/CCHome/PAV/PAV/settings.py first seen with mtime 1730467772.6491385
File /Users/cc/Documents/CC_Self/CCHome/PAV/PAV/settings.py first seen with mtime 1730467772.6491385
File /Library/Frameworks/Python.framework/Versions/3.12/lib/python3.12/email/mime/base.py first seen with mtime 1717710264.0
File /Library/Frameworks/Python.framework/Versions/3.12/lib/python3.12/email/mime/base.py first seen with mtime 1717710264.0
File /Library/Frameworks/Python.framework/Versions/3.12/lib/python3.12/email/policy.py first seen with mtime 1717710264.0
File /Library/Frameworks/Python.framework/Versions/3.12/lib/python3.12/email/policy.py first seen with mtime 1717710264.0
File /Users/cc/Documents/CC_Self/CCHome/PAV/show/templates/show first seen with mtime 1725170513.966875
File /Users/cc/Documents/CC_Self/CCHome/PAV/show/templates/show first seen with mtime 1725170513.966875
File /Users/cc/Documents/CC_Self/CCHome/PAV/show/templates/show/index.html first seen with mtime 1726216566.2719233
File /Users/cc/Documents/CC_Self/CCHome/PAV/show/templates/show/index.html first seen with mtime 1726216566.2719233
File /Users/cc/Documents/CC_Self/CCHome/PAV/f_proc/templates/.DS_Store first seen with mtime 1723444317.0105464
File /Users/cc/Documents/CC_Self/CCHome/PAV/f_proc/templates/.DS_Store first seen with mtime 1723444317.0105464
File /Users/cc/Documents/CC_Self/CCHome/PAV/f_proc/templates/f_proc first seen with mtime 1730091672.7539563
File /Users/cc/Documents/CC_Self/CCHome/PAV/f_proc/templates/f_proc first seen with mtime 1730091672.7539563
File /Users/cc/Documents/CC_Self/CCHome/PAV/f_proc/templates/f_proc/v2hls.html first seen with mtime 1725891897.4783995
File /Users/cc/Documents/CC_Self/CCHome/PAV/f_proc/templates/f_proc/v2hls.html first seen with mtime 1725891897.4783995
File /Users/cc/Documents/CC_Self/CCHome/PAV/f_proc/templates/f_proc/checkAllFile.html first seen with mtime 1730083045.4359303
File /Users/cc/Documents/CC_Self/CCHome/PAV/f_proc/templates/f_proc/checkAllFile.html first seen with mtime 1730083045.4359303
File /Users/cc/Documents/CC_Self/CCHome/PAV/f_proc/templates/f_proc/base_ct.html first seen with mtime 1726897333.2463403
File /Users/cc/Documents/CC_Self/CCHome/PAV/f_proc/templates/f_proc/base_ct.html first seen with mtime 1726897333.2463403
File /Users/cc/Documents/CC_Self/CCHome/PAV/f_proc/templates/f_proc/base.html first seen with mtime 1726020282.4695687
File /Users/cc/Documents/CC_Self/CCHome/PAV/f_proc/templates/f_proc/base.html first seen with mtime 1726020282.4695687
File /Users/cc/Documents/CC_Self/CCHome/PAV/f_proc/templates/f_proc/base_upload_dir.html first seen with mtime 1726920970.1607993
File /Users/cc/Documents/CC_Self/CCHome/PAV/f_proc/templates/f_proc/base_upload_dir.html first seen with mtime 1726920970.1607993
File /Users/cc/Documents/CC_Self/CCHome/PAV/f_proc/templates/f_proc/list.html first seen with mtime 1725891824.1026528
File /Users/cc/Documents/CC_Self/CCHome/PAV/f_proc/templates/f_proc/list.html first seen with mtime 1725891824.1026528
File /Users/cc/Documents/CC_Self/CCHome/PAV/f_proc/templates/f_proc/base_list.html first seen with mtime 1726649561.255141
File /Users/cc/Documents/CC_Self/CCHome/PAV/f_proc/templates/f_proc/base_list.html first seen with mtime 1726649561.255141
File /Users/cc/Documents/CC_Self/CCHome/PAV/f_proc/templates/f_proc/ct.html first seen with mtime 1725891965.6607885
File /Users/cc/Documents/CC_Self/CCHome/PAV/f_proc/templates/f_proc/ct.html first seen with mtime 1725891965.6607885
File /Users/cc/Documents/CC_Self/CCHome/PAV/f_proc/templates/f_proc/404.html first seen with mtime 1724931395.2643437
File /Users/cc/Documents/CC_Self/CCHome/PAV/f_proc/templates/f_proc/404.html first seen with mtime 1724931395.2643437
File /Users/cc/Documents/CC_Self/CCHome/PAV/f_proc/templates/f_proc/base_upload_hls.html first seen with mtime 1727436345.6902459
File /Users/cc/Documents/CC_Self/CCHome/PAV/f_proc/templates/f_proc/base_upload_hls.html first seen with mtime 1727436345.6902459
File /Users/cc/Documents/CC_Self/CCHome/PAV/f_proc/templates/f_proc/base_v2hls.html first seen with mtime 1726368189.7547226
File /Users/cc/Documents/CC_Self/CCHome/PAV/f_proc/templates/f_proc/base_v2hls.html first seen with mtime 1726368189.7547226
File /Users/cc/Documents/CC_Self/CCHome/PAV/f_proc/templates/f_proc/base_proc_dis_file.html first seen with mtime 1730094720.2633197
File /Users/cc/Documents/CC_Self/CCHome/PAV/f_proc/templates/f_proc/base_proc_dis_file.html first seen with mtime 1730094720.2633197
File /Users/cc/Documents/CC_Self/CCHome/PAV/f_proc/templates/f_proc/random.html first seen with mtime 1726476137.1693559
File /Users/cc/Documents/CC_Self/CCHome/PAV/f_proc/templates/f_proc/random.html first seen with mtime 1726476137.1693559
File /Users/cc/Documents/CC_Self/CCHome/PAV/f_proc/templates/f_proc/upload_dir.html first seen with mtime 1726891762.3640983
File /Users/cc/Documents/CC_Self/CCHome/PAV/f_proc/templates/f_proc/upload_dir.html first seen with mtime 1726891762.3640983
File /Users/cc/Documents/CC_Self/CCHome/PAV/f_proc/templates/f_proc/base_random.html first seen with mtime 1727254285.897062
File /Users/cc/Documents/CC_Self/CCHome/PAV/f_proc/templates/f_proc/base_random.html first seen with mtime 1727254285.897062
File /Users/cc/Documents/CC_Self/CCHome/PAV/f_proc/templates/f_proc/base_delete.html first seen with mtime 1726368105.963921
File /Users/cc/Documents/CC_Self/CCHome/PAV/f_proc/templates/f_proc/base_delete.html first seen with mtime 1726368105.963921
File /Users/cc/Documents/CC_Self/CCHome/PAV/f_proc/templates/f_proc/base_upload.html first seen with mtime 1726218758.681473
File /Users/cc/Documents/CC_Self/CCHome/PAV/f_proc/templates/f_proc/base_upload.html first seen with mtime 1726218758.681473
File /Users/cc/Documents/CC_Self/CCHome/PAV/f_proc/templates/f_proc/base_filter.html first seen with mtime 1726649599.1921616
File /Users/cc/Documents/CC_Self/CCHome/PAV/f_proc/templates/f_proc/base_filter.html first seen with mtime 1726649599.1921616
File /Users/cc/Documents/CC_Self/CCHome/PAV/f_proc/templates/f_proc/proc_dis_file.html first seen with mtime 1730091653.9952068
File /Users/cc/Documents/CC_Self/CCHome/PAV/f_proc/templates/f_proc/proc_dis_file.html first seen with mtime 1730091653.9952068
File /Users/cc/Documents/CC_Self/CCHome/PAV/f_proc/templates/f_proc/delete.html first seen with mtime 1726219077.3907254
File /Users/cc/Documents/CC_Self/CCHome/PAV/f_proc/templates/f_proc/delete.html first seen with mtime 1726219077.3907254
File /Users/cc/Documents/CC_Self/CCHome/PAV/f_proc/templates/f_proc/nav.html first seen with mtime 1726538280.2516758
File /Users/cc/Documents/CC_Self/CCHome/PAV/f_proc/templates/f_proc/nav.html first seen with mtime 1726538280.2516758
File /Users/cc/Documents/CC_Self/CCHome/PAV/f_proc/templates/f_proc/upload.html first seen with mtime 1725891920.4677904
File /Users/cc/Documents/CC_Self/CCHome/PAV/f_proc/templates/f_proc/upload.html first seen with mtime 1725891920.4677904
File /Users/cc/Documents/CC_Self/CCHome/PAV/f_proc/templates/f_proc/upload_hls.html first seen with mtime 1727400872.8842237
File /Users/cc/Documents/CC_Self/CCHome/PAV/f_proc/templates/f_proc/upload_hls.html first seen with mtime 1727400872.8842237
File /Users/cc/Documents/CC_Self/CCHome/PAV/f_proc/templates/f_proc/filter.html first seen with mtime 1730474118.1955228
File /Users/cc/Documents/CC_Self/CCHome/PAV/f_proc/templates/f_proc/filter.html first seen with mtime 1730474118.1955228
Watching for file changes with StatReloader
Watching for file changes with StatReloader
Waiting for apps ready_event.
Waiting for apps ready_event.
Apps ready_event triggered. Sending autoreload_started signal.
Apps ready_event triggered. Sending autoreload_started signal.
Watching dir /Users/cc/Documents/CC_Self/CCHome/PAV/f_proc/templates with glob **/*.
Watching dir /Users/cc/Documents/CC_Self/CCHome/PAV/f_proc/templates with glob **/*.
Watching dir /Users/cc/Documents/CC_Self/CCHome/PAV/show/templates with glob **/*.
Watching dir /Users/cc/Documents/CC_Self/CCHome/PAV/show/templates with glob **/*.
Watching dir /Users/cc/Documents/CC_Self/CCHome/PAV/locale with glob **/*.mo.
Watching dir /Users/cc/Documents/CC_Self/CCHome/PAV/locale with glob **/*.mo.
Watching dir /Users/cc/Documents/CC_Self/CCHome/PAV/show/locale with glob **/*.mo.
Watching dir /Users/cc/Documents/CC_Self/CCHome/PAV/show/locale with glob **/*.mo.
Watching dir /Users/cc/Documents/CC_Self/CCHome/PAV/f_proc/locale with glob **/*.mo.
Watching dir /Users/cc/Documents/CC_Self/CCHome/PAV/f_proc/locale with glob **/*.mo.
File /Users/cc/Documents/CC_Self/CCHome/PAV/venv/lib/python3.12/site-packages/django/contrib/auth/backends.py first seen with mtime 1729230685.4692285
File /Users/cc/Documents/CC_Self/CCHome/PAV/venv/lib/python3.12/site-packages/django/contrib/auth/backends.py first seen with mtime 1729230685.4692285
File /Library/Frameworks/Python.framework/Versions/3.12/lib/python3.12/concurrent/futures/thread.py first seen with mtime 1717710264.0
File /Library/Frameworks/Python.framework/Versions/3.12/lib/python3.12/concurrent/futures/thread.py first seen with mtime 1717710264.0
File /Users/cc/Documents/CC_Self/CCHome/PAV/venv/lib/python3.12/site-packages/django/db/models/functions/math.py first seen with mtime 1729230685.7739394
File /Users/cc/Documents/CC_Self/CCHome/PAV/venv/lib/python3.12/site-packages/django/db/models/functions/math.py first seen with mtime 1729230685.7739394
File /Library/Frameworks/Python.framework/Versions/3.12/lib/python3.12/_osx_support.py first seen with mtime 1717710263.0
File /Library/Frameworks/Python.framework/Versions/3.12/lib/python3.12/_osx_support.py first seen with mtime 1717710263.0
File /Library/Frameworks/Python.framework/Versions/3.12/lib/python3.12/lib-dynload/_pickle.cpython-312-darwin.so first seen with mtime 1717710657.0
File /Library/Frameworks/Python.framework/Versions/3.12/lib/python3.12/lib-dynload/_pickle.cpython-312-darwin.so first seen with mtime 1717710657.0
File /Users/cc/Documents/CC_Self/CCHome/PAV/venv/lib/python3.12/site-packages/django/contrib/auth/hashers.py first seen with mtime 1729230685.4700994
File /Users/cc/Documents/CC_Self/CCHome/PAV/venv/lib/python3.12/site-packages/django/contrib/auth/hashers.py first seen with mtime 1729230685.4700994
File /Users/cc/Documents/CC_Self/CCHome/PAV/venv/lib/python3.12/site-packages/django/contrib/sessions/__init__.py first seen with mtime 1729230685.698897
File /Users/cc/Documents/CC_Self/CCHome/PAV/venv/lib/python3.12/site-packages/django/contrib/sessions/__init__.py first seen with mtime 1729230685.698897
File /Library/Frameworks/Python.framework/Versions/3.12/lib/python3.12/operator.py first seen with mtime 1717710263.0
File /Library/Frameworks/Python.framework/Versions/3.12/lib/python3.12/operator.py first seen with mtime 1717710263.0
File /Users/cc/Documents/CC_Self/CCHome/PAV/venv/lib/python3.12/site-packages/django/contrib/contenttypes/fields.py first seen with mtime 1729230685.53426
File /Users/cc/Documents/CC_Self/CCHome/PAV/venv/lib/python3.12/site-packages/django/contrib/contenttypes/fields.py first seen with mtime 1729230685.53426
File /Users/cc/Documents/CC_Self/CCHome/PAV/venv/lib/python3.12/site-packages/django/contrib/contenttypes/__init__.py first seen with mtime 1729230685.5338914
File /Users/cc/Documents/CC_Self/CCHome/PAV/venv/lib/python3.12/site-packages/django/contrib/contenttypes/__init__.py first seen with mtime 1729230685.5338914
File /Library/Frameworks/Python.framework/Versions/3.12/lib/python3.12/email/_parseaddr.py first seen with mtime 1717710264.0
File /Library/Frameworks/Python.framework/Versions/3.12/lib/python3.12/email/_parseaddr.py first seen with mtime 1717710264.0
File /Library/Frameworks/Python.framework/Versions/3.12/lib/python3.12/threading.py first seen with mtime 1717710263.0
File /Library/Frameworks/Python.framework/Versions/3.12/lib/python3.12/threading.py first seen with mtime 1717710263.0
File /Users/cc/Documents/CC_Self/CCHome/PAV/venv/lib/python3.12/site-packages/pymysql/connections.py first seen with mtime 1729230683.372695
File /Users/cc/Documents/CC_Self/CCHome/PAV/venv/lib/python3.12/site-packages/pymysql/connections.py first seen with mtime 1729230683.372695
File /Users/cc/Documents/CC_Self/CCHome/PAV/venv/lib/python3.12/site-packages/django/utils/timezone.py first seen with mtime 1729230685.7946737
File /Users/cc/Documents/CC_Self/CCHome/PAV/venv/lib/python3.12/site-packages/django/utils/timezone.py first seen with mtime 1729230685.7946737
File /Users/cc/Documents/CC_Self/CCHome/PAV/venv/lib/python3.12/site-packages/sqlparse/formatter.py first seen with mtime 1729230683.2968283
File /Users/cc/Documents/CC_Self/CCHome/PAV/venv/lib/python3.12/site-packages/sqlparse/formatter.py first seen with mtime 1729230683.2968283
File /Users/cc/Documents/CC_Self/CCHome/PAV/venv/lib/python3.12/site-packages/django/utils/safestring.py first seen with mtime 1729230685.794205
File /Users/cc/Documents/CC_Self/CCHome/PAV/venv/lib/python3.12/site-packages/django/utils/safestring.py first seen with mtime 1729230685.794205
File /Users/cc/Documents/CC_Self/CCHome/PAV/venv/lib/python3.12/site-packages/django/views/decorators/cache.py first seen with mtime 1729230685.7963343
File /Users/cc/Documents/CC_Self/CCHome/PAV/venv/lib/python3.12/site-packages/django/views/decorators/cache.py first seen with mtime 1729230685.7963343
File /Users/cc/Documents/CC_Self/CCHome/PAV/venv/lib/python3.12/site-packages/django/db/migrations/migration.py first seen with mtime 1729230685.769423
File /Users/cc/Documents/CC_Self/CCHome/PAV/venv/lib/python3.12/site-packages/django/db/migrations/migration.py first seen with mtime 1729230685.769423
File /Users/cc/Documents/CC_Self/CCHome/PAV/venv/lib/python3.12/site-packages/django/contrib/contenttypes/forms.py first seen with mtime 1729230685.5343475
File /Users/cc/Documents/CC_Self/CCHome/PAV/venv/lib/python3.12/site-packages/django/contrib/contenttypes/forms.py first seen with mtime 1729230685.5343475
File /Library/Frameworks/Python.framework/Versions/3.12/lib/python3.12/encodings/utf_8.py first seen with mtime 1717710264.0
File /Library/Frameworks/Python.framework/Versions/3.12/lib/python3.12/encodings/utf_8.py first seen with mtime 1717710264.0
File /Users/cc/Documents/CC_Self/CCHome/PAV/venv/lib/python3.12/site-packages/django/db/backends/mysql/creation.py first seen with mtime 1729230685.765101
File /Users/cc/Documents/CC_Self/CCHome/PAV/venv/lib/python3.12/site-packages/django/db/backends/mysql/creation.py first seen with mtime 1729230685.765101
File /Library/Frameworks/Python.framework/Versions/3.12/lib/python3.12/wsgiref/headers.py first seen with mtime 1717710265.0
File /Library/Frameworks/Python.framework/Versions/3.12/lib/python3.12/wsgiref/headers.py first seen with mtime 1717710265.0
File /Users/cc/Documents/CC_Self/CCHome/PAV/venv/lib/python3.12/site-packages/django/contrib/staticfiles/handlers.py first seen with mtime 1729230685.7507155
File /Users/cc/Documents/CC_Self/CCHome/PAV/venv/lib/python3.12/site-packages/django/contrib/staticfiles/handlers.py first seen with mtime 1729230685.7507155
File /Library/Frameworks/Python.framework/Versions/3.12/lib/python3.12/asyncio/runners.py first seen with mtime 1717710263.0
File /Library/Frameworks/Python.framework/Versions/3.12/lib/python3.12/asyncio/runners.py first seen with mtime 1717710263.0
File /Users/cc/Documents/CC_Self/CCHome/PAV/venv/lib/python3.12/site-packages/django/db/backends/base/operations.py first seen with mtime 1729230685.7640097
File /Users/cc/Documents/CC_Self/CCHome/PAV/venv/lib/python3.12/site-packages/django/db/backends/base/operations.py first seen with mtime 1729230685.7640097
File /Users/cc/Documents/CC_Self/CCHome/PAV/venv/lib/python3.12/site-packages/django/utils/translation/reloader.py first seen with mtime 1729230685.7951794
File /Users/cc/Documents/CC_Self/CCHome/PAV/venv/lib/python3.12/site-packages/django/utils/translation/reloader.py first seen with mtime 1729230685.7951794
File /Library/Frameworks/Python.framework/Versions/3.12/lib/python3.12/asyncio/threads.py first seen with mtime 1717710263.0
File /Library/Frameworks/Python.framework/Versions/3.12/lib/python3.12/asyncio/threads.py first seen with mtime 1717710263.0
File /Users/cc/Documents/CC_Self/CCHome/PAV/venv/lib/python3.12/site-packages/pymysql/constants/__init__.py first seen with mtime 1729230683.374087
File /Users/cc/Documents/CC_Self/CCHome/PAV/venv/lib/python3.12/site-packages/pymysql/constants/__init__.py first seen with mtime 1729230683.374087
File /Users/cc/Documents/CC_Self/CCHome/PAV/venv/lib/python3.12/site-packages/django/contrib/admin/templatetags/base.py first seen with mtime 1729230685.4396398
File /Users/cc/Documents/CC_Self/CCHome/PAV/venv/lib/python3.12/site-packages/django/contrib/admin/templatetags/base.py first seen with mtime 1729230685.4396398
File /Library/Frameworks/Python.framework/Versions/3.12/lib/python3.12/collections/abc.py first seen with mtime 1717710264.0
File /Library/Frameworks/Python.framework/Versions/3.12/lib/python3.12/collections/abc.py first seen with mtime 1717710264.0
File /Users/cc/Documents/CC_Self/CCHome/PAV/venv/lib/python3.12/site-packages/asgiref/local.py first seen with mtime 1729230684.9766097
File /Users/cc/Documents/CC_Self/CCHome/PAV/venv/lib/python3.12/site-packages/asgiref/local.py first seen with mtime 1729230684.9766097
File /Users/cc/Documents/CC_Self/CCHome/PAV/venv/lib/python3.12/site-packages/django/middleware/csrf.py first seen with mtime 1729230685.7858164
File /Users/cc/Documents/CC_Self/CCHome/PAV/venv/lib/python3.12/site-packages/django/middleware/csrf.py first seen with mtime 1729230685.7858164
File /Users/cc/Documents/CC_Self/CCHome/PAV/venv/lib/python3.12/site-packages/django/template/exceptions.py first seen with mtime 1729230685.787196
File /Users/cc/Documents/CC_Self/CCHome/PAV/venv/lib/python3.12/site-packages/django/template/exceptions.py first seen with mtime 1729230685.787196
File /Users/cc/Documents/CC_Self/CCHome/PAV/venv/lib/python3.12/site-packages/django/views/generic/detail.py first seen with mtime 1729230685.7974389
File /Users/cc/Documents/CC_Self/CCHome/PAV/venv/lib/python3.12/site-packages/django/views/generic/detail.py first seen with mtime 1729230685.7974389
File /Users/cc/Documents/CC_Self/CCHome/PAV/venv/lib/python3.12/site-packages/django/db/models/functions/comparison.py first seen with mtime 1729230685.7736762
File /Users/cc/Documents/CC_Self/CCHome/PAV/venv/lib/python3.12/site-packages/django/db/models/functions/comparison.py first seen with mtime 1729230685.7736762
File /Library/Frameworks/Python.framework/Versions/3.12/lib/python3.12/lib-dynload/_heapq.cpython-312-darwin.so first seen with mtime 1717710655.0
File /Library/Frameworks/Python.framework/Versions/3.12/lib/python3.12/lib-dynload/_heapq.cpython-312-darwin.so first seen with mtime 1717710655.0
File /Library/Frameworks/Python.framework/Versions/3.12/lib/python3.12/_markupbase.py first seen with mtime 1717710263.0
File /Library/Frameworks/Python.framework/Versions/3.12/lib/python3.12/_markupbase.py first seen with mtime 1717710263.0
File /Library/Frameworks/Python.framework/Versions/3.12/lib/python3.12/asyncio/unix_events.py first seen with mtime 1717710263.0
File /Library/Frameworks/Python.framework/Versions/3.12/lib/python3.12/asyncio/unix_events.py first seen with mtime 1717710263.0
File /Users/cc/Documents/CC_Self/CCHome/PAV/venv/lib/python3.12/site-packages/django/db/backends/base/base.py first seen with mtime 1729230685.7633555
File /Users/cc/Documents/CC_Self/CCHome/PAV/venv/lib/python3.12/site-packages/django/db/backends/base/base.py first seen with mtime 1729230685.7633555
File /Library/Frameworks/Python.framework/Versions/3.12/lib/python3.12/asyncio/protocols.py first seen with mtime 1717710263.0
File /Library/Frameworks/Python.framework/Versions/3.12/lib/python3.12/asyncio/protocols.py first seen with mtime 1717710263.0
File /Library/Frameworks/Python.framework/Versions/3.12/lib/python3.12/pathlib.py first seen with mtime 1717710263.0
File /Library/Frameworks/Python.framework/Versions/3.12/lib/python3.12/pathlib.py first seen with mtime 1717710263.0
File /Library/Frameworks/Python.framework/Versions/3.12/lib/python3.12/datetime.py first seen with mtime 1717710263.0
File /Library/Frameworks/Python.framework/Versions/3.12/lib/python3.12/datetime.py first seen with mtime 1717710263.0
File /Users/cc/Documents/CC_Self/CCHome/PAV/venv/lib/python3.12/site-packages/PIL/_deprecate.py first seen with mtime 1729230684.2888694
File /Users/cc/Documents/CC_Self/CCHome/PAV/venv/lib/python3.12/site-packages/PIL/_deprecate.py first seen with mtime 1729230684.2888694
File /Users/cc/Documents/CC_Self/CCHome/PAV/venv/lib/python3.12/site-packages/django/contrib/admin/exceptions.py first seen with mtime 1729230685.369832
File /Users/cc/Documents/CC_Self/CCHome/PAV/venv/lib/python3.12/site-packages/django/contrib/admin/exceptions.py first seen with mtime 1729230685.369832
File /Users/cc/Documents/CC_Self/CCHome/PAV/venv/lib/python3.12/site-packages/PIL/TiffTags.py first seen with mtime 1729230684.2949247
File /Users/cc/Documents/CC_Self/CCHome/PAV/venv/lib/python3.12/site-packages/PIL/TiffTags.py first seen with mtime 1729230684.2949247
File /Library/Frameworks/Python.framework/Versions/3.12/lib/python3.12/asyncio/futures.py first seen with mtime 1717710263.0
File /Library/Frameworks/Python.framework/Versions/3.12/lib/python3.12/asyncio/futures.py first seen with mtime 1717710263.0
File /Users/cc/Documents/CC_Self/CCHome/PAV/venv/lib/python3.12/site-packages/django/contrib/admin/views/autocomplete.py first seen with mtime 1729230685.4399078
File /Users/cc/Documents/CC_Self/CCHome/PAV/venv/lib/python3.12/site-packages/django/contrib/admin/views/autocomplete.py first seen with mtime 1729230685.4399078
File /Users/cc/Documents/CC_Self/CCHome/PAV/venv/lib/python3.12/site-packages/pymysql/constants/COMMAND.py first seen with mtime 1729230683.3735266
File /Users/cc/Documents/CC_Self/CCHome/PAV/venv/lib/python3.12/site-packages/pymysql/constants/COMMAND.py first seen with mtime 1729230683.3735266
File /Users/cc/Documents/CC_Self/CCHome/PAV/venv/lib/python3.12/site-packages/cryptography/exceptions.py first seen with mtime 1729230686.4711266
File /Users/cc/Documents/CC_Self/CCHome/PAV/venv/lib/python3.12/site-packages/cryptography/exceptions.py first seen with mtime 1729230686.4711266
File /Library/Frameworks/Python.framework/Versions/3.12/lib/python3.12/random.py first seen with mtime 1717710263.0
File /Library/Frameworks/Python.framework/Versions/3.12/lib/python3.12/random.py first seen with mtime 1717710263.0
File /Library/Frameworks/Python.framework/Versions/3.12/lib/python3.12/lib-dynload/_scproxy.cpython-312-darwin.so first seen with mtime 1717710658.0
File /Library/Frameworks/Python.framework/Versions/3.12/lib/python3.12/lib-dynload/_scproxy.cpython-312-darwin.so first seen with mtime 1717710658.0
File /Users/cc/Documents/CC_Self/CCHome/PAV/venv/lib/python3.12/site-packages/django/views/decorators/common.py first seen with mtime 1729230685.7964878
File /Users/cc/Documents/CC_Self/CCHome/PAV/venv/lib/python3.12/site-packages/django/views/decorators/common.py first seen with mtime 1729230685.7964878
File /Users/cc/Documents/CC_Self/CCHome/PAV/venv/lib/python3.12/site-packages/django/core/management/__init__.py first seen with mtime 1729230685.7584598
File /Users/cc/Documents/CC_Self/CCHome/PAV/venv/lib/python3.12/site-packages/django/core/management/__init__.py first seen with mtime 1729230685.7584598
File /Users/cc/Documents/CC_Self/CCHome/PAV/venv/lib/python3.12/site-packages/django/db/models/lookups.py first seen with mtime 1729230685.7717075
File /Users/cc/Documents/CC_Self/CCHome/PAV/venv/lib/python3.12/site-packages/django/db/models/lookups.py first seen with mtime 1729230685.7717075
File /Users/cc/Documents/CC_Self/CCHome/PAV/venv/lib/python3.12/site-packages/django/forms/boundfield.py first seen with mtime 1729230685.7758477
File /Users/cc/Documents/CC_Self/CCHome/PAV/venv/lib/python3.12/site-packages/django/forms/boundfield.py first seen with mtime 1729230685.7758477
File /Users/cc/Documents/CC_Self/CCHome/PAV/venv/lib/python3.12/site-packages/django/core/files/storage/filesystem.py first seen with mtime 1729230685.7564917
File /Users/cc/Documents/CC_Self/CCHome/PAV/venv/lib/python3.12/site-packages/django/core/files/storage/filesystem.py first seen with mtime 1729230685.7564917
File /Users/cc/Documents/CC_Self/CCHome/PAV/venv/lib/python3.12/site-packages/django/db/models/functions/window.py first seen with mtime 1729230685.7742407
File /Users/cc/Documents/CC_Self/CCHome/PAV/venv/lib/python3.12/site-packages/django/db/models/functions/window.py first seen with mtime 1729230685.7742407
File /Library/Frameworks/Python.framework/Versions/3.12/lib/python3.12/urllib/response.py first seen with mtime 1717710265.0
File /Library/Frameworks/Python.framework/Versions/3.12/lib/python3.12/urllib/response.py first seen with mtime 1717710265.0
File /Library/Frameworks/Python.framework/Versions/3.12/lib/python3.12/concurrent/futures/__init__.py first seen with mtime 1717710264.0
File /Library/Frameworks/Python.framework/Versions/3.12/lib/python3.12/concurrent/futures/__init__.py first seen with mtime 1717710264.0
File /Users/cc/Documents/CC_Self/CCHome/PAV/venv/lib/python3.12/site-packages/django/contrib/staticfiles/management/__init__.py first seen with mtime 1729230685.7512138
File /Users/cc/Documents/CC_Self/CCHome/PAV/venv/lib/python3.12/site-packages/django/contrib/staticfiles/management/__init__.py first seen with mtime 1729230685.7512138
File /Users/cc/Documents/CC_Self/CCHome/PAV/venv/lib/python3.12/site-packages/django/utils/formats.py first seen with mtime 1729230685.7927384
File /Users/cc/Documents/CC_Self/CCHome/PAV/venv/lib/python3.12/site-packages/django/utils/formats.py first seen with mtime 1729230685.7927384
File /Library/Frameworks/Python.framework/Versions/3.12/lib/python3.12/email/policy.py first seen with mtime 1717710264.0
File /Library/Frameworks/Python.framework/Versions/3.12/lib/python3.12/email/policy.py first seen with mtime 1717710264.0
File /Users/cc/Documents/CC_Self/CCHome/PAV/venv/lib/python3.12/site-packages/pymysql/constants/SERVER_STATUS.py first seen with mtime 1729230683.3740225
File /Users/cc/Documents/CC_Self/CCHome/PAV/venv/lib/python3.12/site-packages/pymysql/constants/SERVER_STATUS.py first seen with mtime 1729230683.3740225
File /Library/Frameworks/Python.framework/Versions/3.12/lib/python3.12/hmac.py first seen with mtime 1717710263.0
File /Library/Frameworks/Python.framework/Versions/3.12/lib/python3.12/hmac.py first seen with mtime 1717710263.0
File /Users/cc/Documents/CC_Self/CCHome/PAV/venv/lib/python3.12/site-packages/django/db/backends/base/client.py first seen with mtime 1729230685.7634485
File /Users/cc/Documents/CC_Self/CCHome/PAV/venv/lib/python3.12/site-packages/django/db/backends/base/client.py first seen with mtime 1729230685.7634485
File /Users/cc/Documents/CC_Self/CCHome/PAV/venv/lib/python3.12/site-packages/django/db/models/fields/__init__.py first seen with mtime 1729230685.7725182
File /Users/cc/Documents/CC_Self/CCHome/PAV/venv/lib/python3.12/site-packages/django/db/models/fields/__init__.py first seen with mtime 1729230685.7725182
File /Users/cc/Documents/CC_Self/CCHome/PAV/venv/lib/python3.12/site-packages/django/urls/resolvers.py first seen with mtime 1729230685.790753
File /Users/cc/Documents/CC_Self/CCHome/PAV/venv/lib/python3.12/site-packages/django/urls/resolvers.py first seen with mtime 1729230685.790753
File /Library/Frameworks/Python.framework/Versions/3.12/lib/python3.12/_compat_pickle.py first seen with mtime 1717710263.0
File /Library/Frameworks/Python.framework/Versions/3.12/lib/python3.12/_compat_pickle.py first seen with mtime 1717710263.0
File /Users/cc/Documents/CC_Self/CCHome/PAV/venv/lib/python3.12/site-packages/PIL/_typing.py first seen with mtime 1729230684.2872758
File /Users/cc/Documents/CC_Self/CCHome/PAV/venv/lib/python3.12/site-packages/PIL/_typing.py first seen with mtime 1729230684.2872758
File /Library/Frameworks/Python.framework/Versions/3.12/lib/python3.12/pprint.py first seen with mtime 1717710263.0
File /Library/Frameworks/Python.framework/Versions/3.12/lib/python3.12/pprint.py first seen with mtime 1717710263.0
File /Library/Frameworks/Python.framework/Versions/3.12/lib/python3.12/tokenize.py first seen with mtime 1717710263.0
File /Library/Frameworks/Python.framework/Versions/3.12/lib/python3.12/tokenize.py first seen with mtime 1717710263.0
File /Users/cc/Documents/CC_Self/CCHome/PAV/venv/lib/python3.12/site-packages/django/forms/renderers.py first seen with mtime 1729230685.776416
File /Users/cc/Documents/CC_Self/CCHome/PAV/venv/lib/python3.12/site-packages/django/forms/renderers.py first seen with mtime 1729230685.776416
File /Users/cc/Documents/CC_Self/CCHome/PAV/venv/lib/python3.12/site-packages/cryptography/hazmat/primitives/asymmetric/ec.py first seen with mtime 1729230686.4649522
File /Users/cc/Documents/CC_Self/CCHome/PAV/venv/lib/python3.12/site-packages/cryptography/hazmat/primitives/asymmetric/ec.py first seen with mtime 1729230686.4649522
File /Users/cc/Documents/CC_Self/CCHome/PAV/show/urls.py first seen with mtime 1725887275.5849361
File /Users/cc/Documents/CC_Self/CCHome/PAV/show/urls.py first seen with mtime 1725887275.5849361
File /Library/Frameworks/Python.framework/Versions/3.12/lib/python3.12/inspect.py first seen with mtime 1717710263.0
File /Library/Frameworks/Python.framework/Versions/3.12/lib/python3.12/inspect.py first seen with mtime 1717710263.0
File /Users/cc/Documents/CC_Self/CCHome/PAV/venv/lib/python3.12/site-packages/PIL/_util.py first seen with mtime 1729230684.2951152
File /Users/cc/Documents/CC_Self/CCHome/PAV/venv/lib/python3.12/site-packages/PIL/_util.py first seen with mtime 1729230684.2951152
File /Users/cc/Documents/CC_Self/CCHome/PAV/venv/lib/python3.12/site-packages/django/db/backends/mysql/schema.py first seen with mtime 1729230685.7656317
File /Users/cc/Documents/CC_Self/CCHome/PAV/venv/lib/python3.12/site-packages/django/db/backends/mysql/schema.py first seen with mtime 1729230685.7656317
File /Users/cc/Documents/CC_Self/CCHome/PAV/venv/lib/python3.12/site-packages/django/core/serializers/python.py first seen with mtime 1729230685.7621052
File /Users/cc/Documents/CC_Self/CCHome/PAV/venv/lib/python3.12/site-packages/django/core/serializers/python.py first seen with mtime 1729230685.7621052
File /Users/cc/Documents/CC_Self/CCHome/PAV/venv/lib/python3.12/site-packages/django/http/request.py first seen with mtime 1729230685.7851624
File /Users/cc/Documents/CC_Self/CCHome/PAV/venv/lib/python3.12/site-packages/django/http/request.py first seen with mtime 1729230685.7851624
File /Users/cc/Documents/CC_Self/CCHome/PAV/venv/lib/python3.12/site-packages/django/utils/module_loading.py first seen with mtime 1729230685.7938683
File /Users/cc/Documents/CC_Self/CCHome/PAV/venv/lib/python3.12/site-packages/django/utils/module_loading.py first seen with mtime 1729230685.7938683
File /Library/Frameworks/Python.framework/Versions/3.12/lib/python3.12/logging/config.py first seen with mtime 1717710265.0
File /Library/Frameworks/Python.framework/Versions/3.12/lib/python3.12/logging/config.py first seen with mtime 1717710265.0
File /Library/Frameworks/Python.framework/Versions/3.12/lib/python3.12/struct.py first seen with mtime 1717710263.0
File /Library/Frameworks/Python.framework/Versions/3.12/lib/python3.12/struct.py first seen with mtime 1717710263.0
File /Users/cc/Documents/CC_Self/CCHome/PAV/venv/lib/python3.12/site-packages/PIL/_imaging.cpython-312-darwin.so first seen with mtime 1729230684.291978
File /Users/cc/Documents/CC_Self/CCHome/PAV/venv/lib/python3.12/site-packages/PIL/_imaging.cpython-312-darwin.so first seen with mtime 1729230684.291978
File /Users/cc/Documents/CC_Self/CCHome/PAV/venv/lib/python3.12/site-packages/django/templatetags/static.py first seen with mtime 1729230685.7891839
File /Users/cc/Documents/CC_Self/CCHome/PAV/venv/lib/python3.12/site-packages/django/templatetags/static.py first seen with mtime 1729230685.7891839
File /Library/Frameworks/Python.framework/Versions/3.12/lib/python3.12/reprlib.py first seen with mtime 1717710263.0
File /Library/Frameworks/Python.framework/Versions/3.12/lib/python3.12/reprlib.py first seen with mtime 1717710263.0
File /Library/Frameworks/Python.framework/Versions/3.12/lib/python3.12/ssl.py first seen with mtime 1717710263.0
File /Library/Frameworks/Python.framework/Versions/3.12/lib/python3.12/ssl.py first seen with mtime 1717710263.0
File /Users/cc/Documents/CC_Self/CCHome/PAV/venv/lib/python3.12/site-packages/django/utils/tree.py first seen with mtime 1729230685.7947655
File /Users/cc/Documents/CC_Self/CCHome/PAV/venv/lib/python3.12/site-packages/django/utils/tree.py first seen with mtime 1729230685.7947655
File /Users/cc/Documents/CC_Self/CCHome/PAV/venv/lib/python3.12/site-packages/django/contrib/messages/storage/__init__.py first seen with mtime 1729230685.6514125
File /Users/cc/Documents/CC_Self/CCHome/PAV/venv/lib/python3.12/site-packages/django/contrib/messages/storage/__init__.py first seen with mtime 1729230685.6514125
File /Users/cc/Documents/CC_Self/CCHome/PAV/venv/lib/python3.12/site-packages/django/template/utils.py first seen with mtime 1729230685.7878284
File /Users/cc/Documents/CC_Self/CCHome/PAV/venv/lib/python3.12/site-packages/django/template/utils.py first seen with mtime 1729230685.7878284
File /Users/cc/Documents/CC_Self/CCHome/PAV/f_proc/fproc.py first seen with mtime 1729421393.6353848
File /Users/cc/Documents/CC_Self/CCHome/PAV/f_proc/fproc.py first seen with mtime 1729421393.6353848
File /Users/cc/Documents/CC_Self/CCHome/PAV/venv/lib/python3.12/site-packages/django/db/migrations/state.py first seen with mtime 1729230685.769944
File /Users/cc/Documents/CC_Self/CCHome/PAV/venv/lib/python3.12/site-packages/django/db/migrations/state.py first seen with mtime 1729230685.769944
File /Library/Frameworks/Python.framework/Versions/3.12/lib/python3.12/zoneinfo/__init__.py first seen with mtime 1717710265.0
File /Library/Frameworks/Python.framework/Versions/3.12/lib/python3.12/zoneinfo/__init__.py first seen with mtime 1717710265.0
File /Library/Frameworks/Python.framework/Versions/3.12/lib/python3.12/urllib/__init__.py first seen with mtime 1717710265.0
File /Library/Frameworks/Python.framework/Versions/3.12/lib/python3.12/urllib/__init__.py first seen with mtime 1717710265.0
File /Users/cc/Documents/CC_Self/CCHome/PAV/venv/lib/python3.12/site-packages/django/contrib/staticfiles/management/commands/__init__.py first seen with mtime 1729230685.7513
File /Users/cc/Documents/CC_Self/CCHome/PAV/venv/lib/python3.12/site-packages/django/contrib/staticfiles/management/commands/__init__.py first seen with mtime 1729230685.7513
File /Library/Frameworks/Python.framework/Versions/3.12/lib/python3.12/ipaddress.py first seen with mtime 1717710263.0
File /Library/Frameworks/Python.framework/Versions/3.12/lib/python3.12/ipaddress.py first seen with mtime 1717710263.0
File /Library/Frameworks/Python.framework/Versions/3.12/lib/python3.12/hashlib.py first seen with mtime 1717710263.0
File /Library/Frameworks/Python.framework/Versions/3.12/lib/python3.12/hashlib.py first seen with mtime 1717710263.0
File /Users/cc/Documents/CC_Self/CCHome/PAV/venv/lib/python3.12/site-packages/django/contrib/admin/views/__init__.py first seen with mtime 1729230685.4397922
File /Users/cc/Documents/CC_Self/CCHome/PAV/venv/lib/python3.12/site-packages/django/contrib/admin/views/__init__.py first seen with mtime 1729230685.4397922
File /Users/cc/Documents/CC_Self/CCHome/PAV/venv/lib/python3.12/site-packages/django/contrib/auth/checks.py first seen with mtime 1729230685.46947
File /Users/cc/Documents/CC_Self/CCHome/PAV/venv/lib/python3.12/site-packages/django/contrib/auth/checks.py first seen with mtime 1729230685.46947
File /Users/cc/Documents/CC_Self/CCHome/PAV/venv/lib/python3.12/site-packages/django/urls/base.py first seen with mtime 1729230685.7904277
File /Users/cc/Documents/CC_Self/CCHome/PAV/venv/lib/python3.12/site-packages/django/urls/base.py first seen with mtime 1729230685.7904277
File /Users/cc/Documents/CC_Self/CCHome/PAV/venv/lib/python3.12/site-packages/django/utils/translation/trans_real.py first seen with mtime 1729230685.7954934
File /Users/cc/Documents/CC_Self/CCHome/PAV/venv/lib/python3.12/site-packages/django/utils/translation/trans_real.py first seen with mtime 1729230685.7954934
File /Users/cc/Documents/CC_Self/CCHome/PAV/venv/lib/python3.12/site-packages/pymysql/err.py first seen with mtime 1729230683.373016
File /Users/cc/Documents/CC_Self/CCHome/PAV/venv/lib/python3.12/site-packages/pymysql/err.py first seen with mtime 1729230683.373016
File /Users/cc/Documents/CC_Self/CCHome/PAV/venv/lib/python3.12/site-packages/cryptography/hazmat/backends/__init__.py first seen with mtime 1729230686.4615645
File /Users/cc/Documents/CC_Self/CCHome/PAV/venv/lib/python3.12/site-packages/cryptography/hazmat/backends/__init__.py first seen with mtime 1729230686.4615645
File /Library/Frameworks/Python.framework/Versions/3.12/lib/python3.12/email/generator.py first seen with mtime 1717710264.0
File /Library/Frameworks/Python.framework/Versions/3.12/lib/python3.12/email/generator.py first seen with mtime 1717710264.0
File /Library/Frameworks/Python.framework/Versions/3.12/lib/python3.12/getpass.py first seen with mtime 1717710263.0
File /Library/Frameworks/Python.framework/Versions/3.12/lib/python3.12/getpass.py first seen with mtime 1717710263.0
File /Library/Frameworks/Python.framework/Versions/3.12/lib/python3.12/email/mime/__init__.py first seen with mtime 1717710264.0
File /Library/Frameworks/Python.framework/Versions/3.12/lib/python3.12/email/mime/__init__.py first seen with mtime 1717710264.0
File /Library/Frameworks/Python.framework/Versions/3.12/lib/python3.12/dataclasses.py first seen with mtime 1717710263.0
File /Library/Frameworks/Python.framework/Versions/3.12/lib/python3.12/dataclasses.py first seen with mtime 1717710263.0
File /Users/cc/Documents/CC_Self/CCHome/PAV/venv/lib/python3.12/site-packages/cryptography/hazmat/primitives/ciphers/base.py first seen with mtime 1729230686.464642
File /Users/cc/Documents/CC_Self/CCHome/PAV/venv/lib/python3.12/site-packages/cryptography/hazmat/primitives/ciphers/base.py first seen with mtime 1729230686.464642
File /Library/Frameworks/Python.framework/Versions/3.12/lib/python3.12/asyncio/log.py first seen with mtime 1717710263.0
File /Library/Frameworks/Python.framework/Versions/3.12/lib/python3.12/asyncio/log.py first seen with mtime 1717710263.0
File /Users/cc/Documents/CC_Self/CCHome/PAV/venv/lib/python3.12/site-packages/django/contrib/__init__.py first seen with mtime 1729230685.3692465
File /Users/cc/Documents/CC_Self/CCHome/PAV/venv/lib/python3.12/site-packages/django/contrib/__init__.py first seen with mtime 1729230685.3692465
File /Library/Frameworks/Python.framework/Versions/3.12/lib/python3.12/http/server.py first seen with mtime 1717710264.0
File /Library/Frameworks/Python.framework/Versions/3.12/lib/python3.12/http/server.py first seen with mtime 1717710264.0
File /Library/Frameworks/Python.framework/Versions/3.12/lib/python3.12/email/mime/message.py first seen with mtime 1717710264.0
File /Library/Frameworks/Python.framework/Versions/3.12/lib/python3.12/email/mime/message.py first seen with mtime 1717710264.0
File /Users/cc/Documents/CC_Self/CCHome/PAV/venv/lib/python3.12/site-packages/django/db/models/sql/datastructures.py first seen with mtime 1729230685.7747626
File /Users/cc/Documents/CC_Self/CCHome/PAV/venv/lib/python3.12/site-packages/django/db/models/sql/datastructures.py first seen with mtime 1729230685.7747626
File /Users/cc/Documents/CC_Self/CCHome/PAV/venv/lib/python3.12/site-packages/django/db/models/fields/proxy.py first seen with mtime 1729230685.772959
File /Users/cc/Documents/CC_Self/CCHome/PAV/venv/lib/python3.12/site-packages/django/db/models/fields/proxy.py first seen with mtime 1729230685.772959
File /Users/cc/Documents/CC_Self/CCHome/PAV/venv/lib/python3.12/site-packages/pymysql/optionfile.py first seen with mtime 1729230683.3731105
File /Users/cc/Documents/CC_Self/CCHome/PAV/venv/lib/python3.12/site-packages/pymysql/optionfile.py first seen with mtime 1729230683.3731105
File /Users/cc/Documents/CC_Self/CCHome/PAV/venv/lib/python3.12/site-packages/django/utils/autoreload.py first seen with mtime 1729230685.7912652
File /Users/cc/Documents/CC_Self/CCHome/PAV/venv/lib/python3.12/site-packages/django/utils/autoreload.py first seen with mtime 1729230685.7912652
File /Users/cc/Documents/CC_Self/CCHome/PAV/venv/lib/python3.12/site-packages/django/db/models/query_utils.py first seen with mtime 1729230685.7721796
File /Users/cc/Documents/CC_Self/CCHome/PAV/venv/lib/python3.12/site-packages/django/db/models/query_utils.py first seen with mtime 1729230685.7721796
File /Users/cc/Documents/CC_Self/CCHome/PAV/venv/lib/python3.12/site-packages/django/template/engine.py first seen with mtime 1729230685.7871168
File /Users/cc/Documents/CC_Self/CCHome/PAV/venv/lib/python3.12/site-packages/django/template/engine.py first seen with mtime 1729230685.7871168
File /Library/Frameworks/Python.framework/Versions/3.12/lib/python3.12/lib-dynload/_opcode.cpython-312-darwin.so first seen with mtime 1717710657.0
File /Library/Frameworks/Python.framework/Versions/3.12/lib/python3.12/lib-dynload/_opcode.cpython-312-darwin.so first seen with mtime 1717710657.0
File /Library/Frameworks/Python.framework/Versions/3.12/lib/python3.12/uuid.py first seen with mtime 1717710263.0
File /Library/Frameworks/Python.framework/Versions/3.12/lib/python3.12/uuid.py first seen with mtime 1717710263.0
File /Users/cc/Documents/CC_Self/CCHome/PAV/venv/lib/python3.12/site-packages/sqlparse/engine/grouping.py first seen with mtime 1729230683.2975461
File /Users/cc/Documents/CC_Self/CCHome/PAV/venv/lib/python3.12/site-packages/sqlparse/engine/grouping.py first seen with mtime 1729230683.2975461
File /Users/cc/Documents/CC_Self/CCHome/PAV/venv/lib/python3.12/site-packages/django/utils/timesince.py first seen with mtime 1729230685.7945695
File /Users/cc/Documents/CC_Self/CCHome/PAV/venv/lib/python3.12/site-packages/django/utils/timesince.py first seen with mtime 1729230685.7945695
File /Users/cc/Documents/CC_Self/CCHome/PAV/venv/lib/python3.12/site-packages/django/core/mail/__init__.py first seen with mtime 1729230685.757583
File /Users/cc/Documents/CC_Self/CCHome/PAV/venv/lib/python3.12/site-packages/django/core/mail/__init__.py first seen with mtime 1729230685.757583
File /Library/Frameworks/Python.framework/Versions/3.12/lib/python3.12/email/utils.py first seen with mtime 1717710264.0
File /Library/Frameworks/Python.framework/Versions/3.12/lib/python3.12/email/utils.py first seen with mtime 1717710264.0
File /Library/Frameworks/Python.framework/Versions/3.12/lib/python3.12/textwrap.py first seen with mtime 1717710263.0
File /Library/Frameworks/Python.framework/Versions/3.12/lib/python3.12/textwrap.py first seen with mtime 1717710263.0
File /Users/cc/Documents/CC_Self/CCHome/PAV/venv/lib/python3.12/site-packages/django/contrib/sites/shortcuts.py first seen with mtime 1729230685.7267036
File /Users/cc/Documents/CC_Self/CCHome/PAV/venv/lib/python3.12/site-packages/django/contrib/sites/shortcuts.py first seen with mtime 1729230685.7267036
File /Users/cc/Documents/CC_Self/CCHome/PAV/venv/lib/python3.12/site-packages/django/template/defaultfilters.py first seen with mtime 1729230685.7868505
File /Users/cc/Documents/CC_Self/CCHome/PAV/venv/lib/python3.12/site-packages/django/template/defaultfilters.py first seen with mtime 1729230685.7868505
File /Library/Frameworks/Python.framework/Versions/3.12/lib/python3.12/re/__init__.py first seen with mtime 1717710265.0
File /Library/Frameworks/Python.framework/Versions/3.12/lib/python3.12/re/__init__.py first seen with mtime 1717710265.0
File /Users/cc/Documents/CC_Self/CCHome/PAV/venv/lib/python3.12/site-packages/django/apps/config.py first seen with mtime 1729230685.3242247
File /Users/cc/Documents/CC_Self/CCHome/PAV/venv/lib/python3.12/site-packages/django/apps/config.py first seen with mtime 1729230685.3242247
File /Users/cc/Documents/CC_Self/CCHome/PAV/venv/lib/python3.12/site-packages/pymysql/_auth.py first seen with mtime 1729230683.372455
File /Users/cc/Documents/CC_Self/CCHome/PAV/venv/lib/python3.12/site-packages/pymysql/_auth.py first seen with mtime 1729230683.372455
File /Users/cc/Documents/CC_Self/CCHome/PAV/venv/lib/python3.12/site-packages/django/utils/cache.py first seen with mtime 1729230685.7913542
File /Users/cc/Documents/CC_Self/CCHome/PAV/venv/lib/python3.12/site-packages/django/utils/cache.py first seen with mtime 1729230685.7913542
File /Users/cc/Documents/CC_Self/CCHome/PAV/venv/lib/python3.12/site-packages/_cffi_backend.cpython-312-darwin.so first seen with mtime 1729230686.3738241
File /Users/cc/Documents/CC_Self/CCHome/PAV/venv/lib/python3.12/site-packages/_cffi_backend.cpython-312-darwin.so first seen with mtime 1729230686.3738241
File /Users/cc/Documents/CC_Self/CCHome/PAV/venv/lib/python3.12/site-packages/django/contrib/messages/__init__.py first seen with mtime 1729230685.6507027
File /Users/cc/Documents/CC_Self/CCHome/PAV/venv/lib/python3.12/site-packages/django/contrib/messages/__init__.py first seen with mtime 1729230685.6507027
File /Users/cc/Documents/CC_Self/CCHome/PAV/venv/lib/python3.12/site-packages/django/contrib/admin/helpers.py first seen with mtime 1729230685.3701496
File /Users/cc/Documents/CC_Self/CCHome/PAV/venv/lib/python3.12/site-packages/django/contrib/admin/helpers.py first seen with mtime 1729230685.3701496
File /Users/cc/Documents/CC_Self/CCHome/PAV/venv/lib/python3.12/site-packages/django/core/checks/security/__init__.py first seen with mtime 1729230685.754988
File /Users/cc/Documents/CC_Self/CCHome/PAV/venv/lib/python3.12/site-packages/django/core/checks/security/__init__.py first seen with mtime 1729230685.754988
File /Users/cc/Documents/CC_Self/CCHome/PAV/venv/lib/python3.12/site-packages/django/contrib/staticfiles/checks.py first seen with mtime 1729230685.7505233
File /Users/cc/Documents/CC_Self/CCHome/PAV/venv/lib/python3.12/site-packages/django/contrib/staticfiles/checks.py first seen with mtime 1729230685.7505233
File /Library/Frameworks/Python.framework/Versions/3.12/lib/python3.12/glob.py first seen with mtime 1717710263.0
File /Library/Frameworks/Python.framework/Versions/3.12/lib/python3.12/glob.py first seen with mtime 1717710263.0
File /Library/Frameworks/Python.framework/Versions/3.12/lib/python3.12/logging/__init__.py first seen with mtime 1717710265.0
File /Library/Frameworks/Python.framework/Versions/3.12/lib/python3.12/logging/__init__.py first seen with mtime 1717710265.0
File /Users/cc/Documents/CC_Self/CCHome/PAV/venv/lib/python3.12/site-packages/django/utils/ipv6.py first seen with mtime 1729230685.7934062
File /Users/cc/Documents/CC_Self/CCHome/PAV/venv/lib/python3.12/site-packages/django/utils/ipv6.py first seen with mtime 1729230685.7934062
File /Users/cc/Documents/CC_Self/CCHome/PAV/venv/lib/python3.12/site-packages/cryptography/hazmat/primitives/serialization/__init__.py first seen with mtime 1729230686.4632626
File /Users/cc/Documents/CC_Self/CCHome/PAV/venv/lib/python3.12/site-packages/cryptography/hazmat/primitives/serialization/__init__.py first seen with mtime 1729230686.4632626
File /Users/cc/Documents/CC_Self/CCHome/PAV/venv/lib/python3.12/site-packages/django/core/management/color.py first seen with mtime 1729230685.758683
File /Users/cc/Documents/CC_Self/CCHome/PAV/venv/lib/python3.12/site-packages/django/core/management/color.py first seen with mtime 1729230685.758683
File /Users/cc/Documents/CC_Self/CCHome/PAV/venv/lib/python3.12/site-packages/django/db/models/aggregates.py first seen with mtime 1729230685.7708695
File /Users/cc/Documents/CC_Self/CCHome/PAV/venv/lib/python3.12/site-packages/django/db/models/aggregates.py first seen with mtime 1729230685.7708695
File /Users/cc/Documents/CC_Self/CCHome/PAV/venv/lib/python3.12/site-packages/django/db/models/fields/related.py first seen with mtime 1729230685.773091
File /Users/cc/Documents/CC_Self/CCHome/PAV/venv/lib/python3.12/site-packages/django/db/models/fields/related.py first seen with mtime 1729230685.773091
File /Library/Frameworks/Python.framework/Versions/3.12/lib/python3.12/argparse.py first seen with mtime 1717710263.0
File /Library/Frameworks/Python.framework/Versions/3.12/lib/python3.12/argparse.py first seen with mtime 1717710263.0
File /Users/cc/Documents/CC_Self/CCHome/PAV/venv/lib/python3.12/site-packages/django/contrib/contenttypes/checks.py first seen with mtime 1729230685.5341597
File /Users/cc/Documents/CC_Self/CCHome/PAV/venv/lib/python3.12/site-packages/django/contrib/contenttypes/checks.py first seen with mtime 1729230685.5341597
File /Users/cc/Documents/CC_Self/CCHome/PAV/venv/lib/python3.12/site-packages/django/template/loader_tags.py first seen with mtime 1729230685.7875507
File /Users/cc/Documents/CC_Self/CCHome/PAV/venv/lib/python3.12/site-packages/django/template/loader_tags.py first seen with mtime 1729230685.7875507
File /Users/cc/Documents/CC_Self/CCHome/PAV/venv/lib/python3.12/site-packages/django/core/checks/compatibility/__init__.py first seen with mtime 1729230685.7548323
File /Users/cc/Documents/CC_Self/CCHome/PAV/venv/lib/python3.12/site-packages/django/core/checks/compatibility/__init__.py first seen with mtime 1729230685.7548323
File /Users/cc/Documents/CC_Self/CCHome/PAV/venv/lib/python3.12/site-packages/django/utils/log.py first seen with mtime 1729230685.7936847
File /Users/cc/Documents/CC_Self/CCHome/PAV/venv/lib/python3.12/site-packages/django/utils/log.py first seen with mtime 1729230685.7936847
File /Library/Frameworks/Python.framework/Versions/3.12/lib/python3.12/json/decoder.py first seen with mtime 1717710265.0
File /Library/Frameworks/Python.framework/Versions/3.12/lib/python3.12/json/decoder.py first seen with mtime 1717710265.0
File /Users/cc/Documents/CC_Self/CCHome/PAV/venv/lib/python3.12/site-packages/django/contrib/messages/utils.py first seen with mtime 1729230685.651244
File /Users/cc/Documents/CC_Self/CCHome/PAV/venv/lib/python3.12/site-packages/django/contrib/messages/utils.py first seen with mtime 1729230685.651244
File /Users/cc/Documents/CC_Self/CCHome/PAV/venv/lib/python3.12/site-packages/django/template/smartif.py first seen with mtime 1729230685.7877498
File /Users/cc/Documents/CC_Self/CCHome/PAV/venv/lib/python3.12/site-packages/django/template/smartif.py first seen with mtime 1729230685.7877498
File /Users/cc/Documents/CC_Self/CCHome/PAV/venv/lib/python3.12/site-packages/sqlparse/engine/statement_splitter.py first seen with mtime 1729230683.297637
File /Users/cc/Documents/CC_Self/CCHome/PAV/venv/lib/python3.12/site-packages/sqlparse/engine/statement_splitter.py first seen with mtime 1729230683.297637
File /Users/cc/Documents/CC_Self/CCHome/PAV/venv/lib/python3.12/site-packages/django/core/exceptions.py first seen with mtime 1729230685.7521396
File /Users/cc/Documents/CC_Self/CCHome/PAV/venv/lib/python3.12/site-packages/django/core/exceptions.py first seen with mtime 1729230685.7521396
File /Users/cc/Documents/CC_Self/CCHome/PAV/venv/lib/python3.12/site-packages/django/urls/utils.py first seen with mtime 1729230685.790832
File /Users/cc/Documents/CC_Self/CCHome/PAV/venv/lib/python3.12/site-packages/django/urls/utils.py first seen with mtime 1729230685.790832
File /Users/cc/Documents/CC_Self/CCHome/PAV/venv/lib/python3.12/site-packages/django/db/backends/utils.py first seen with mtime 1729230685.7631679
File /Users/cc/Documents/CC_Self/CCHome/PAV/venv/lib/python3.12/site-packages/django/db/backends/utils.py first seen with mtime 1729230685.7631679
File /Users/cc/Documents/CC_Self/CCHome/PAV/venv/lib/python3.12/site-packages/django/contrib/sessions/backends/__init__.py first seen with mtime 1729230685.6995745
File /Users/cc/Documents/CC_Self/CCHome/PAV/venv/lib/python3.12/site-packages/django/contrib/sessions/backends/__init__.py first seen with mtime 1729230685.6995745
File /Library/Frameworks/Python.framework/Versions/3.12/lib/python3.12/bisect.py first seen with mtime 1717710263.0
File /Library/Frameworks/Python.framework/Versions/3.12/lib/python3.12/bisect.py first seen with mtime 1717710263.0
File /Users/cc/Documents/CC_Self/CCHome/PAV/venv/lib/python3.12/site-packages/django/db/migrations/operations/special.py first seen with mtime 1729230685.7706747
File /Users/cc/Documents/CC_Self/CCHome/PAV/venv/lib/python3.12/site-packages/django/db/migrations/operations/special.py first seen with mtime 1729230685.7706747
File /Users/cc/Documents/CC_Self/CCHome/PAV/venv/lib/python3.12/site-packages/django/views/defaults.py first seen with mtime 1729230685.7958815
File /Users/cc/Documents/CC_Self/CCHome/PAV/venv/lib/python3.12/site-packages/django/views/defaults.py first seen with mtime 1729230685.7958815
File /Users/cc/Documents/CC_Self/CCHome/PAV/venv/lib/python3.12/site-packages/django/core/management/commands/__init__.py first seen with mtime 1729230685.759109
File /Users/cc/Documents/CC_Self/CCHome/PAV/venv/lib/python3.12/site-packages/django/core/management/commands/__init__.py first seen with mtime 1729230685.759109
File /Users/cc/Documents/CC_Self/CCHome/PAV/venv/lib/python3.12/site-packages/cryptography/hazmat/primitives/asymmetric/padding.py first seen with mtime 1729230686.465869
File /Users/cc/Documents/CC_Self/CCHome/PAV/venv/lib/python3.12/site-packages/cryptography/hazmat/primitives/asymmetric/padding.py first seen with mtime 1729230686.465869
File /Library/Frameworks/Python.framework/Versions/3.12/lib/python3.12/__future__.py first seen with mtime 1717710263.0
File /Library/Frameworks/Python.framework/Versions/3.12/lib/python3.12/__future__.py first seen with mtime 1717710263.0
File /Library/Frameworks/Python.framework/Versions/3.12/lib/python3.12/pkgutil.py first seen with mtime 1717710263.0
File /Library/Frameworks/Python.framework/Versions/3.12/lib/python3.12/pkgutil.py first seen with mtime 1717710263.0
File /Users/cc/Documents/CC_Self/CCHome/PAV/venv/lib/python3.12/site-packages/django/utils/http.py first seen with mtime 1729230685.7932384
File /Users/cc/Documents/CC_Self/CCHome/PAV/venv/lib/python3.12/site-packages/django/utils/http.py first seen with mtime 1729230685.7932384
File /Users/cc/Documents/CC_Self/CCHome/PAV/f_proc/views.py first seen with mtime 1730473293.955879
File /Users/cc/Documents/CC_Self/CCHome/PAV/f_proc/views.py first seen with mtime 1730473293.955879
File /Users/cc/Documents/CC_Self/CCHome/PAV/venv/lib/python3.12/site-packages/django/template/loaders/filesystem.py first seen with mtime 1729230685.7886918
File /Users/cc/Documents/CC_Self/CCHome/PAV/venv/lib/python3.12/site-packages/django/template/loaders/filesystem.py first seen with mtime 1729230685.7886918
File /Users/cc/Documents/CC_Self/CCHome/PAV/venv/lib/python3.12/site-packages/sqlparse/filters/reindent.py first seen with mtime 1729230683.2981663
File /Users/cc/Documents/CC_Self/CCHome/PAV/venv/lib/python3.12/site-packages/sqlparse/filters/reindent.py first seen with mtime 1729230683.2981663
File /Users/cc/Documents/CC_Self/CCHome/PAV/venv/lib/python3.12/site-packages/cryptography/hazmat/primitives/hashes.py first seen with mtime 1729230686.466144
File /Users/cc/Documents/CC_Self/CCHome/PAV/venv/lib/python3.12/site-packages/cryptography/hazmat/primitives/hashes.py first seen with mtime 1729230686.466144
File /Users/cc/Documents/CC_Self/CCHome/PAV/venv/lib/python3.12/site-packages/cffi/error.py first seen with mtime 1729230686.3744268
File /Users/cc/Documents/CC_Self/CCHome/PAV/venv/lib/python3.12/site-packages/cffi/error.py first seen with mtime 1729230686.3744268
File /Users/cc/Documents/CC_Self/CCHome/PAV/venv/lib/python3.12/site-packages/django/contrib/contenttypes/views.py first seen with mtime 1729230685.5346522
File /Users/cc/Documents/CC_Self/CCHome/PAV/venv/lib/python3.12/site-packages/django/contrib/contenttypes/views.py first seen with mtime 1729230685.5346522
File /Users/cc/Documents/CC_Self/CCHome/PAV/venv/lib/python3.12/site-packages/django/db/backends/base/schema.py first seen with mtime 1729230685.7641766
File /Users/cc/Documents/CC_Self/CCHome/PAV/venv/lib/python3.12/site-packages/django/db/backends/base/schema.py first seen with mtime 1729230685.7641766
File /Users/cc/Documents/CC_Self/CCHome/PAV/venv/lib/python3.12/site-packages/django/template/backends/django.py first seen with mtime 1729230685.7881048
File /Users/cc/Documents/CC_Self/CCHome/PAV/venv/lib/python3.12/site-packages/django/template/backends/django.py first seen with mtime 1729230685.7881048
File /Library/Frameworks/Python.framework/Versions/3.12/lib/python3.12/_weakrefset.py first seen with mtime 1717710263.0
File /Library/Frameworks/Python.framework/Versions/3.12/lib/python3.12/_weakrefset.py first seen with mtime 1717710263.0
File /Users/cc/Documents/CC_Self/CCHome/PAV/venv/lib/python3.12/site-packages/django/db/backends/base/__init__.py first seen with mtime 1729230685.7632418
File /Users/cc/Documents/CC_Self/CCHome/PAV/venv/lib/python3.12/site-packages/django/db/backends/base/__init__.py first seen with mtime 1729230685.7632418
File /Users/cc/Documents/CC_Self/CCHome/PAV/venv/lib/python3.12/site-packages/cryptography/hazmat/_oid.py first seen with mtime 1729230686.4663901
File /Users/cc/Documents/CC_Self/CCHome/PAV/venv/lib/python3.12/site-packages/cryptography/hazmat/_oid.py first seen with mtime 1729230686.4663901
File /Library/Frameworks/Python.framework/Versions/3.12/lib/python3.12/email/mime/multipart.py first seen with mtime 1717710264.0
File /Library/Frameworks/Python.framework/Versions/3.12/lib/python3.12/email/mime/multipart.py first seen with mtime 1717710264.0
File /Users/cc/Documents/CC_Self/CCHome/PAV/venv/lib/python3.12/site-packages/django/core/cache/backends/__init__.py first seen with mtime 1729230685.752942
File /Users/cc/Documents/CC_Self/CCHome/PAV/venv/lib/python3.12/site-packages/django/core/cache/backends/__init__.py first seen with mtime 1729230685.752942
File /Library/Frameworks/Python.framework/Versions/3.12/lib/python3.12/wsgiref/handlers.py first seen with mtime 1717710265.0
File /Library/Frameworks/Python.framework/Versions/3.12/lib/python3.12/wsgiref/handlers.py first seen with mtime 1717710265.0
File /Library/Frameworks/Python.framework/Versions/3.12/lib/python3.12/asyncio/base_subprocess.py first seen with mtime 1717710263.0
File /Library/Frameworks/Python.framework/Versions/3.12/lib/python3.12/asyncio/base_subprocess.py first seen with mtime 1717710263.0
File /Users/cc/Documents/CC_Self/CCHome/PAV/venv/lib/python3.12/site-packages/django/contrib/auth/validators.py first seen with mtime 1729230685.4709287
File /Users/cc/Documents/CC_Self/CCHome/PAV/venv/lib/python3.12/site-packages/django/contrib/auth/validators.py first seen with mtime 1729230685.4709287
File /Users/cc/Documents/CC_Self/CCHome/PAV/venv/lib/python3.12/site-packages/django/contrib/admin/models.py first seen with mtime 1729230685.3702579
File /Users/cc/Documents/CC_Self/CCHome/PAV/venv/lib/python3.12/site-packages/django/contrib/admin/models.py first seen with mtime 1729230685.3702579
File /Users/cc/Documents/CC_Self/CCHome/PAV/venv/lib/python3.12/site-packages/django/db/models/signals.py first seen with mtime 1729230685.772256
File /Users/cc/Documents/CC_Self/CCHome/PAV/venv/lib/python3.12/site-packages/django/db/models/signals.py first seen with mtime 1729230685.772256
File /Users/cc/Documents/CC_Self/CCHome/PAV/venv/lib/python3.12/site-packages/cryptography/hazmat/primitives/__init__.py first seen with mtime 1729230686.4639452
File /Users/cc/Documents/CC_Self/CCHome/PAV/venv/lib/python3.12/site-packages/cryptography/hazmat/primitives/__init__.py first seen with mtime 1729230686.4639452
File /Users/cc/Documents/CC_Self/CCHome/PAV/venv/lib/python3.12/site-packages/django/core/checks/security/sessions.py first seen with mtime 1729230685.7552557
File /Users/cc/Documents/CC_Self/CCHome/PAV/venv/lib/python3.12/site-packages/django/core/checks/security/sessions.py first seen with mtime 1729230685.7552557
File /Users/cc/Documents/CC_Self/CCHome/PAV/venv/lib/python3.12/site-packages/django/utils/_os.py first seen with mtime 1729230685.7909808
File /Users/cc/Documents/CC_Self/CCHome/PAV/venv/lib/python3.12/site-packages/django/utils/_os.py first seen with mtime 1729230685.7909808
File /Library/Frameworks/Python.framework/Versions/3.12/lib/python3.12/html/__init__.py first seen with mtime 1717710264.0
File /Library/Frameworks/Python.framework/Versions/3.12/lib/python3.12/html/__init__.py first seen with mtime 1717710264.0
File /Users/cc/Documents/CC_Self/CCHome/PAV/venv/lib/python3.12/site-packages/django/core/files/uploadedfile.py first seen with mtime 1729230685.7559326
File /Users/cc/Documents/CC_Self/CCHome/PAV/venv/lib/python3.12/site-packages/django/core/files/uploadedfile.py first seen with mtime 1729230685.7559326
File /Users/cc/Documents/CC_Self/CCHome/PAV/venv/lib/python3.12/site-packages/django/db/backends/__init__.py first seen with mtime 1729230685.7628896
File /Users/cc/Documents/CC_Self/CCHome/PAV/venv/lib/python3.12/site-packages/django/db/backends/__init__.py first seen with mtime 1729230685.7628896
File /Library/Frameworks/Python.framework/Versions/3.12/lib/python3.12/importlib/__init__.py first seen with mtime 1717710265.0
File /Library/Frameworks/Python.framework/Versions/3.12/lib/python3.12/importlib/__init__.py first seen with mtime 1717710265.0
File /Users/cc/Documents/CC_Self/CCHome/PAV/venv/lib/python3.12/site-packages/django/contrib/sites/__init__.py first seen with mtime 1729230685.7258708
File /Users/cc/Documents/CC_Self/CCHome/PAV/venv/lib/python3.12/site-packages/django/contrib/sites/__init__.py first seen with mtime 1729230685.7258708
File /Users/cc/Documents/CC_Self/CCHome/PAV/venv/lib/python3.12/site-packages/django/db/backends/mysql/validation.py first seen with mtime 1729230685.7657082
File /Users/cc/Documents/CC_Self/CCHome/PAV/venv/lib/python3.12/site-packages/django/db/backends/mysql/validation.py first seen with mtime 1729230685.7657082
File /Users/cc/Documents/CC_Self/CCHome/PAV/venv/lib/python3.12/site-packages/django/utils/html.py first seen with mtime 1729230685.793102
File /Users/cc/Documents/CC_Self/CCHome/PAV/venv/lib/python3.12/site-packages/django/utils/html.py first seen with mtime 1729230685.793102
File /Library/Frameworks/Python.framework/Versions/3.12/lib/python3.12/asyncio/base_events.py first seen with mtime 1717710263.0
File /Library/Frameworks/Python.framework/Versions/3.12/lib/python3.12/asyncio/base_events.py first seen with mtime 1717710263.0
File /Users/cc/Documents/CC_Self/CCHome/PAV/venv/lib/python3.12/site-packages/cffi/__init__.py first seen with mtime 1729230686.374849
File /Users/cc/Documents/CC_Self/CCHome/PAV/venv/lib/python3.12/site-packages/cffi/__init__.py first seen with mtime 1729230686.374849
File /Users/cc/Documents/CC_Self/CCHome/PAV/venv/lib/python3.12/site-packages/django/db/backends/base/creation.py first seen with mtime 1729230685.7636073
File /Users/cc/Documents/CC_Self/CCHome/PAV/venv/lib/python3.12/site-packages/django/db/backends/base/creation.py first seen with mtime 1729230685.7636073
File /Library/Frameworks/Python.framework/Versions/3.12/lib/python3.12/bz2.py first seen with mtime 1717710263.0
File /Library/Frameworks/Python.framework/Versions/3.12/lib/python3.12/bz2.py first seen with mtime 1717710263.0
File /Library/Frameworks/Python.framework/Versions/3.12/lib/python3.12/lib-dynload/_bisect.cpython-312-darwin.so first seen with mtime 1717710652.0
File /Library/Frameworks/Python.framework/Versions/3.12/lib/python3.12/lib-dynload/_bisect.cpython-312-darwin.so first seen with mtime 1717710652.0
File /Library/Frameworks/Python.framework/Versions/3.12/lib/python3.12/email/header.py first seen with mtime 1717710264.0
File /Library/Frameworks/Python.framework/Versions/3.12/lib/python3.12/email/header.py first seen with mtime 1717710264.0
File /Library/Frameworks/Python.framework/Versions/3.12/lib/python3.12/wsgiref/util.py first seen with mtime 1717710265.0
File /Library/Frameworks/Python.framework/Versions/3.12/lib/python3.12/wsgiref/util.py first seen with mtime 1717710265.0
File /Users/cc/Documents/CC_Self/CCHome/PAV/PAV/urls.py first seen with mtime 1730474293.3245137
File /Users/cc/Documents/CC_Self/CCHome/PAV/PAV/urls.py first seen with mtime 1730474293.3245137
File /Users/cc/Documents/CC_Self/CCHome/PAV/venv/lib/python3.12/site-packages/sqlparse/filters/others.py first seen with mtime 1729230683.2979758
File /Users/cc/Documents/CC_Self/CCHome/PAV/venv/lib/python3.12/site-packages/sqlparse/filters/others.py first seen with mtime 1729230683.2979758
File /Users/cc/Documents/CC_Self/CCHome/PAV/venv/lib/python3.12/site-packages/django/urls/exceptions.py first seen with mtime 1729230685.7906516
File /Users/cc/Documents/CC_Self/CCHome/PAV/venv/lib/python3.12/site-packages/django/urls/exceptions.py first seen with mtime 1729230685.7906516
File /Users/cc/Documents/CC_Self/CCHome/PAV/venv/lib/python3.12/site-packages/django/contrib/messages/constants.py first seen with mtime 1729230685.6509385
File /Users/cc/Documents/CC_Self/CCHome/PAV/venv/lib/python3.12/site-packages/django/contrib/messages/constants.py first seen with mtime 1729230685.6509385
File /Library/Frameworks/Python.framework/Versions/3.12/lib/python3.12/encodings/__init__.py first seen with mtime 1717710264.0
File /Library/Frameworks/Python.framework/Versions/3.12/lib/python3.12/encodings/__init__.py first seen with mtime 1717710264.0
File /Users/cc/Documents/CC_Self/CCHome/PAV/venv/lib/python3.12/site-packages/django/db/models/base.py first seen with mtime 1729230685.771033
File /Users/cc/Documents/CC_Self/CCHome/PAV/venv/lib/python3.12/site-packages/django/db/models/base.py first seen with mtime 1729230685.771033
File /Users/cc/Documents/CC_Self/CCHome/PAV/venv/lib/python3.12/site-packages/django/core/cache/backends/filebased.py first seen with mtime 1729230685.7534368
File /Users/cc/Documents/CC_Self/CCHome/PAV/venv/lib/python3.12/site-packages/django/core/cache/backends/filebased.py first seen with mtime 1729230685.7534368
File /Library/Frameworks/Python.framework/Versions/3.12/lib/python3.12/asyncio/format_helpers.py first seen with mtime 1717710263.0
File /Library/Frameworks/Python.framework/Versions/3.12/lib/python3.12/asyncio/format_helpers.py first seen with mtime 1717710263.0
File /Users/cc/Documents/CC_Self/CCHome/PAV/venv/lib/python3.12/site-packages/PIL/ExifTags.py first seen with mtime 1729230684.2883718
File /Users/cc/Documents/CC_Self/CCHome/PAV/venv/lib/python3.12/site-packages/PIL/ExifTags.py first seen with mtime 1729230684.2883718
File /Users/cc/Documents/CC_Self/CCHome/PAV/venv/lib/python3.12/site-packages/django/core/checks/async_checks.py first seen with mtime 1729230685.7539635
File /Users/cc/Documents/CC_Self/CCHome/PAV/venv/lib/python3.12/site-packages/django/core/checks/async_checks.py first seen with mtime 1729230685.7539635
File /Library/Frameworks/Python.framework/Versions/3.12/lib/python3.12/http/cookies.py first seen with mtime 1717710264.0
File /Library/Frameworks/Python.framework/Versions/3.12/lib/python3.12/http/cookies.py first seen with mtime 1717710264.0
File /Users/cc/Documents/CC_Self/CCHome/PAV/venv/lib/python3.12/site-packages/django/dispatch/dispatcher.py first seen with mtime 1729230685.775476
File /Users/cc/Documents/CC_Self/CCHome/PAV/venv/lib/python3.12/site-packages/django/dispatch/dispatcher.py first seen with mtime 1729230685.775476
File /Users/cc/Documents/CC_Self/CCHome/PAV/venv/lib/python3.12/site-packages/django/views/csrf.py first seen with mtime 1729230685.7956634
File /Users/cc/Documents/CC_Self/CCHome/PAV/venv/lib/python3.12/site-packages/django/views/csrf.py first seen with mtime 1729230685.7956634
File /Users/cc/Documents/CC_Self/CCHome/PAV/venv/lib/python3.12/site-packages/django/core/serializers/__init__.py first seen with mtime 1729230685.7617335
File /Users/cc/Documents/CC_Self/CCHome/PAV/venv/lib/python3.12/site-packages/django/core/serializers/__init__.py first seen with mtime 1729230685.7617335
File /Library/Frameworks/Python.framework/Versions/3.12/lib/python3.12/email/quoprimime.py first seen with mtime 1717710264.0
File /Library/Frameworks/Python.framework/Versions/3.12/lib/python3.12/email/quoprimime.py first seen with mtime 1717710264.0
File /Users/cc/Documents/CC_Self/CCHome/PAV/venv/lib/python3.12/site-packages/django/core/files/storage/handler.py first seen with mtime 1729230685.756579
File /Users/cc/Documents/CC_Self/CCHome/PAV/venv/lib/python3.12/site-packages/django/core/files/storage/handler.py first seen with mtime 1729230685.756579
File /Library/Frameworks/Python.framework/Versions/3.12/lib/python3.12/wsgiref/__init__.py first seen with mtime 1717710265.0
File /Library/Frameworks/Python.framework/Versions/3.12/lib/python3.12/wsgiref/__init__.py first seen with mtime 1717710265.0
File /Users/cc/Documents/CC_Self/CCHome/PAV/venv/lib/python3.12/site-packages/django/contrib/staticfiles/views.py first seen with mtime 1729230685.7511456
File /Users/cc/Documents/CC_Self/CCHome/PAV/venv/lib/python3.12/site-packages/django/contrib/staticfiles/views.py first seen with mtime 1729230685.7511456
File /Users/cc/Documents/CC_Self/CCHome/PAV/venv/lib/python3.12/site-packages/django/db/models/sql/where.py first seen with mtime 1729230685.775249
File /Users/cc/Documents/CC_Self/CCHome/PAV/venv/lib/python3.12/site-packages/django/db/models/sql/where.py first seen with mtime 1729230685.775249
File /Users/cc/Documents/CC_Self/CCHome/PAV/venv/lib/python3.12/site-packages/sqlparse/cli.py first seen with mtime 1729230683.2966437
File /Users/cc/Documents/CC_Self/CCHome/PAV/venv/lib/python3.12/site-packages/sqlparse/cli.py first seen with mtime 1729230683.2966437
File /Users/cc/Documents/CC_Self/CCHome/PAV/venv/lib/python3.12/site-packages/django/views/generic/__init__.py first seen with mtime 1729230685.797122
File /Users/cc/Documents/CC_Self/CCHome/PAV/venv/lib/python3.12/site-packages/django/views/generic/__init__.py first seen with mtime 1729230685.797122
File /Users/cc/Documents/CC_Self/CCHome/PAV/venv/lib/python3.12/site-packages/django/utils/__init__.py first seen with mtime 1729230685.7908976
File /Users/cc/Documents/CC_Self/CCHome/PAV/venv/lib/python3.12/site-packages/django/utils/__init__.py first seen with mtime 1729230685.7908976
File /Library/Frameworks/Python.framework/Versions/3.12/lib/python3.12/shutil.py first seen with mtime 1717710263.0
File /Library/Frameworks/Python.framework/Versions/3.12/lib/python3.12/shutil.py first seen with mtime 1717710263.0
File /Library/Frameworks/Python.framework/Versions/3.12/lib/python3.12/pickle.py first seen with mtime 1717710263.0
File /Library/Frameworks/Python.framework/Versions/3.12/lib/python3.12/pickle.py first seen with mtime 1717710263.0
File /Users/cc/Documents/CC_Self/CCHome/PAV/venv/lib/python3.12/site-packages/django/core/files/storage/mixins.py first seen with mtime 1729230685.756797
File /Users/cc/Documents/CC_Self/CCHome/PAV/venv/lib/python3.12/site-packages/django/core/files/storage/mixins.py first seen with mtime 1729230685.756797
File /Users/cc/Documents/CC_Self/CCHome/PAV/venv/lib/python3.12/site-packages/django/core/handlers/__init__.py first seen with mtime 1729230685.7568865
File /Users/cc/Documents/CC_Self/CCHome/PAV/venv/lib/python3.12/site-packages/django/core/handlers/__init__.py first seen with mtime 1729230685.7568865
File /Users/cc/Documents/CC_Self/CCHome/PAV/venv/lib/python3.12/site-packages/django/template/library.py first seen with mtime 1729230685.7873344
File /Users/cc/Documents/CC_Self/CCHome/PAV/venv/lib/python3.12/site-packages/django/template/library.py first seen with mtime 1729230685.7873344
File /Users/cc/Documents/CC_Self/CCHome/PAV/venv/lib/python3.12/site-packages/django/utils/deprecation.py first seen with mtime 1729230685.7922769
File /Users/cc/Documents/CC_Self/CCHome/PAV/venv/lib/python3.12/site-packages/django/utils/deprecation.py first seen with mtime 1729230685.7922769
File /Users/cc/Documents/CC_Self/CCHome/PAV/venv/lib/python3.12/site-packages/django/contrib/staticfiles/management/commands/runserver.py first seen with mtime 1729230685.751612
File /Users/cc/Documents/CC_Self/CCHome/PAV/venv/lib/python3.12/site-packages/django/contrib/staticfiles/management/commands/runserver.py first seen with mtime 1729230685.751612
File /Users/cc/Documents/CC_Self/CCHome/PAV/venv/lib/python3.12/site-packages/cryptography/hazmat/primitives/serialization/base.py first seen with mtime 1729230686.463702
File /Users/cc/Documents/CC_Self/CCHome/PAV/venv/lib/python3.12/site-packages/cryptography/hazmat/primitives/serialization/base.py first seen with mtime 1729230686.463702
File /Library/Frameworks/Python.framework/Versions/3.12/lib/python3.12/enum.py first seen with mtime 1717710263.0
File /Library/Frameworks/Python.framework/Versions/3.12/lib/python3.12/enum.py first seen with mtime 1717710263.0
File /Users/cc/Documents/CC_Self/CCHome/PAV/venv/lib/python3.12/site-packages/django/db/backends/mysql/operations.py first seen with mtime 1729230685.7655125
File /Users/cc/Documents/CC_Self/CCHome/PAV/venv/lib/python3.12/site-packages/django/db/backends/mysql/operations.py first seen with mtime 1729230685.7655125
File /Users/cc/Documents/CC_Self/CCHome/PAV/show/__init__.py first seen with mtime 1725105618.243058
File /Users/cc/Documents/CC_Self/CCHome/PAV/show/__init__.py first seen with mtime 1725105618.243058
File /Users/cc/Documents/CC_Self/CCHome/PAV/venv/lib/python3.12/site-packages/cryptography/hazmat/decrepit/__init__.py first seen with mtime 1729230686.4612594
File /Users/cc/Documents/CC_Self/CCHome/PAV/venv/lib/python3.12/site-packages/cryptography/hazmat/decrepit/__init__.py first seen with mtime 1729230686.4612594
File /Users/cc/Documents/CC_Self/CCHome/PAV/venv/lib/python3.12/site-packages/cryptography/hazmat/primitives/_cipheralgorithm.py first seen with mtime 1729230686.4640193
File /Users/cc/Documents/CC_Self/CCHome/PAV/venv/lib/python3.12/site-packages/cryptography/hazmat/primitives/_cipheralgorithm.py first seen with mtime 1729230686.4640193
File /Library/Frameworks/Python.framework/Versions/3.12/lib/python3.12/contextvars.py first seen with mtime 1717710263.0
File /Library/Frameworks/Python.framework/Versions/3.12/lib/python3.12/contextvars.py first seen with mtime 1717710263.0
File /Users/cc/Documents/CC_Self/CCHome/PAV/venv/lib/python3.12/site-packages/django/middleware/security.py first seen with mtime 1729230685.786194
File /Users/cc/Documents/CC_Self/CCHome/PAV/venv/lib/python3.12/site-packages/django/middleware/security.py first seen with mtime 1729230685.786194
File /Library/Frameworks/Python.framework/Versions/3.12/lib/python3.12/tempfile.py first seen with mtime 1717710263.0
File /Library/Frameworks/Python.framework/Versions/3.12/lib/python3.12/tempfile.py first seen with mtime 1717710263.0
File /Library/Frameworks/Python.framework/Versions/3.12/lib/python3.12/lib-dynload/_sha2.cpython-312-darwin.so first seen with mtime 1717710658.0
File /Library/Frameworks/Python.framework/Versions/3.12/lib/python3.12/lib-dynload/_sha2.cpython-312-darwin.so first seen with mtime 1717710658.0
File /Users/cc/Documents/CC_Self/CCHome/PAV/venv/lib/python3.12/site-packages/django/contrib/admin/actions.py first seen with mtime 1729230685.3694355
File /Users/cc/Documents/CC_Self/CCHome/PAV/venv/lib/python3.12/site-packages/django/contrib/admin/actions.py first seen with mtime 1729230685.3694355
File /Users/cc/Documents/CC_Self/CCHome/PAV/venv/lib/python3.12/site-packages/PIL/Image.py first seen with mtime 1729230684.2971644
File /Users/cc/Documents/CC_Self/CCHome/PAV/venv/lib/python3.12/site-packages/PIL/Image.py first seen with mtime 1729230684.2971644
File /Library/Frameworks/Python.framework/Versions/3.12/lib/python3.12/lib-dynload/termios.cpython-312-darwin.so first seen with mtime 1717710663.0
File /Library/Frameworks/Python.framework/Versions/3.12/lib/python3.12/lib-dynload/termios.cpython-312-darwin.so first seen with mtime 1717710663.0
File /Library/Frameworks/Python.framework/Versions/3.12/lib/python3.12/re/_constants.py first seen with mtime 1717710265.0
File /Library/Frameworks/Python.framework/Versions/3.12/lib/python3.12/re/_constants.py first seen with mtime 1717710265.0
File /Users/cc/Documents/CC_Self/CCHome/PAV/venv/lib/python3.12/site-packages/django/db/models/sql/subqueries.py first seen with mtime 1729230685.7750978
File /Users/cc/Documents/CC_Self/CCHome/PAV/venv/lib/python3.12/site-packages/django/db/models/sql/subqueries.py first seen with mtime 1729230685.7750978
File /Users/cc/Documents/CC_Self/CCHome/PAV/venv/lib/python3.12/site-packages/django/contrib/admin/templatetags/admin_modify.py first seen with mtime 1729230685.4394639
File /Users/cc/Documents/CC_Self/CCHome/PAV/venv/lib/python3.12/site-packages/django/contrib/admin/templatetags/admin_modify.py first seen with mtime 1729230685.4394639
File /Users/cc/Documents/CC_Self/CCHome/PAV/venv/lib/python3.12/site-packages/django/views/generic/dates.py first seen with mtime 1729230685.7973244
File /Users/cc/Documents/CC_Self/CCHome/PAV/venv/lib/python3.12/site-packages/django/views/generic/dates.py first seen with mtime 1729230685.7973244
File /Library/Frameworks/Python.framework/Versions/3.12/lib/python3.12/html/parser.py first seen with mtime 1717710264.0
File /Library/Frameworks/Python.framework/Versions/3.12/lib/python3.12/html/parser.py first seen with mtime 1717710264.0
File /Library/Frameworks/Python.framework/Versions/3.12/lib/python3.12/asyncio/tasks.py first seen with mtime 1717710263.0
File /Library/Frameworks/Python.framework/Versions/3.12/lib/python3.12/asyncio/tasks.py first seen with mtime 1717710263.0
File /Library/Frameworks/Python.framework/Versions/3.12/lib/python3.12/asyncio/base_tasks.py first seen with mtime 1717710263.0
File /Library/Frameworks/Python.framework/Versions/3.12/lib/python3.12/asyncio/base_tasks.py first seen with mtime 1717710263.0
File /Users/cc/Documents/CC_Self/CCHome/PAV/venv/lib/python3.12/site-packages/django/contrib/admin/options.py first seen with mtime 1729230685.3704405
File /Users/cc/Documents/CC_Self/CCHome/PAV/venv/lib/python3.12/site-packages/django/contrib/admin/options.py first seen with mtime 1729230685.3704405
File /Users/cc/Documents/CC_Self/CCHome/PAV/venv/lib/python3.12/site-packages/PIL/__init__.py first seen with mtime 1729230684.2895617
File /Users/cc/Documents/CC_Self/CCHome/PAV/venv/lib/python3.12/site-packages/PIL/__init__.py first seen with mtime 1729230684.2895617
File /Users/cc/Documents/CC_Self/CCHome/PAV/venv/lib/python3.12/site-packages/django/utils/dates.py first seen with mtime 1729230685.79199
File /Users/cc/Documents/CC_Self/CCHome/PAV/venv/lib/python3.12/site-packages/django/utils/dates.py first seen with mtime 1729230685.79199
File /Users/cc/Documents/CC_Self/CCHome/PAV/venv/lib/python3.12/site-packages/django/core/management/base.py first seen with mtime 1729230685.7585871
File /Users/cc/Documents/CC_Self/CCHome/PAV/venv/lib/python3.12/site-packages/django/core/management/base.py first seen with mtime 1729230685.7585871
File /Users/cc/Documents/CC_Self/CCHome/PAV/venv/lib/python3.12/site-packages/django/apps/__init__.py first seen with mtime 1729230685.3241076
File /Users/cc/Documents/CC_Self/CCHome/PAV/venv/lib/python3.12/site-packages/django/apps/__init__.py first seen with mtime 1729230685.3241076
File /Library/Frameworks/Python.framework/Versions/3.12/lib/python3.12/lib-dynload/_lzma.cpython-312-darwin.so first seen with mtime 1717710656.0
File /Library/Frameworks/Python.framework/Versions/3.12/lib/python3.12/lib-dynload/_lzma.cpython-312-darwin.so first seen with mtime 1717710656.0
File /Users/cc/Documents/CC_Self/CCHome/PAV/venv/lib/python3.12/site-packages/django/template/autoreload.py first seen with mtime 1729230685.78642
File /Users/cc/Documents/CC_Self/CCHome/PAV/venv/lib/python3.12/site-packages/django/template/autoreload.py first seen with mtime 1729230685.78642
File /Users/cc/Documents/CC_Self/CCHome/PAV/venv/lib/python3.12/site-packages/django/forms/fields.py first seen with mtime 1729230685.7759633
File /Users/cc/Documents/CC_Self/CCHome/PAV/venv/lib/python3.12/site-packages/django/forms/fields.py first seen with mtime 1729230685.7759633
File /Library/Frameworks/Python.framework/Versions/3.12/lib/python3.12/asyncio/sslproto.py first seen with mtime 1717710263.0
File /Library/Frameworks/Python.framework/Versions/3.12/lib/python3.12/asyncio/sslproto.py first seen with mtime 1717710263.0
File /Library/Frameworks/Python.framework/Versions/3.12/lib/python3.12/socketserver.py first seen with mtime 1717710263.0
File /Library/Frameworks/Python.framework/Versions/3.12/lib/python3.12/socketserver.py first seen with mtime 1717710263.0
File /Users/cc/Documents/CC_Self/CCHome/PAV/venv/lib/python3.12/site-packages/django/shortcuts.py first seen with mtime 1729230685.3240073
File /Users/cc/Documents/CC_Self/CCHome/PAV/venv/lib/python3.12/site-packages/django/shortcuts.py first seen with mtime 1729230685.3240073
File /Library/Frameworks/Python.framework/Versions/3.12/lib/python3.12/lib-dynload/_posixsubprocess.cpython-312-darwin.so first seen with mtime 1717710657.0
File /Library/Frameworks/Python.framework/Versions/3.12/lib/python3.12/lib-dynload/_posixsubprocess.cpython-312-darwin.so first seen with mtime 1717710657.0
File /Users/cc/Documents/CC_Self/CCHome/PAV/venv/lib/python3.12/site-packages/django/views/__init__.py first seen with mtime 1729230685.795591
File /Users/cc/Documents/CC_Self/CCHome/PAV/venv/lib/python3.12/site-packages/django/views/__init__.py first seen with mtime 1729230685.795591
File /Users/cc/Documents/CC_Self/CCHome/PAV/venv/lib/python3.12/site-packages/django/views/i18n.py first seen with mtime 1729230685.7960138
File /Users/cc/Documents/CC_Self/CCHome/PAV/venv/lib/python3.12/site-packages/django/views/i18n.py first seen with mtime 1729230685.7960138
File /Library/Frameworks/Python.framework/Versions/3.12/lib/python3.12/secrets.py first seen with mtime 1717710263.0
File /Library/Frameworks/Python.framework/Versions/3.12/lib/python3.12/secrets.py first seen with mtime 1717710263.0
File /Users/cc/Documents/CC_Self/CCHome/PAV/venv/lib/python3.12/site-packages/django/utils/asyncio.py first seen with mtime 1729230685.7911625
File /Users/cc/Documents/CC_Self/CCHome/PAV/venv/lib/python3.12/site-packages/django/utils/asyncio.py first seen with mtime 1729230685.7911625
File /Library/Frameworks/Python.framework/Versions/3.12/lib/python3.12/typing.py first seen with mtime 1717710263.0
File /Library/Frameworks/Python.framework/Versions/3.12/lib/python3.12/typing.py first seen with mtime 1717710263.0
File /Library/Frameworks/Python.framework/Versions/3.12/lib/python3.12/asyncio/exceptions.py first seen with mtime 1717710263.0
File /Library/Frameworks/Python.framework/Versions/3.12/lib/python3.12/asyncio/exceptions.py first seen with mtime 1717710263.0
File /Users/cc/Documents/CC_Self/CCHome/PAV/venv/lib/python3.12/site-packages/cryptography/__init__.py first seen with mtime 1729230686.469576
File /Users/cc/Documents/CC_Self/CCHome/PAV/venv/lib/python3.12/site-packages/cryptography/__init__.py first seen with mtime 1729230686.469576
File /Library/Frameworks/Python.framework/Versions/3.12/lib/python3.12/email/feedparser.py first seen with mtime 1717710264.0
File /Library/Frameworks/Python.framework/Versions/3.12/lib/python3.12/email/feedparser.py first seen with mtime 1717710264.0
File /Users/cc/Documents/CC_Self/CCHome/PAV/show/apps.py first seen with mtime 1725105618.244076
File /Users/cc/Documents/CC_Self/CCHome/PAV/show/apps.py first seen with mtime 1725105618.244076
File /Library/Frameworks/Python.framework/Versions/3.12/lib/python3.12/email/mime/nonmultipart.py first seen with mtime 1717710264.0
File /Library/Frameworks/Python.framework/Versions/3.12/lib/python3.12/email/mime/nonmultipart.py first seen with mtime 1717710264.0
File /Library/Frameworks/Python.framework/Versions/3.12/lib/python3.12/lib-dynload/_socket.cpython-312-darwin.so first seen with mtime 1717710658.0
File /Library/Frameworks/Python.framework/Versions/3.12/lib/python3.12/lib-dynload/_socket.cpython-312-darwin.so first seen with mtime 1717710658.0
File /Users/cc/Documents/CC_Self/CCHome/PAV/venv/lib/python3.12/site-packages/django/utils/datastructures.py first seen with mtime 1729230685.7917209
File /Users/cc/Documents/CC_Self/CCHome/PAV/venv/lib/python3.12/site-packages/django/utils/datastructures.py first seen with mtime 1729230685.7917209
File /Library/Frameworks/Python.framework/Versions/3.12/lib/python3.12/queue.py first seen with mtime 1717710263.0
File /Library/Frameworks/Python.framework/Versions/3.12/lib/python3.12/queue.py first seen with mtime 1717710263.0
File /Users/cc/Documents/CC_Self/CCHome/PAV/venv/lib/python3.12/site-packages/django/db/models/constants.py first seen with mtime 1729230685.7711182
File /Users/cc/Documents/CC_Self/CCHome/PAV/venv/lib/python3.12/site-packages/django/db/models/constants.py first seen with mtime 1729230685.7711182
File /Library/Frameworks/Python.framework/Versions/3.12/lib/python3.12/asyncio/mixins.py first seen with mtime 1717710263.0
File /Library/Frameworks/Python.framework/Versions/3.12/lib/python3.12/asyncio/mixins.py first seen with mtime 1717710263.0
File /Users/cc/Documents/CC_Self/CCHome/PAV/venv/lib/python3.12/site-packages/cryptography/hazmat/primitives/_asymmetric.py first seen with mtime 1729230686.4638717
File /Users/cc/Documents/CC_Self/CCHome/PAV/venv/lib/python3.12/site-packages/cryptography/hazmat/primitives/_asymmetric.py first seen with mtime 1729230686.4638717
File /Users/cc/Documents/CC_Self/CCHome/PAV/venv/lib/python3.12/site-packages/django/middleware/http.py first seen with mtime 1729230685.7860124
File /Users/cc/Documents/CC_Self/CCHome/PAV/venv/lib/python3.12/site-packages/django/middleware/http.py first seen with mtime 1729230685.7860124
File /Users/cc/Documents/CC_Self/CCHome/PAV/venv/lib/python3.12/site-packages/cryptography/hazmat/decrepit/ciphers/__init__.py first seen with mtime 1729230686.4614594
File /Users/cc/Documents/CC_Self/CCHome/PAV/venv/lib/python3.12/site-packages/cryptography/hazmat/decrepit/ciphers/__init__.py first seen with mtime 1729230686.4614594
File /Users/cc/Documents/CC_Self/CCHome/PAV/venv/lib/python3.12/site-packages/django/conf/locale/__init__.py first seen with mtime 1729230685.325286
File /Users/cc/Documents/CC_Self/CCHome/PAV/venv/lib/python3.12/site-packages/django/conf/locale/__init__.py first seen with mtime 1729230685.325286
File /Users/cc/Documents/CC_Self/CCHome/PAV/venv/lib/python3.12/site-packages/django/template/loaders/cached.py first seen with mtime 1729230685.7886193
File /Users/cc/Documents/CC_Self/CCHome/PAV/venv/lib/python3.12/site-packages/django/template/loaders/cached.py first seen with mtime 1729230685.7886193
File /Library/Frameworks/Python.framework/Versions/3.12/lib/python3.12/fnmatch.py first seen with mtime 1717710263.0
File /Library/Frameworks/Python.framework/Versions/3.12/lib/python3.12/fnmatch.py first seen with mtime 1717710263.0
File /Library/Frameworks/Python.framework/Versions/3.12/lib/python3.12/json/encoder.py first seen with mtime 1717710265.0
File /Library/Frameworks/Python.framework/Versions/3.12/lib/python3.12/json/encoder.py first seen with mtime 1717710265.0
File /Library/Frameworks/Python.framework/Versions/3.12/lib/python3.12/lib-dynload/_uuid.cpython-312-darwin.so first seen with mtime 1717710660.0
File /Library/Frameworks/Python.framework/Versions/3.12/lib/python3.12/lib-dynload/_uuid.cpython-312-darwin.so first seen with mtime 1717710660.0
File /Users/cc/Documents/CC_Self/CCHome/PAV/venv/lib/python3.12/site-packages/PIL/ImageMode.py first seen with mtime 1729230684.284323
File /Users/cc/Documents/CC_Self/CCHome/PAV/venv/lib/python3.12/site-packages/PIL/ImageMode.py first seen with mtime 1729230684.284323
File /Users/cc/Documents/CC_Self/CCHome/PAV/venv/lib/python3.12/site-packages/django/urls/conf.py first seen with mtime 1729230685.79051
File /Users/cc/Documents/CC_Self/CCHome/PAV/venv/lib/python3.12/site-packages/django/urls/conf.py first seen with mtime 1729230685.79051
File /Users/cc/Documents/CC_Self/CCHome/PAV/f_proc/__init__.py first seen with mtime 1722835605.338284
File /Users/cc/Documents/CC_Self/CCHome/PAV/f_proc/__init__.py first seen with mtime 1722835605.338284
File /Users/cc/Documents/CC_Self/CCHome/PAV/venv/lib/python3.12/site-packages/django/views/decorators/csrf.py first seen with mtime 1729230685.7965736
File /Users/cc/Documents/CC_Self/CCHome/PAV/venv/lib/python3.12/site-packages/django/views/decorators/csrf.py first seen with mtime 1729230685.7965736
File /Library/Frameworks/Python.framework/Versions/3.12/lib/python3.12/difflib.py first seen with mtime 1717710263.0
File /Library/Frameworks/Python.framework/Versions/3.12/lib/python3.12/difflib.py first seen with mtime 1717710263.0
File /Users/cc/Documents/CC_Self/CCHome/PAV/venv/lib/python3.12/site-packages/django/db/migrations/operations/base.py first seen with mtime 1729230685.770353
File /Users/cc/Documents/CC_Self/CCHome/PAV/venv/lib/python3.12/site-packages/django/db/migrations/operations/base.py first seen with mtime 1729230685.770353
File /Users/cc/Documents/CC_Self/CCHome/PAV/venv/lib/python3.12/site-packages/django/core/files/temp.py first seen with mtime 1729230685.7558246
File /Users/cc/Documents/CC_Self/CCHome/PAV/venv/lib/python3.12/site-packages/django/core/files/temp.py first seen with mtime 1729230685.7558246
File /Users/cc/Documents/CC_Self/CCHome/PAV/venv/lib/python3.12/site-packages/django/core/checks/model_checks.py first seen with mtime 1729230685.7544498
File /Users/cc/Documents/CC_Self/CCHome/PAV/venv/lib/python3.12/site-packages/django/core/checks/model_checks.py first seen with mtime 1729230685.7544498
File /Users/cc/Documents/CC_Self/CCHome/PAV/venv/lib/python3.12/site-packages/django/db/models/fields/generated.py first seen with mtime 1729230685.7727215
File /Users/cc/Documents/CC_Self/CCHome/PAV/venv/lib/python3.12/site-packages/django/db/models/fields/generated.py first seen with mtime 1729230685.7727215
File /Users/cc/Documents/CC_Self/CCHome/PAV/venv/lib/python3.12/site-packages/django/core/checks/templates.py first seen with mtime 1729230685.7546039
File /Users/cc/Documents/CC_Self/CCHome/PAV/venv/lib/python3.12/site-packages/django/core/checks/templates.py first seen with mtime 1729230685.7546039
File /Users/cc/Documents/CC_Self/CCHome/PAV/venv/lib/python3.12/site-packages/django/db/backends/signals.py first seen with mtime 1729230685.7630625
File /Users/cc/Documents/CC_Self/CCHome/PAV/venv/lib/python3.12/site-packages/django/db/backends/signals.py first seen with mtime 1729230685.7630625
File /Library/Frameworks/Python.framework/Versions/3.12/lib/python3.12/copyreg.py first seen with mtime 1717710263.0
File /Library/Frameworks/Python.framework/Versions/3.12/lib/python3.12/copyreg.py first seen with mtime 1717710263.0
File /Users/cc/Documents/CC_Self/CCHome/PAV/venv/lib/python3.12/site-packages/django/utils/inspect.py first seen with mtime 1729230685.7933295
File /Users/cc/Documents/CC_Self/CCHome/PAV/venv/lib/python3.12/site-packages/django/utils/inspect.py first seen with mtime 1729230685.7933295
File /Users/cc/Documents/CC_Self/CCHome/PAV/venv/lib/python3.12/site-packages/django/db/models/fields/reverse_related.py first seen with mtime 1729230685.773473
File /Users/cc/Documents/CC_Self/CCHome/PAV/venv/lib/python3.12/site-packages/django/db/models/fields/reverse_related.py first seen with mtime 1729230685.773473
File /Library/Frameworks/Python.framework/Versions/3.12/lib/python3.12/platform.py first seen with mtime 1717710263.0
File /Library/Frameworks/Python.framework/Versions/3.12/lib/python3.12/platform.py first seen with mtime 1717710263.0
File /Users/cc/Documents/CC_Self/CCHome/PAV/venv/lib/python3.12/site-packages/django/db/migrations/__init__.py first seen with mtime 1729230685.7687078
File /Users/cc/Documents/CC_Self/CCHome/PAV/venv/lib/python3.12/site-packages/django/db/migrations/__init__.py first seen with mtime 1729230685.7687078
File /Library/Frameworks/Python.framework/Versions/3.12/lib/python3.12/urllib/request.py first seen with mtime 1717710265.0
File /Library/Frameworks/Python.framework/Versions/3.12/lib/python3.12/urllib/request.py first seen with mtime 1717710265.0
File /Users/cc/Documents/CC_Self/CCHome/PAV/show/models.py first seen with mtime 1725105618.2443328
File /Users/cc/Documents/CC_Self/CCHome/PAV/show/models.py first seen with mtime 1725105618.2443328
File /Users/cc/Documents/CC_Self/CCHome/PAV/venv/lib/python3.12/site-packages/pymysql/constants/FIELD_TYPE.py first seen with mtime 1729230683.373843
File /Users/cc/Documents/CC_Self/CCHome/PAV/venv/lib/python3.12/site-packages/pymysql/constants/FIELD_TYPE.py first seen with mtime 1729230683.373843
File /Users/cc/Documents/CC_Self/CCHome/PAV/venv/lib/python3.12/site-packages/PIL/_version.py first seen with mtime 1729230684.2875144
File /Users/cc/Documents/CC_Self/CCHome/PAV/venv/lib/python3.12/site-packages/PIL/_version.py first seen with mtime 1729230684.2875144
File /Users/cc/Documents/CC_Self/CCHome/PAV/venv/lib/python3.12/site-packages/django/template/loaders/__init__.py first seen with mtime 1729230685.7883925
File /Users/cc/Documents/CC_Self/CCHome/PAV/venv/lib/python3.12/site-packages/django/template/loaders/__init__.py first seen with mtime 1729230685.7883925
File /Users/cc/Documents/CC_Self/CCHome/PAV/f_proc/models.py first seen with mtime 1730100994.5200553
File /Users/cc/Documents/CC_Self/CCHome/PAV/f_proc/models.py first seen with mtime 1730100994.5200553
File /Users/cc/Documents/CC_Self/CCHome/PAV/venv/lib/python3.12/site-packages/django/core/cache/backends/locmem.py first seen with mtime 1729230685.753527
File /Users/cc/Documents/CC_Self/CCHome/PAV/venv/lib/python3.12/site-packages/django/core/cache/backends/locmem.py first seen with mtime 1729230685.753527
File /Users/cc/Documents/CC_Self/CCHome/PAV/venv/lib/python3.12/site-packages/django/dispatch/__init__.py first seen with mtime 1729230685.7753737
File /Users/cc/Documents/CC_Self/CCHome/PAV/venv/lib/python3.12/site-packages/django/dispatch/__init__.py first seen with mtime 1729230685.7753737
File /Users/cc/Documents/CC_Self/CCHome/PAV/venv/lib/python3.12/site-packages/django/views/generic/base.py first seen with mtime 1729230685.7972302
File /Users/cc/Documents/CC_Self/CCHome/PAV/venv/lib/python3.12/site-packages/django/views/generic/base.py first seen with mtime 1729230685.7972302
File /Users/cc/Documents/CC_Self/CCHome/PAV/venv/lib/python3.12/site-packages/django/templatetags/l10n.py first seen with mtime 1729230685.789088
File /Users/cc/Documents/CC_Self/CCHome/PAV/venv/lib/python3.12/site-packages/django/templatetags/l10n.py first seen with mtime 1729230685.789088
File /Users/cc/Documents/CC_Self/CCHome/PAV/venv/lib/python3.12/site-packages/django/core/checks/compatibility/django_4_0.py first seen with mtime 1729230685.7549188
File /Users/cc/Documents/CC_Self/CCHome/PAV/venv/lib/python3.12/site-packages/django/core/checks/compatibility/django_4_0.py first seen with mtime 1729230685.7549188
File /Users/cc/Documents/CC_Self/CCHome/PAV/venv/lib/python3.12/site-packages/django/utils/encoding.py first seen with mtime 1729230685.7924871
File /Users/cc/Documents/CC_Self/CCHome/PAV/venv/lib/python3.12/site-packages/django/utils/encoding.py first seen with mtime 1729230685.7924871
File /Users/cc/Documents/CC_Self/CCHome/PAV/venv/lib/python3.12/site-packages/pymysql/charset.py first seen with mtime 1729230683.3725646
File /Users/cc/Documents/CC_Self/CCHome/PAV/venv/lib/python3.12/site-packages/pymysql/charset.py first seen with mtime 1729230683.3725646
File /Users/cc/Documents/CC_Self/CCHome/PAV/venv/lib/python3.12/site-packages/cffi/lock.py first seen with mtime 1729230686.3760674
File /Users/cc/Documents/CC_Self/CCHome/PAV/venv/lib/python3.12/site-packages/cffi/lock.py first seen with mtime 1729230686.3760674
File /Users/cc/Documents/CC_Self/CCHome/PAV/venv/lib/python3.12/site-packages/django/template/__init__.py first seen with mtime 1729230685.7863247
File /Users/cc/Documents/CC_Self/CCHome/PAV/venv/lib/python3.12/site-packages/django/template/__init__.py first seen with mtime 1729230685.7863247
File /Library/Frameworks/Python.framework/Versions/3.12/lib/python3.12/zoneinfo/_tzpath.py first seen with mtime 1717710265.0
File /Library/Frameworks/Python.framework/Versions/3.12/lib/python3.12/zoneinfo/_tzpath.py first seen with mtime 1717710265.0
File /Users/cc/Documents/CC_Self/CCHome/PAV/venv/lib/python3.12/site-packages/django/contrib/contenttypes/models.py first seen with mtime 1729230685.5344822
File /Users/cc/Documents/CC_Self/CCHome/PAV/venv/lib/python3.12/site-packages/django/contrib/contenttypes/models.py first seen with mtime 1729230685.5344822
File /Library/Frameworks/Python.framework/Versions/3.12/lib/python3.12/asyncio/base_futures.py first seen with mtime 1717710263.0
File /Library/Frameworks/Python.framework/Versions/3.12/lib/python3.12/asyncio/base_futures.py first seen with mtime 1717710263.0
File /Library/Frameworks/Python.framework/Versions/3.12/lib/python3.12/asyncio/constants.py first seen with mtime 1717710263.0
File /Library/Frameworks/Python.framework/Versions/3.12/lib/python3.12/asyncio/constants.py first seen with mtime 1717710263.0
File /Library/Frameworks/Python.framework/Versions/3.12/lib/python3.12/logging/handlers.py first seen with mtime 1717710265.0
File /Library/Frameworks/Python.framework/Versions/3.12/lib/python3.12/logging/handlers.py first seen with mtime 1717710265.0
File /Library/Frameworks/Python.framework/Versions/3.12/lib/python3.12/token.py first seen with mtime 1717710263.0
File /Library/Frameworks/Python.framework/Versions/3.12/lib/python3.12/token.py first seen with mtime 1717710263.0
File /Users/cc/Documents/CC_Self/CCHome/PAV/venv/lib/python3.12/site-packages/cryptography/hazmat/primitives/ciphers/modes.py first seen with mtime 1729230686.464495
File /Users/cc/Documents/CC_Self/CCHome/PAV/venv/lib/python3.12/site-packages/cryptography/hazmat/primitives/ciphers/modes.py first seen with mtime 1729230686.464495
File /Users/cc/Documents/CC_Self/CCHome/PAV/venv/lib/python3.12/site-packages/django/db/models/sql/constants.py first seen with mtime 1729230685.7746434
File /Users/cc/Documents/CC_Self/CCHome/PAV/venv/lib/python3.12/site-packages/django/db/models/sql/constants.py first seen with mtime 1729230685.7746434
File /Library/Frameworks/Python.framework/Versions/3.12/lib/python3.12/base64.py first seen with mtime 1717710263.0
File /Library/Frameworks/Python.framework/Versions/3.12/lib/python3.12/base64.py first seen with mtime 1717710263.0
File /Users/cc/Documents/CC_Self/CCHome/PAV/f_proc/apps.py first seen with mtime 1722835605.339132
File /Users/cc/Documents/CC_Self/CCHome/PAV/f_proc/apps.py first seen with mtime 1722835605.339132
File /Users/cc/Documents/CC_Self/CCHome/PAV/venv/lib/python3.12/site-packages/django/db/backends/base/features.py first seen with mtime 1729230685.7637656
File /Users/cc/Documents/CC_Self/CCHome/PAV/venv/lib/python3.12/site-packages/django/db/backends/base/features.py first seen with mtime 1729230685.7637656
File /Users/cc/Documents/CC_Self/CCHome/PAV/manage.py first seen with mtime 1722835473.1492891
File /Users/cc/Documents/CC_Self/CCHome/PAV/manage.py first seen with mtime 1722835473.1492891
File /Users/cc/Documents/CC_Self/CCHome/PAV/venv/lib/python3.12/site-packages/django/contrib/contenttypes/management/__init__.py first seen with mtime 1729230685.5585651
File /Users/cc/Documents/CC_Self/CCHome/PAV/venv/lib/python3.12/site-packages/django/contrib/contenttypes/management/__init__.py first seen with mtime 1729230685.5585651
File /Users/cc/Documents/CC_Self/CCHome/PAV/venv/lib/python3.12/site-packages/django/template/response.py first seen with mtime 1729230685.7876508
File /Users/cc/Documents/CC_Self/CCHome/PAV/venv/lib/python3.12/site-packages/django/template/response.py first seen with mtime 1729230685.7876508
File /Users/cc/Documents/CC_Self/CCHome/PAV/venv/lib/python3.12/site-packages/django/contrib/contenttypes/admin.py first seen with mtime 1729230685.5340116
File /Users/cc/Documents/CC_Self/CCHome/PAV/venv/lib/python3.12/site-packages/django/contrib/contenttypes/admin.py first seen with mtime 1729230685.5340116
File /Users/cc/Documents/CC_Self/CCHome/PAV/venv/lib/python3.12/site-packages/sqlparse/filters/__init__.py first seen with mtime 1729230683.2977643
File /Users/cc/Documents/CC_Self/CCHome/PAV/venv/lib/python3.12/site-packages/sqlparse/filters/__init__.py first seen with mtime 1729230683.2977643
File /Users/cc/Documents/CC_Self/CCHome/PAV/venv/lib/python3.12/site-packages/django/db/__init__.py first seen with mtime 1729230685.7625554
File /Users/cc/Documents/CC_Self/CCHome/PAV/venv/lib/python3.12/site-packages/django/db/__init__.py first seen with mtime 1729230685.7625554
File /Users/cc/Documents/CC_Self/CCHome/PAV/venv/lib/python3.12/site-packages/django/contrib/sessions/apps.py first seen with mtime 1729230685.6990066
File /Users/cc/Documents/CC_Self/CCHome/PAV/venv/lib/python3.12/site-packages/django/contrib/sessions/apps.py first seen with mtime 1729230685.6990066
File /Users/cc/Documents/CC_Self/CCHome/PAV/venv/lib/python3.12/site-packages/django/utils/connection.py first seen with mtime 1729230685.7915368
File /Users/cc/Documents/CC_Self/CCHome/PAV/venv/lib/python3.12/site-packages/django/utils/connection.py first seen with mtime 1729230685.7915368
File /Users/cc/Documents/CC_Self/CCHome/PAV/venv/lib/python3.12/site-packages/django/utils/hashable.py first seen with mtime 1729230685.7929583
File /Users/cc/Documents/CC_Self/CCHome/PAV/venv/lib/python3.12/site-packages/django/utils/hashable.py first seen with mtime 1729230685.7929583
File /Library/Frameworks/Python.framework/Versions/3.12/lib/python3.12/configparser.py first seen with mtime 1717710263.0
File /Library/Frameworks/Python.framework/Versions/3.12/lib/python3.12/configparser.py first seen with mtime 1717710263.0
File /Users/cc/Documents/CC_Self/CCHome/PAV/venv/lib/python3.12/site-packages/django/core/handlers/base.py first seen with mtime 1729230685.7572129
File /Users/cc/Documents/CC_Self/CCHome/PAV/venv/lib/python3.12/site-packages/django/core/handlers/base.py first seen with mtime 1729230685.7572129
File /Users/cc/Documents/CC_Self/CCHome/PAV/venv/lib/python3.12/site-packages/django/core/mail/message.py first seen with mtime 1729230685.7576885
File /Users/cc/Documents/CC_Self/CCHome/PAV/venv/lib/python3.12/site-packages/django/core/mail/message.py first seen with mtime 1729230685.7576885
File /Library/Frameworks/Python.framework/Versions/3.12/lib/python3.12/asyncio/locks.py first seen with mtime 1717710263.0
File /Library/Frameworks/Python.framework/Versions/3.12/lib/python3.12/asyncio/locks.py first seen with mtime 1717710263.0
File /Library/Frameworks/Python.framework/Versions/3.12/lib/python3.12/lib-dynload/_contextvars.cpython-312-darwin.so first seen with mtime 1717710653.0
File /Library/Frameworks/Python.framework/Versions/3.12/lib/python3.12/lib-dynload/_contextvars.cpython-312-darwin.so first seen with mtime 1717710653.0
File /Users/cc/Documents/CC_Self/CCHome/PAV/venv/lib/python3.12/site-packages/cryptography/hazmat/bindings/_rust.abi3.so first seen with mtime 1729230686.495461
File /Users/cc/Documents/CC_Self/CCHome/PAV/venv/lib/python3.12/site-packages/cryptography/hazmat/bindings/_rust.abi3.so first seen with mtime 1729230686.495461
File /Library/Frameworks/Python.framework/Versions/3.12/lib/python3.12/email/_policybase.py first seen with mtime 1717710264.0
File /Library/Frameworks/Python.framework/Versions/3.12/lib/python3.12/email/_policybase.py first seen with mtime 1717710264.0
File /Users/cc/Documents/CC_Self/CCHome/PAV/venv/lib/python3.12/site-packages/django/contrib/auth/__init__.py first seen with mtime 1729230685.4688897
File /Users/cc/Documents/CC_Self/CCHome/PAV/venv/lib/python3.12/site-packages/django/contrib/auth/__init__.py first seen with mtime 1729230685.4688897
File /Users/cc/Documents/CC_Self/CCHome/PAV/venv/lib/python3.12/site-packages/django/urls/converters.py first seen with mtime 1729230685.7905824
File /Users/cc/Documents/CC_Self/CCHome/PAV/venv/lib/python3.12/site-packages/django/urls/converters.py first seen with mtime 1729230685.7905824
File /Users/cc/Documents/CC_Self/CCHome/PAV/venv/lib/python3.12/site-packages/django/core/management/commands/runserver.py first seen with mtime 1729230685.760706
File /Users/cc/Documents/CC_Self/CCHome/PAV/venv/lib/python3.12/site-packages/django/core/management/commands/runserver.py first seen with mtime 1729230685.760706
File /Users/cc/Documents/CC_Self/CCHome/PAV/venv/lib/python3.12/site-packages/django/views/generic/list.py first seen with mtime 1729230685.7976687
File /Users/cc/Documents/CC_Self/CCHome/PAV/venv/lib/python3.12/site-packages/django/views/generic/list.py first seen with mtime 1729230685.7976687
File /Users/cc/Documents/CC_Self/CCHome/PAV/venv/lib/python3.12/site-packages/django/middleware/__init__.py first seen with mtime 1729230685.7853787
File /Users/cc/Documents/CC_Self/CCHome/PAV/venv/lib/python3.12/site-packages/django/middleware/__init__.py first seen with mtime 1729230685.7853787
File /Library/Frameworks/Python.framework/Versions/3.12/lib/python3.12/collections/__init__.py first seen with mtime 1717710264.0
File /Library/Frameworks/Python.framework/Versions/3.12/lib/python3.12/collections/__init__.py first seen with mtime 1717710264.0
File /Users/cc/Documents/CC_Self/CCHome/PAV/venv/lib/python3.12/site-packages/django/db/migrations/operations/fields.py first seen with mtime 1729230685.7704844
File /Users/cc/Documents/CC_Self/CCHome/PAV/venv/lib/python3.12/site-packages/django/db/migrations/operations/fields.py first seen with mtime 1729230685.7704844
File /Users/cc/Documents/CC_Self/CCHome/PAV/venv/lib/python3.12/site-packages/django/contrib/admin/templatetags/admin_list.py first seen with mtime 1729230685.4393642
File /Users/cc/Documents/CC_Self/CCHome/PAV/venv/lib/python3.12/site-packages/django/contrib/admin/templatetags/admin_list.py first seen with mtime 1729230685.4393642
File /Users/cc/Documents/CC_Self/CCHome/PAV/venv/lib/python3.12/site-packages/django/utils/regex_helper.py first seen with mtime 1729230685.7941241
File /Users/cc/Documents/CC_Self/CCHome/PAV/venv/lib/python3.12/site-packages/django/utils/regex_helper.py first seen with mtime 1729230685.7941241
File /Library/Frameworks/Python.framework/Versions/3.12/lib/python3.12/lib-dynload/_asyncio.cpython-312-darwin.so first seen with mtime 1717710651.0
File /Library/Frameworks/Python.framework/Versions/3.12/lib/python3.12/lib-dynload/_asyncio.cpython-312-darwin.so first seen with mtime 1717710651.0
File /Library/Frameworks/Python.framework/Versions/3.12/lib/python3.12/zoneinfo/_common.py first seen with mtime 1717710265.0
File /Library/Frameworks/Python.framework/Versions/3.12/lib/python3.12/zoneinfo/_common.py first seen with mtime 1717710265.0
File /Users/cc/Documents/CC_Self/CCHome/PAV/venv/lib/python3.12/site-packages/django/db/models/constraints.py first seen with mtime 1729230685.771203
File /Users/cc/Documents/CC_Self/CCHome/PAV/venv/lib/python3.12/site-packages/django/db/models/constraints.py first seen with mtime 1729230685.771203
File /Users/cc/Documents/CC_Self/CCHome/PAV/venv/lib/python3.12/site-packages/django/utils/termcolors.py first seen with mtime 1729230685.7943
File /Users/cc/Documents/CC_Self/CCHome/PAV/venv/lib/python3.12/site-packages/django/utils/termcolors.py first seen with mtime 1729230685.7943
File /Users/cc/Documents/CC_Self/CCHome/PAV/venv/lib/python3.12/site-packages/django/db/models/functions/text.py first seen with mtime 1729230685.7741458
File /Users/cc/Documents/CC_Self/CCHome/PAV/venv/lib/python3.12/site-packages/django/db/models/functions/text.py first seen with mtime 1729230685.7741458
File /Library/Frameworks/Python.framework/Versions/3.12/lib/python3.12/mimetypes.py first seen with mtime 1717710263.0
File /Library/Frameworks/Python.framework/Versions/3.12/lib/python3.12/mimetypes.py first seen with mtime 1717710263.0
File /Users/cc/Documents/CC_Self/CCHome/PAV/venv/lib/python3.12/site-packages/sqlparse/__init__.py first seen with mtime 1729230683.2964613
File /Users/cc/Documents/CC_Self/CCHome/PAV/venv/lib/python3.12/site-packages/sqlparse/__init__.py first seen with mtime 1729230683.2964613
File /Users/cc/Documents/CC_Self/CCHome/PAV/venv/lib/python3.12/site-packages/django/template/context.py first seen with mtime 1729230685.7866704
File /Users/cc/Documents/CC_Self/CCHome/PAV/venv/lib/python3.12/site-packages/django/template/context.py first seen with mtime 1729230685.7866704
File /Users/cc/Documents/CC_Self/CCHome/PAV/venv/lib/python3.12/site-packages/django/template/base.py first seen with mtime 1729230685.7865548
File /Users/cc/Documents/CC_Self/CCHome/PAV/venv/lib/python3.12/site-packages/django/template/base.py first seen with mtime 1729230685.7865548
File /Library/Frameworks/Python.framework/Versions/3.12/lib/python3.12/dis.py first seen with mtime 1717710263.0
File /Library/Frameworks/Python.framework/Versions/3.12/lib/python3.12/dis.py first seen with mtime 1717710263.0
File /Users/cc/Documents/CC_Self/CCHome/PAV/venv/lib/python3.12/site-packages/django/core/signals.py first seen with mtime 1729230685.7523363
File /Users/cc/Documents/CC_Self/CCHome/PAV/venv/lib/python3.12/site-packages/django/core/signals.py first seen with mtime 1729230685.7523363
File /Users/cc/Documents/CC_Self/CCHome/PAV/venv/lib/python3.12/site-packages/django/contrib/admin/decorators.py first seen with mtime 1729230685.3697402
File /Users/cc/Documents/CC_Self/CCHome/PAV/venv/lib/python3.12/site-packages/django/contrib/admin/decorators.py first seen with mtime 1729230685.3697402
File /Library/Frameworks/Python.framework/Versions/3.12/lib/python3.12/lib-dynload/_datetime.cpython-312-darwin.so first seen with mtime 1717710655.0
File /Library/Frameworks/Python.framework/Versions/3.12/lib/python3.12/lib-dynload/_datetime.cpython-312-darwin.so first seen with mtime 1717710655.0
File /Users/cc/Documents/CC_Self/CCHome/PAV/venv/lib/python3.12/site-packages/sqlparse/engine/filter_stack.py first seen with mtime 1729230683.2974265
File /Users/cc/Documents/CC_Self/CCHome/PAV/venv/lib/python3.12/site-packages/sqlparse/engine/filter_stack.py first seen with mtime 1729230683.2974265
File /Users/cc/Documents/CC_Self/CCHome/PAV/venv/lib/python3.12/site-packages/pymysql/cursors.py first seen with mtime 1729230683.3729072
File /Users/cc/Documents/CC_Self/CCHome/PAV/venv/lib/python3.12/site-packages/pymysql/cursors.py first seen with mtime 1729230683.3729072
File /Library/Frameworks/Python.framework/Versions/3.12/lib/python3.12/json/__init__.py first seen with mtime 1717710265.0
File /Library/Frameworks/Python.framework/Versions/3.12/lib/python3.12/json/__init__.py first seen with mtime 1717710265.0
File /Users/cc/Documents/CC_Self/CCHome/PAV/venv/lib/python3.12/site-packages/django/utils/crypto.py first seen with mtime 1729230685.7916155
File /Users/cc/Documents/CC_Self/CCHome/PAV/venv/lib/python3.12/site-packages/django/utils/crypto.py first seen with mtime 1729230685.7916155
File /Library/Frameworks/Python.framework/Versions/3.12/lib/python3.12/lib-dynload/_blake2.cpython-312-darwin.so first seen with mtime 1717710652.0
File /Library/Frameworks/Python.framework/Versions/3.12/lib/python3.12/lib-dynload/_blake2.cpython-312-darwin.so first seen with mtime 1717710652.0
File /Users/cc/Documents/CC_Self/CCHome/PAV/venv/lib/python3.12/site-packages/django/contrib/auth/tokens.py first seen with mtime 1729230685.4707828
File /Users/cc/Documents/CC_Self/CCHome/PAV/venv/lib/python3.12/site-packages/django/contrib/auth/tokens.py first seen with mtime 1729230685.4707828
File /Users/cc/Documents/CC_Self/CCHome/PAV/venv/lib/python3.12/site-packages/django/core/mail/utils.py first seen with mtime 1729230685.7577615
File /Users/cc/Documents/CC_Self/CCHome/PAV/venv/lib/python3.12/site-packages/django/core/mail/utils.py first seen with mtime 1729230685.7577615
File /Users/cc/Documents/CC_Self/CCHome/PAV/venv/lib/python3.12/site-packages/django/utils/deconstruct.py first seen with mtime 1729230685.7920594
File /Users/cc/Documents/CC_Self/CCHome/PAV/venv/lib/python3.12/site-packages/django/utils/deconstruct.py first seen with mtime 1729230685.7920594
File /Users/cc/Documents/CC_Self/CCHome/PAV/venv/lib/python3.12/site-packages/pymysql/constants/CLIENT.py first seen with mtime 1729230683.373432
File /Users/cc/Documents/CC_Self/CCHome/PAV/venv/lib/python3.12/site-packages/pymysql/constants/CLIENT.py first seen with mtime 1729230683.373432
File /Users/cc/Documents/CC_Self/CCHome/PAV/PAV/__init__.py first seen with mtime 1722845684.3984337
File /Users/cc/Documents/CC_Self/CCHome/PAV/PAV/__init__.py first seen with mtime 1722845684.3984337
File /Users/cc/Documents/CC_Self/CCHome/PAV/venv/lib/python3.12/site-packages/pymysql/constants/ER.py first seen with mtime 1729230683.373757
File /Users/cc/Documents/CC_Self/CCHome/PAV/venv/lib/python3.12/site-packages/pymysql/constants/ER.py first seen with mtime 1729230683.373757
File /Users/cc/Documents/CC_Self/CCHome/PAV/venv/lib/python3.12/site-packages/sqlparse/tokens.py first seen with mtime 1729230683.2971756
File /Users/cc/Documents/CC_Self/CCHome/PAV/venv/lib/python3.12/site-packages/sqlparse/tokens.py first seen with mtime 1729230683.2971756
File /Users/cc/Documents/CC_Self/CCHome/PAV/venv/lib/python3.12/site-packages/django/utils/itercompat.py first seen with mtime 1729230685.7934828
File /Users/cc/Documents/CC_Self/CCHome/PAV/venv/lib/python3.12/site-packages/django/utils/itercompat.py first seen with mtime 1729230685.7934828
File /Users/cc/Documents/CC_Self/CCHome/PAV/venv/lib/python3.12/site-packages/pymysql/__init__.py first seen with mtime 1729230683.3723307
File /Users/cc/Documents/CC_Self/CCHome/PAV/venv/lib/python3.12/site-packages/pymysql/__init__.py first seen with mtime 1729230683.3723307
File /Users/cc/Documents/CC_Self/CCHome/PAV/venv/lib/python3.12/site-packages/django/db/backends/mysql/introspection.py first seen with mtime 1729230685.7654088
File /Users/cc/Documents/CC_Self/CCHome/PAV/venv/lib/python3.12/site-packages/django/db/backends/mysql/introspection.py first seen with mtime 1729230685.7654088
File /Library/Frameworks/Python.framework/Versions/3.12/lib/python3.12/sysconfig.py first seen with mtime 1717710263.0
File /Library/Frameworks/Python.framework/Versions/3.12/lib/python3.12/sysconfig.py first seen with mtime 1717710263.0
File /Users/cc/Documents/CC_Self/CCHome/PAV/venv/lib/python3.12/site-packages/cryptography/__about__.py first seen with mtime 1729230686.4709609
File /Users/cc/Documents/CC_Self/CCHome/PAV/venv/lib/python3.12/site-packages/cryptography/__about__.py first seen with mtime 1729230686.4709609
File /Users/cc/Documents/CC_Self/CCHome/PAV/venv/lib/python3.12/site-packages/django/db/utils.py first seen with mtime 1729230685.7628176
File /Users/cc/Documents/CC_Self/CCHome/PAV/venv/lib/python3.12/site-packages/django/db/utils.py first seen with mtime 1729230685.7628176
File /Library/Frameworks/Python.framework/Versions/3.12/lib/python3.12/re/_casefix.py first seen with mtime 1717710265.0
File /Library/Frameworks/Python.framework/Versions/3.12/lib/python3.12/re/_casefix.py first seen with mtime 1717710265.0
File /Users/cc/Documents/CC_Self/CCHome/PAV/venv/lib/python3.12/site-packages/django/template/loaders/base.py first seen with mtime 1729230685.7885456
File /Users/cc/Documents/CC_Self/CCHome/PAV/venv/lib/python3.12/site-packages/django/template/loaders/base.py first seen with mtime 1729230685.7885456
File /Library/Frameworks/Python.framework/Versions/3.12/lib/python3.12/lib-dynload/fcntl.cpython-312-darwin.so first seen with mtime 1717710662.0
File /Library/Frameworks/Python.framework/Versions/3.12/lib/python3.12/lib-dynload/fcntl.cpython-312-darwin.so first seen with mtime 1717710662.0
File /Users/cc/Documents/CC_Self/CCHome/PAV/venv/lib/python3.12/site-packages/django/views/debug.py first seen with mtime 1729230685.7957668
File /Users/cc/Documents/CC_Self/CCHome/PAV/venv/lib/python3.12/site-packages/django/views/debug.py first seen with mtime 1729230685.7957668
File /Users/cc/Documents/CC_Self/CCHome/PAV/venv/lib/python3.12/site-packages/django/db/backends/base/validation.py first seen with mtime 1729230685.764308
File /Users/cc/Documents/CC_Self/CCHome/PAV/venv/lib/python3.12/site-packages/django/db/backends/base/validation.py first seen with mtime 1729230685.764308
File /Library/Frameworks/Python.framework/Versions/3.12/lib/python3.12/email/_encoded_words.py first seen with mtime 1717710264.0
File /Library/Frameworks/Python.framework/Versions/3.12/lib/python3.12/email/_encoded_words.py first seen with mtime 1717710264.0
File /Users/cc/Documents/CC_Self/CCHome/PAV/venv/lib/python3.12/site-packages/django/contrib/auth/management/__init__.py first seen with mtime 1729230685.5320625
File /Users/cc/Documents/CC_Self/CCHome/PAV/venv/lib/python3.12/site-packages/django/contrib/auth/management/__init__.py first seen with mtime 1729230685.5320625
File /Users/cc/Documents/CC_Self/CCHome/PAV/venv/lib/python3.12/site-packages/django/template/loader.py first seen with mtime 1729230685.7874103
File /Users/cc/Documents/CC_Self/CCHome/PAV/venv/lib/python3.12/site-packages/django/template/loader.py first seen with mtime 1729230685.7874103
File /Users/cc/Documents/CC_Self/CCHome/PAV/venv/lib/python3.12/site-packages/django/core/files/move.py first seen with mtime 1729230685.755737
File /Users/cc/Documents/CC_Self/CCHome/PAV/venv/lib/python3.12/site-packages/django/core/files/move.py first seen with mtime 1729230685.755737
File /Users/cc/Documents/CC_Self/CCHome/PAV/venv/lib/python3.12/site-packages/django/db/models/functions/mixins.py first seen with mtime 1729230685.7740254
File /Users/cc/Documents/CC_Self/CCHome/PAV/venv/lib/python3.12/site-packages/django/db/models/functions/mixins.py first seen with mtime 1729230685.7740254
File /Library/Frameworks/Python.framework/Versions/3.12/lib/python3.12/numbers.py first seen with mtime 1717710263.0
File /Library/Frameworks/Python.framework/Versions/3.12/lib/python3.12/numbers.py first seen with mtime 1717710263.0
File /Users/cc/Documents/CC_Self/CCHome/PAV/venv/lib/python3.12/site-packages/django/core/validators.py first seen with mtime 1729230685.75256
File /Users/cc/Documents/CC_Self/CCHome/PAV/venv/lib/python3.12/site-packages/django/core/validators.py first seen with mtime 1729230685.75256
File /Users/cc/Documents/CC_Self/CCHome/PAV/venv/lib/python3.12/site-packages/django/http/multipartparser.py first seen with mtime 1729230685.7850459
File /Users/cc/Documents/CC_Self/CCHome/PAV/venv/lib/python3.12/site-packages/django/http/multipartparser.py first seen with mtime 1729230685.7850459
File /Users/cc/Documents/CC_Self/CCHome/PAV/venv/lib/python3.12/site-packages/PIL/_binary.py first seen with mtime 1729230684.2969363
File /Users/cc/Documents/CC_Self/CCHome/PAV/venv/lib/python3.12/site-packages/PIL/_binary.py first seen with mtime 1729230684.2969363
File /Users/cc/Documents/CC_Self/CCHome/PAV/venv/lib/python3.12/site-packages/django/db/backends/ddl_references.py first seen with mtime 1729230685.762997
File /Users/cc/Documents/CC_Self/CCHome/PAV/venv/lib/python3.12/site-packages/django/db/backends/ddl_references.py first seen with mtime 1729230685.762997
File /Users/cc/Documents/CC_Self/CCHome/PAV/venv/lib/python3.12/site-packages/django/db/migrations/operations/__init__.py first seen with mtime 1729230685.7702608
File /Users/cc/Documents/CC_Self/CCHome/PAV/venv/lib/python3.12/site-packages/django/db/migrations/operations/__init__.py first seen with mtime 1729230685.7702608
File /Users/cc/Documents/CC_Self/CCHome/PAV/venv/lib/python3.12/site-packages/django/db/models/options.py first seen with mtime 1729230685.7719078
File /Users/cc/Documents/CC_Self/CCHome/PAV/venv/lib/python3.12/site-packages/django/db/models/options.py first seen with mtime 1729230685.7719078
File /Users/cc/Documents/CC_Self/CCHome/PAV/venv/lib/python3.12/site-packages/cryptography/utils.py first seen with mtime 1729230686.470854
File /Users/cc/Documents/CC_Self/CCHome/PAV/venv/lib/python3.12/site-packages/cryptography/utils.py first seen with mtime 1729230686.470854
File /Library/Frameworks/Python.framework/Versions/3.12/lib/python3.12/email/base64mime.py first seen with mtime 1717710264.0
File /Library/Frameworks/Python.framework/Versions/3.12/lib/python3.12/email/base64mime.py first seen with mtime 1717710264.0
File /Library/Frameworks/Python.framework/Versions/3.12/lib/python3.12/gzip.py first seen with mtime 1717710263.0
File /Library/Frameworks/Python.framework/Versions/3.12/lib/python3.12/gzip.py first seen with mtime 1717710263.0
File /Users/cc/Documents/CC_Self/CCHome/PAV/venv/lib/python3.12/site-packages/django/core/checks/files.py first seen with mtime 1729230685.7542255
File /Users/cc/Documents/CC_Self/CCHome/PAV/venv/lib/python3.12/site-packages/django/core/checks/files.py first seen with mtime 1729230685.7542255
File /Library/Frameworks/Python.framework/Versions/3.12/lib/python3.12/types.py first seen with mtime 1717710263.0
File /Library/Frameworks/Python.framework/Versions/3.12/lib/python3.12/types.py first seen with mtime 1717710263.0
File /Users/cc/Documents/CC_Self/CCHome/PAV/venv/lib/python3.12/site-packages/django/core/servers/__init__.py first seen with mtime 1729230685.7623372
File /Users/cc/Documents/CC_Self/CCHome/PAV/venv/lib/python3.12/site-packages/django/core/servers/__init__.py first seen with mtime 1729230685.7623372
File /Users/cc/Documents/CC_Self/CCHome/PAV/venv/lib/python3.12/site-packages/django/forms/forms.py first seen with mtime 1729230685.776112
File /Users/cc/Documents/CC_Self/CCHome/PAV/venv/lib/python3.12/site-packages/django/forms/forms.py first seen with mtime 1729230685.776112
File /Users/cc/Documents/CC_Self/CCHome/PAV/venv/lib/python3.12/site-packages/pymysql/protocol.py first seen with mtime 1729230683.3732207
File /Users/cc/Documents/CC_Self/CCHome/PAV/venv/lib/python3.12/site-packages/pymysql/protocol.py first seen with mtime 1729230683.3732207
File /Users/cc/Documents/CC_Self/CCHome/PAV/venv/lib/python3.12/site-packages/django/core/checks/security/csrf.py first seen with mtime 1729230685.7551794
File /Users/cc/Documents/CC_Self/CCHome/PAV/venv/lib/python3.12/site-packages/django/core/checks/security/csrf.py first seen with mtime 1729230685.7551794
File /Users/cc/Documents/CC_Self/CCHome/PAV/venv/lib/python3.12/site-packages/django/core/checks/urls.py first seen with mtime 1729230685.754759
File /Users/cc/Documents/CC_Self/CCHome/PAV/venv/lib/python3.12/site-packages/django/core/checks/urls.py first seen with mtime 1729230685.754759
File /Users/cc/Documents/CC_Self/CCHome/PAV/venv/lib/python3.12/site-packages/django/db/models/sql/query.py first seen with mtime 1729230685.7749624
File /Users/cc/Documents/CC_Self/CCHome/PAV/venv/lib/python3.12/site-packages/django/db/models/sql/query.py first seen with mtime 1729230685.7749624
File /Library/Frameworks/Python.framework/Versions/3.12/lib/python3.12/html/entities.py first seen with mtime 1717710264.0
File /Library/Frameworks/Python.framework/Versions/3.12/lib/python3.12/html/entities.py first seen with mtime 1717710264.0
File /Users/cc/Documents/CC_Self/CCHome/PAV/venv/lib/python3.12/site-packages/django/__init__.py first seen with mtime 1729230685.3238096
File /Users/cc/Documents/CC_Self/CCHome/PAV/venv/lib/python3.12/site-packages/django/__init__.py first seen with mtime 1729230685.3238096
File /Library/Frameworks/Python.framework/Versions/3.12/lib/python3.12/linecache.py first seen with mtime 1717710263.0
File /Library/Frameworks/Python.framework/Versions/3.12/lib/python3.12/linecache.py first seen with mtime 1717710263.0
File /Users/cc/Documents/CC_Self/CCHome/PAV/venv/lib/python3.12/site-packages/django/utils/decorators.py first seen with mtime 1729230685.7921686
File /Users/cc/Documents/CC_Self/CCHome/PAV/venv/lib/python3.12/site-packages/django/utils/decorators.py first seen with mtime 1729230685.7921686
File /Library/Frameworks/Python.framework/Versions/3.12/lib/python3.12/re/_compiler.py first seen with mtime 1717710265.0
File /Library/Frameworks/Python.framework/Versions/3.12/lib/python3.12/re/_compiler.py first seen with mtime 1717710265.0
File /Users/cc/Documents/CC_Self/CCHome/PAV/venv/lib/python3.12/site-packages/asgiref/sync.py first seen with mtime 1729230684.9768643
File /Users/cc/Documents/CC_Self/CCHome/PAV/venv/lib/python3.12/site-packages/asgiref/sync.py first seen with mtime 1729230684.9768643
File /Users/cc/Documents/CC_Self/CCHome/PAV/venv/lib/python3.12/site-packages/django/core/checks/database.py first seen with mtime 1729230685.7541368
File /Users/cc/Documents/CC_Self/CCHome/PAV/venv/lib/python3.12/site-packages/django/core/checks/database.py first seen with mtime 1729230685.7541368
File /Users/cc/Documents/CC_Self/CCHome/PAV/venv/lib/python3.12/site-packages/django/contrib/admin/widgets.py first seen with mtime 1729230685.3709102
File /Users/cc/Documents/CC_Self/CCHome/PAV/venv/lib/python3.12/site-packages/django/contrib/admin/widgets.py first seen with mtime 1729230685.3709102
File /Users/cc/Documents/CC_Self/CCHome/PAV/venv/lib/python3.12/site-packages/django/db/backends/mysql/client.py first seen with mtime 1729230685.764919
File /Users/cc/Documents/CC_Self/CCHome/PAV/venv/lib/python3.12/site-packages/django/db/backends/mysql/client.py first seen with mtime 1729230685.764919
File /Library/Frameworks/Python.framework/Versions/3.12/lib/python3.12/email/_header_value_parser.py first seen with mtime 1717710264.0
File /Library/Frameworks/Python.framework/Versions/3.12/lib/python3.12/email/_header_value_parser.py first seen with mtime 1717710264.0
File /Users/cc/Documents/CC_Self/CCHome/PAV/venv/lib/python3.12/site-packages/django/db/models/enums.py first seen with mtime 1729230685.7713645
File /Users/cc/Documents/CC_Self/CCHome/PAV/venv/lib/python3.12/site-packages/django/db/models/enums.py first seen with mtime 1729230685.7713645
File /Library/Frameworks/Python.framework/Versions/3.12/lib/python3.12/contextlib.py first seen with mtime 1717710263.0
File /Library/Frameworks/Python.framework/Versions/3.12/lib/python3.12/contextlib.py first seen with mtime 1717710263.0
File /Users/cc/Documents/CC_Self/CCHome/PAV/venv/lib/python3.12/site-packages/django/core/handlers/exception.py first seen with mtime 1729230685.7573338
File /Users/cc/Documents/CC_Self/CCHome/PAV/venv/lib/python3.12/site-packages/django/core/handlers/exception.py first seen with mtime 1729230685.7573338
File /Users/cc/Documents/CC_Self/CCHome/PAV/venv/lib/python3.12/site-packages/django/db/migrations/operations/models.py first seen with mtime 1729230685.7705786
File /Users/cc/Documents/CC_Self/CCHome/PAV/venv/lib/python3.12/site-packages/django/db/migrations/operations/models.py first seen with mtime 1729230685.7705786
File /Library/Frameworks/Python.framework/Versions/3.12/lib/python3.12/lib-dynload/_zoneinfo.cpython-312-darwin.so first seen with mtime 1717710661.0
File /Library/Frameworks/Python.framework/Versions/3.12/lib/python3.12/lib-dynload/_zoneinfo.cpython-312-darwin.so first seen with mtime 1717710661.0
File /Users/cc/Documents/CC_Self/CCHome/PAV/venv/lib/python3.12/site-packages/django/core/cache/__init__.py first seen with mtime 1729230685.752765
File /Users/cc/Documents/CC_Self/CCHome/PAV/venv/lib/python3.12/site-packages/django/core/cache/__init__.py first seen with mtime 1729230685.752765
File /Users/cc/Documents/CC_Self/CCHome/PAV/venv/lib/python3.12/site-packages/django/core/serializers/json.py first seen with mtime 1729230685.7619448
File /Users/cc/Documents/CC_Self/CCHome/PAV/venv/lib/python3.12/site-packages/django/core/serializers/json.py first seen with mtime 1729230685.7619448
File /Users/cc/Documents/CC_Self/CCHome/PAV/venv/lib/python3.12/site-packages/django/template/backends/base.py first seen with mtime 1729230685.7879996
File /Users/cc/Documents/CC_Self/CCHome/PAV/venv/lib/python3.12/site-packages/django/template/backends/base.py first seen with mtime 1729230685.7879996
File /Users/cc/Documents/CC_Self/CCHome/PAV/venv/lib/python3.12/site-packages/django/utils/duration.py first seen with mtime 1729230685.7923534
File /Users/cc/Documents/CC_Self/CCHome/PAV/venv/lib/python3.12/site-packages/django/utils/duration.py first seen with mtime 1729230685.7923534
File /Library/Frameworks/Python.framework/Versions/3.12/lib/python3.12/asyncio/trsock.py first seen with mtime 1717710263.0
File /Library/Frameworks/Python.framework/Versions/3.12/lib/python3.12/asyncio/trsock.py first seen with mtime 1717710263.0
File /Users/cc/Documents/CC_Self/CCHome/PAV/venv/lib/python3.12/site-packages/django/forms/models.py first seen with mtime 1729230685.776337
File /Users/cc/Documents/CC_Self/CCHome/PAV/venv/lib/python3.12/site-packages/django/forms/models.py first seen with mtime 1729230685.776337
File /Users/cc/Documents/CC_Self/CCHome/PAV/venv/lib/python3.12/site-packages/django/core/files/base.py first seen with mtime 1729230685.755463
File /Users/cc/Documents/CC_Self/CCHome/PAV/venv/lib/python3.12/site-packages/django/core/files/base.py first seen with mtime 1729230685.755463
File /Users/cc/Documents/CC_Self/CCHome/PAV/venv/lib/python3.12/site-packages/django/core/servers/basehttp.py first seen with mtime 1729230685.7624514
File /Users/cc/Documents/CC_Self/CCHome/PAV/venv/lib/python3.12/site-packages/django/core/servers/basehttp.py first seen with mtime 1729230685.7624514
File /Users/cc/Documents/CC_Self/CCHome/PAV/venv/lib/python3.12/site-packages/django/forms/widgets.py first seen with mtime 1729230685.7766182
File /Users/cc/Documents/CC_Self/CCHome/PAV/venv/lib/python3.12/site-packages/django/forms/widgets.py first seen with mtime 1729230685.7766182
File /Users/cc/Documents/CC_Self/CCHome/PAV/f_proc/admin.py first seen with mtime 1722835605.3386462
File /Users/cc/Documents/CC_Self/CCHome/PAV/f_proc/admin.py first seen with mtime 1722835605.3386462
File /Library/Frameworks/Python.framework/Versions/3.12/lib/python3.12/locale.py first seen with mtime 1717710263.0
File /Library/Frameworks/Python.framework/Versions/3.12/lib/python3.12/locale.py first seen with mtime 1717710263.0
File /Users/cc/Documents/CC_Self/CCHome/PAV/venv/lib/python3.12/site-packages/django/contrib/auth/forms.py first seen with mtime 1729230685.4699879
File /Users/cc/Documents/CC_Self/CCHome/PAV/venv/lib/python3.12/site-packages/django/contrib/auth/forms.py first seen with mtime 1729230685.4699879
File /Users/cc/Documents/CC_Self/CCHome/PAV/venv/lib/python3.12/site-packages/django/db/models/__init__.py first seen with mtime 1729230685.7707698
File /Users/cc/Documents/CC_Self/CCHome/PAV/venv/lib/python3.12/site-packages/django/db/models/__init__.py first seen with mtime 1729230685.7707698
File /Users/cc/Documents/CC_Self/CCHome/PAV/venv/lib/python3.12/site-packages/django/apps/registry.py first seen with mtime 1729230685.32432
File /Users/cc/Documents/CC_Self/CCHome/PAV/venv/lib/python3.12/site-packages/django/apps/registry.py first seen with mtime 1729230685.32432
File /Library/Frameworks/Python.framework/Versions/3.12/lib/python3.12/asyncio/taskgroups.py first seen with mtime 1717710263.0
File /Library/Frameworks/Python.framework/Versions/3.12/lib/python3.12/asyncio/taskgroups.py first seen with mtime 1717710263.0
File /Library/Frameworks/Python.framework/Versions/3.12/lib/python3.12/gettext.py first seen with mtime 1717710263.0
File /Library/Frameworks/Python.framework/Versions/3.12/lib/python3.12/gettext.py first seen with mtime 1717710263.0
File /Users/cc/Documents/CC_Self/CCHome/PAV/venv/lib/python3.12/site-packages/django/templatetags/tz.py first seen with mtime 1729230685.7892838
File /Users/cc/Documents/CC_Self/CCHome/PAV/venv/lib/python3.12/site-packages/django/templatetags/tz.py first seen with mtime 1729230685.7892838
File /Library/Frameworks/Python.framework/Versions/3.12/lib/python3.12/email/errors.py first seen with mtime 1717710264.0
File /Library/Frameworks/Python.framework/Versions/3.12/lib/python3.12/email/errors.py first seen with mtime 1717710264.0
File /Library/Frameworks/Python.framework/Versions/3.12/lib/python3.12/email/mime/base.py first seen with mtime 1717710264.0
File /Library/Frameworks/Python.framework/Versions/3.12/lib/python3.12/email/mime/base.py first seen with mtime 1717710264.0
File /Users/cc/Documents/CC_Self/CCHome/PAV/venv/lib/python3.12/site-packages/django/contrib/staticfiles/apps.py first seen with mtime 1729230685.7504518
File /Users/cc/Documents/CC_Self/CCHome/PAV/venv/lib/python3.12/site-packages/django/contrib/staticfiles/apps.py first seen with mtime 1729230685.7504518
File /Users/cc/Documents/CC_Self/CCHome/PAV/venv/lib/python3.12/site-packages/django/core/files/storage/base.py first seen with mtime 1729230685.7563756
File /Users/cc/Documents/CC_Self/CCHome/PAV/venv/lib/python3.12/site-packages/django/core/files/storage/base.py first seen with mtime 1729230685.7563756
File /Library/Frameworks/Python.framework/Versions/3.12/lib/python3.12/warnings.py first seen with mtime 1717710263.0
File /Library/Frameworks/Python.framework/Versions/3.12/lib/python3.12/warnings.py first seen with mtime 1717710263.0
File /Users/cc/Documents/CC_Self/CCHome/PAV/venv/lib/python3.12/site-packages/django/utils/translation/__init__.py first seen with mtime 1729230685.7950904
File /Users/cc/Documents/CC_Self/CCHome/PAV/venv/lib/python3.12/site-packages/django/utils/translation/__init__.py first seen with mtime 1729230685.7950904
File /Users/cc/Documents/CC_Self/CCHome/PAV/venv/lib/python3.12/site-packages/django/core/files/uploadhandler.py first seen with mtime 1729230685.7560441
File /Users/cc/Documents/CC_Self/CCHome/PAV/venv/lib/python3.12/site-packages/django/core/files/uploadhandler.py first seen with mtime 1729230685.7560441
File /Users/cc/Documents/CC_Self/CCHome/PAV/venv/lib/python3.12/site-packages/django/db/transaction.py first seen with mtime 1729230685.7627
File /Users/cc/Documents/CC_Self/CCHome/PAV/venv/lib/python3.12/site-packages/django/db/transaction.py first seen with mtime 1729230685.7627
File /Users/cc/Documents/CC_Self/CCHome/PAV/venv/lib/python3.12/site-packages/cryptography/hazmat/primitives/ciphers/__init__.py first seen with mtime 1729230686.464401
File /Users/cc/Documents/CC_Self/CCHome/PAV/venv/lib/python3.12/site-packages/cryptography/hazmat/primitives/ciphers/__init__.py first seen with mtime 1729230686.464401
File /Library/Frameworks/Python.framework/Versions/3.12/lib/python3.12/urllib/error.py first seen with mtime 1717710265.0
File /Library/Frameworks/Python.framework/Versions/3.12/lib/python3.12/urllib/error.py first seen with mtime 1717710265.0
File /Library/Frameworks/Python.framework/Versions/3.12/lib/python3.12/wsgiref/simple_server.py first seen with mtime 1717710265.0
File /Library/Frameworks/Python.framework/Versions/3.12/lib/python3.12/wsgiref/simple_server.py first seen with mtime 1717710265.0
File /Users/cc/Documents/CC_Self/CCHome/PAV/venv/lib/python3.12/site-packages/django/core/files/images.py first seen with mtime 1729230685.755558
File /Users/cc/Documents/CC_Self/CCHome/PAV/venv/lib/python3.12/site-packages/django/core/files/images.py first seen with mtime 1729230685.755558
File /Users/cc/Documents/CC_Self/CCHome/PAV/venv/lib/python3.12/site-packages/django/core/cache/backends/base.py first seen with mtime 1729230685.7531197
File /Users/cc/Documents/CC_Self/CCHome/PAV/venv/lib/python3.12/site-packages/django/core/cache/backends/base.py first seen with mtime 1729230685.7531197
File /Users/cc/Documents/CC_Self/CCHome/PAV/venv/lib/python3.12/site-packages/django/contrib/admin/templatetags/admin_urls.py first seen with mtime 1729230685.439555
File /Users/cc/Documents/CC_Self/CCHome/PAV/venv/lib/python3.12/site-packages/django/contrib/admin/templatetags/admin_urls.py first seen with mtime 1729230685.439555
File /Library/Frameworks/Python.framework/Versions/3.12/lib/python3.12/copy.py first seen with mtime 1717710263.0
File /Library/Frameworks/Python.framework/Versions/3.12/lib/python3.12/copy.py first seen with mtime 1717710263.0
File /Library/Frameworks/Python.framework/Versions/3.12/lib/python3.12/asyncio/subprocess.py first seen with mtime 1717710263.0
File /Library/Frameworks/Python.framework/Versions/3.12/lib/python3.12/asyncio/subprocess.py first seen with mtime 1717710263.0
File /Library/Frameworks/Python.framework/Versions/3.12/lib/python3.12/email/parser.py first seen with mtime 1717710264.0
File /Library/Frameworks/Python.framework/Versions/3.12/lib/python3.12/email/parser.py first seen with mtime 1717710264.0
File /Users/cc/Documents/CC_Self/CCHome/PAV/venv/lib/python3.12/site-packages/django/contrib/sessions/models.py first seen with mtime 1729230685.6994064
File /Users/cc/Documents/CC_Self/CCHome/PAV/venv/lib/python3.12/site-packages/django/contrib/sessions/models.py first seen with mtime 1729230685.6994064
File /Users/cc/Documents/CC_Self/CCHome/PAV/venv/lib/python3.12/site-packages/django/core/handlers/asgi.py first seen with mtime 1729230685.7570624
File /Users/cc/Documents/CC_Self/CCHome/PAV/venv/lib/python3.12/site-packages/django/core/handlers/asgi.py first seen with mtime 1729230685.7570624
File /Users/cc/Documents/CC_Self/CCHome/PAV/venv/lib/python3.12/site-packages/django/db/models/sql/__init__.py first seen with mtime 1729230685.774363
File /Users/cc/Documents/CC_Self/CCHome/PAV/venv/lib/python3.12/site-packages/django/db/models/sql/__init__.py first seen with mtime 1729230685.774363
File /Users/cc/Documents/CC_Self/CCHome/PAV/venv/lib/python3.12/site-packages/django/db/migrations/utils.py first seen with mtime 1729230685.770042
File /Users/cc/Documents/CC_Self/CCHome/PAV/venv/lib/python3.12/site-packages/django/db/migrations/utils.py first seen with mtime 1729230685.770042
File /Users/cc/Documents/CC_Self/CCHome/PAV/venv/lib/python3.12/site-packages/django/templatetags/__init__.py first seen with mtime 1729230685.7888267
File /Users/cc/Documents/CC_Self/CCHome/PAV/venv/lib/python3.12/site-packages/django/templatetags/__init__.py first seen with mtime 1729230685.7888267
File /Users/cc/Documents/CC_Self/CCHome/PAV/venv/lib/python3.12/site-packages/django/contrib/admin/views/main.py first seen with mtime 1729230685.440081
File /Users/cc/Documents/CC_Self/CCHome/PAV/venv/lib/python3.12/site-packages/django/contrib/admin/views/main.py first seen with mtime 1729230685.440081
File /Users/cc/Documents/CC_Self/CCHome/PAV/venv/lib/python3.12/site-packages/django/db/models/indexes.py first seen with mtime 1729230685.7716157
File /Users/cc/Documents/CC_Self/CCHome/PAV/venv/lib/python3.12/site-packages/django/db/models/indexes.py first seen with mtime 1729230685.7716157
File /Users/cc/Documents/CC_Self/CCHome/PAV/venv/lib/python3.12/site-packages/django/contrib/auth/admin.py first seen with mtime 1729230685.469014
File /Users/cc/Documents/CC_Self/CCHome/PAV/venv/lib/python3.12/site-packages/django/contrib/auth/admin.py first seen with mtime 1729230685.469014
File /Library/Frameworks/Python.framework/Versions/3.12/lib/python3.12/socket.py first seen with mtime 1717710263.0
File /Library/Frameworks/Python.framework/Versions/3.12/lib/python3.12/socket.py first seen with mtime 1717710263.0
File /Users/cc/Documents/CC_Self/CCHome/PAV/venv/lib/python3.12/site-packages/django/core/checks/caches.py first seen with mtime 1729230685.75405
File /Users/cc/Documents/CC_Self/CCHome/PAV/venv/lib/python3.12/site-packages/django/core/checks/caches.py first seen with mtime 1729230685.75405
File /Users/cc/Documents/CC_Self/CCHome/PAV/venv/lib/python3.12/site-packages/sqlparse/sql.py first seen with mtime 1729230683.2971091
File /Users/cc/Documents/CC_Self/CCHome/PAV/venv/lib/python3.12/site-packages/sqlparse/sql.py first seen with mtime 1729230683.2971091
File /Library/Frameworks/Python.framework/Versions/3.12/lib/python3.12/lib-dynload/_json.cpython-312-darwin.so first seen with mtime 1717710656.0
File /Library/Frameworks/Python.framework/Versions/3.12/lib/python3.12/lib-dynload/_json.cpython-312-darwin.so first seen with mtime 1717710656.0
File /Users/cc/Documents/CC_Self/CCHome/PAV/venv/lib/python3.12/site-packages/django/core/cache/utils.py first seen with mtime 1729230685.752852
File /Users/cc/Documents/CC_Self/CCHome/PAV/venv/lib/python3.12/site-packages/django/core/cache/utils.py first seen with mtime 1729230685.752852
File /Users/cc/Documents/CC_Self/CCHome/PAV/venv/lib/python3.12/site-packages/django/contrib/auth/middleware.py first seen with mtime 1729230685.4702208
File /Users/cc/Documents/CC_Self/CCHome/PAV/venv/lib/python3.12/site-packages/django/contrib/auth/middleware.py first seen with mtime 1729230685.4702208
File /Library/Frameworks/Python.framework/Versions/3.12/lib/python3.12/lib-dynload/binascii.cpython-312-darwin.so first seen with mtime 1717710661.0
File /Library/Frameworks/Python.framework/Versions/3.12/lib/python3.12/lib-dynload/binascii.cpython-312-darwin.so first seen with mtime 1717710661.0
File /Library/Frameworks/Python.framework/Versions/3.12/lib/python3.12/importlib/_abc.py first seen with mtime 1717710265.0
File /Library/Frameworks/Python.framework/Versions/3.12/lib/python3.12/importlib/_abc.py first seen with mtime 1717710265.0
File /Library/Frameworks/Python.framework/Versions/3.12/lib/python3.12/email/contentmanager.py first seen with mtime 1717710264.0
File /Library/Frameworks/Python.framework/Versions/3.12/lib/python3.12/email/contentmanager.py first seen with mtime 1717710264.0
File /Users/cc/Documents/CC_Self/CCHome/PAV/venv/lib/python3.12/site-packages/django/core/checks/translation.py first seen with mtime 1729230685.7546816
File /Users/cc/Documents/CC_Self/CCHome/PAV/venv/lib/python3.12/site-packages/django/core/checks/translation.py first seen with mtime 1729230685.7546816
File /Users/cc/Documents/CC_Self/CCHome/PAV/venv/lib/python3.12/site-packages/django/http/response.py first seen with mtime 1729230685.785281
File /Users/cc/Documents/CC_Self/CCHome/PAV/venv/lib/python3.12/site-packages/django/http/response.py first seen with mtime 1729230685.785281
File /Library/Frameworks/Python.framework/Versions/3.12/lib/python3.12/lib-dynload/_struct.cpython-312-darwin.so first seen with mtime 1717710659.0
File /Library/Frameworks/Python.framework/Versions/3.12/lib/python3.12/lib-dynload/_struct.cpython-312-darwin.so first seen with mtime 1717710659.0
File /Users/cc/Documents/CC_Self/CCHome/PAV/venv/lib/python3.12/site-packages/django/contrib/admin/templatetags/log.py first seen with mtime 1729230685.439719
File /Users/cc/Documents/CC_Self/CCHome/PAV/venv/lib/python3.12/site-packages/django/contrib/admin/templatetags/log.py first seen with mtime 1729230685.439719
File /Library/Frameworks/Python.framework/Versions/3.12/lib/python3.12/_sysconfigdata__darwin_darwin.py first seen with mtime 1717710299.0
File /Library/Frameworks/Python.framework/Versions/3.12/lib/python3.12/_sysconfigdata__darwin_darwin.py first seen with mtime 1717710299.0
File /Users/cc/Documents/CC_Self/CCHome/PAV/venv/lib/python3.12/site-packages/django/core/__init__.py first seen with mtime 1729230685.7519572
File /Users/cc/Documents/CC_Self/CCHome/PAV/venv/lib/python3.12/site-packages/django/core/__init__.py first seen with mtime 1729230685.7519572
File /Library/Frameworks/Python.framework/Versions/3.12/lib/python3.12/asyncio/transports.py first seen with mtime 1717710263.0
File /Library/Frameworks/Python.framework/Versions/3.12/lib/python3.12/asyncio/transports.py first seen with mtime 1717710263.0
File /Users/cc/Documents/CC_Self/CCHome/PAV/venv/lib/python3.12/site-packages/cffi/model.py first seen with mtime 1729230686.3753552
File /Users/cc/Documents/CC_Self/CCHome/PAV/venv/lib/python3.12/site-packages/cffi/model.py first seen with mtime 1729230686.3753552
File /Users/cc/Documents/CC_Self/CCHome/PAV/venv/lib/python3.12/site-packages/sqlparse/filters/right_margin.py first seen with mtime 1729230683.2982407
File /Users/cc/Documents/CC_Self/CCHome/PAV/venv/lib/python3.12/site-packages/sqlparse/filters/right_margin.py first seen with mtime 1729230683.2982407
File /Users/cc/Documents/CC_Self/CCHome/PAV/venv/lib/python3.12/site-packages/django/utils/lorem_ipsum.py first seen with mtime 1729230685.7937927
File /Users/cc/Documents/CC_Self/CCHome/PAV/venv/lib/python3.12/site-packages/django/utils/lorem_ipsum.py first seen with mtime 1729230685.7937927
File /Library/Frameworks/Python.framework/Versions/3.12/lib/python3.12/asyncio/queues.py first seen with mtime 1717710263.0
File /Library/Frameworks/Python.framework/Versions/3.12/lib/python3.12/asyncio/queues.py first seen with mtime 1717710263.0
File /Users/cc/Documents/CC_Self/CCHome/PAV/venv/lib/python3.12/site-packages/django/db/backends/mysql/base.py first seen with mtime 1729230685.76482
File /Users/cc/Documents/CC_Self/CCHome/PAV/venv/lib/python3.12/site-packages/django/db/backends/mysql/base.py first seen with mtime 1729230685.76482
File /Users/cc/Documents/CC_Self/CCHome/PAV/venv/lib/python3.12/site-packages/django/db/models/fields/files.py first seen with mtime 1729230685.772618
File /Users/cc/Documents/CC_Self/CCHome/PAV/venv/lib/python3.12/site-packages/django/db/models/fields/files.py first seen with mtime 1729230685.772618
File /Library/Frameworks/Python.framework/Versions/3.12/lib/python3.12/lib-dynload/unicodedata.cpython-312-darwin.so first seen with mtime 1717710663.0
File /Library/Frameworks/Python.framework/Versions/3.12/lib/python3.12/lib-dynload/unicodedata.cpython-312-darwin.so first seen with mtime 1717710663.0
File /Library/Frameworks/Python.framework/Versions/3.12/lib/python3.12/email/encoders.py first seen with mtime 1717710264.0
File /Library/Frameworks/Python.framework/Versions/3.12/lib/python3.12/email/encoders.py first seen with mtime 1717710264.0
File /Users/cc/Documents/CC_Self/CCHome/PAV/venv/lib/python3.12/site-packages/django/utils/text.py first seen with mtime 1729230685.7944584
File /Users/cc/Documents/CC_Self/CCHome/PAV/venv/lib/python3.12/site-packages/django/utils/text.py first seen with mtime 1729230685.7944584
File /Users/cc/Documents/CC_Self/CCHome/PAV/venv/lib/python3.12/site-packages/django/conf/__init__.py first seen with mtime 1729230685.3244936
File /Users/cc/Documents/CC_Self/CCHome/PAV/venv/lib/python3.12/site-packages/django/conf/__init__.py first seen with mtime 1729230685.3244936
File /Library/Frameworks/Python.framework/Versions/3.12/lib/python3.12/_compression.py first seen with mtime 1717710263.0
File /Library/Frameworks/Python.framework/Versions/3.12/lib/python3.12/_compression.py first seen with mtime 1717710263.0
File /Users/cc/Documents/CC_Self/CCHome/PAV/venv/lib/python3.12/site-packages/cryptography/hazmat/primitives/asymmetric/__init__.py first seen with mtime 1729230686.4652214
File /Users/cc/Documents/CC_Self/CCHome/PAV/venv/lib/python3.12/site-packages/cryptography/hazmat/primitives/asymmetric/__init__.py first seen with mtime 1729230686.4652214
File /Users/cc/Documents/CC_Self/CCHome/PAV/venv/lib/python3.12/site-packages/django/contrib/admin/sites.py first seen with mtime 1729230685.3705683
File /Users/cc/Documents/CC_Self/CCHome/PAV/venv/lib/python3.12/site-packages/django/contrib/admin/sites.py first seen with mtime 1729230685.3705683
File /Library/Frameworks/Python.framework/Versions/3.12/lib/python3.12/asyncio/streams.py first seen with mtime 1717710263.0
File /Library/Frameworks/Python.framework/Versions/3.12/lib/python3.12/asyncio/streams.py first seen with mtime 1717710263.0
File /Users/cc/Documents/CC_Self/CCHome/PAV/venv/lib/python3.12/site-packages/django/utils/version.py first seen with mtime 1729230685.794849
File /Users/cc/Documents/CC_Self/CCHome/PAV/venv/lib/python3.12/site-packages/django/utils/version.py first seen with mtime 1729230685.794849
File /Library/Frameworks/Python.framework/Versions/3.12/lib/python3.12/asyncio/__init__.py first seen with mtime 1717710263.0
File /Library/Frameworks/Python.framework/Versions/3.12/lib/python3.12/asyncio/__init__.py first seen with mtime 1717710263.0
File /Library/Frameworks/Python.framework/Versions/3.12/lib/python3.12/lib-dynload/_random.cpython-312-darwin.so first seen with mtime 1717710657.0
File /Library/Frameworks/Python.framework/Versions/3.12/lib/python3.12/lib-dynload/_random.cpython-312-darwin.so first seen with mtime 1717710657.0
File /Users/cc/Documents/CC_Self/CCHome/PAV/venv/lib/python3.12/site-packages/django/utils/dateparse.py first seen with mtime 1729230685.7919185
File /Users/cc/Documents/CC_Self/CCHome/PAV/venv/lib/python3.12/site-packages/django/utils/dateparse.py first seen with mtime 1729230685.7919185
File /Library/Frameworks/Python.framework/Versions/3.12/lib/python3.12/email/headerregistry.py first seen with mtime 1717710264.0
File /Library/Frameworks/Python.framework/Versions/3.12/lib/python3.12/email/headerregistry.py first seen with mtime 1717710264.0
File /Users/cc/Documents/CC_Self/CCHome/PAV/venv/lib/python3.12/site-packages/pymysql/converters.py first seen with mtime 1729230683.3728123
File /Users/cc/Documents/CC_Self/CCHome/PAV/venv/lib/python3.12/site-packages/pymysql/converters.py first seen with mtime 1729230683.3728123
File /Library/Frameworks/Python.framework/Versions/3.12/lib/python3.12/signal.py first seen with mtime 1717710263.0
File /Library/Frameworks/Python.framework/Versions/3.12/lib/python3.12/signal.py first seen with mtime 1717710263.0
File /Library/Frameworks/Python.framework/Versions/3.12/lib/python3.12/keyword.py first seen with mtime 1717710263.0
File /Library/Frameworks/Python.framework/Versions/3.12/lib/python3.12/keyword.py first seen with mtime 1717710263.0
File /Users/cc/Documents/CC_Self/CCHome/PAV/f_proc/forms.py first seen with mtime 1726389826.7067485
File /Users/cc/Documents/CC_Self/CCHome/PAV/f_proc/forms.py first seen with mtime 1726389826.7067485
File /Users/cc/Documents/CC_Self/CCHome/PAV/venv/lib/python3.12/site-packages/django/forms/utils.py first seen with mtime 1729230685.776513
File /Users/cc/Documents/CC_Self/CCHome/PAV/venv/lib/python3.12/site-packages/django/forms/utils.py first seen with mtime 1729230685.776513
File /Users/cc/Documents/CC_Self/CCHome/PAV/venv/lib/python3.12/site-packages/django/templatetags/cache.py first seen with mtime 1729230685.78891
File /Users/cc/Documents/CC_Self/CCHome/PAV/venv/lib/python3.12/site-packages/django/templatetags/cache.py first seen with mtime 1729230685.78891
File /Users/cc/Documents/CC_Self/CCHome/PAV/venv/lib/python3.12/site-packages/django/contrib/auth/apps.py first seen with mtime 1729230685.4691043
File /Users/cc/Documents/CC_Self/CCHome/PAV/venv/lib/python3.12/site-packages/django/contrib/auth/apps.py first seen with mtime 1729230685.4691043
File /Library/Frameworks/Python.framework/Versions/3.12/lib/python3.12/lib-dynload/_ssl.cpython-312-darwin.so first seen with mtime 1717710659.0
File /Library/Frameworks/Python.framework/Versions/3.12/lib/python3.12/lib-dynload/_ssl.cpython-312-darwin.so first seen with mtime 1717710659.0
File /Users/cc/Documents/CC_Self/CCHome/PAV/venv/lib/python3.12/site-packages/cryptography/hazmat/primitives/asymmetric/ed25519.py first seen with mtime 1729230686.465528
File /Users/cc/Documents/CC_Self/CCHome/PAV/venv/lib/python3.12/site-packages/cryptography/hazmat/primitives/asymmetric/ed25519.py first seen with mtime 1729230686.465528
File /Users/cc/Documents/CC_Self/CCHome/PAV/venv/lib/python3.12/site-packages/django/db/models/fields/related_descriptors.py first seen with mtime 1729230685.7732368
File /Users/cc/Documents/CC_Self/CCHome/PAV/venv/lib/python3.12/site-packages/django/db/models/fields/related_descriptors.py first seen with mtime 1729230685.7732368
File /Users/cc/Documents/CC_Self/CCHome/PAV/venv/lib/python3.12/site-packages/django/utils/dateformat.py first seen with mtime 1729230685.791824
File /Users/cc/Documents/CC_Self/CCHome/PAV/venv/lib/python3.12/site-packages/django/utils/dateformat.py first seen with mtime 1729230685.791824
File /Users/cc/Documents/CC_Self/CCHome/PAV/venv/lib/python3.12/site-packages/django/db/backends/base/introspection.py first seen with mtime 1729230685.7638865
File /Users/cc/Documents/CC_Self/CCHome/PAV/venv/lib/python3.12/site-packages/django/db/backends/base/introspection.py first seen with mtime 1729230685.7638865
File /Users/cc/Documents/CC_Self/CCHome/PAV/venv/lib/python3.12/site-packages/django/contrib/messages/api.py first seen with mtime 1729230685.6507905
File /Users/cc/Documents/CC_Self/CCHome/PAV/venv/lib/python3.12/site-packages/django/contrib/messages/api.py first seen with mtime 1729230685.6507905
File /Users/cc/Documents/CC_Self/CCHome/PAV/venv/lib/python3.12/site-packages/django/views/decorators/debug.py first seen with mtime 1729230685.7966847
File /Users/cc/Documents/CC_Self/CCHome/PAV/venv/lib/python3.12/site-packages/django/views/decorators/debug.py first seen with mtime 1729230685.7966847
File /Users/cc/Documents/CC_Self/CCHome/PAV/venv/lib/python3.12/site-packages/django/contrib/auth/password_validation.py first seen with mtime 1729230685.4705806
File /Users/cc/Documents/CC_Self/CCHome/PAV/venv/lib/python3.12/site-packages/django/contrib/auth/password_validation.py first seen with mtime 1729230685.4705806
File /Users/cc/Documents/CC_Self/CCHome/PAV/venv/lib/python3.12/site-packages/django/core/checks/__init__.py first seen with mtime 1729230685.753875
File /Users/cc/Documents/CC_Self/CCHome/PAV/venv/lib/python3.12/site-packages/django/core/checks/__init__.py first seen with mtime 1729230685.753875
File /Users/cc/Documents/CC_Self/CCHome/PAV/venv/lib/python3.12/site-packages/django/contrib/sites/requests.py first seen with mtime 1729230685.7266035
File /Users/cc/Documents/CC_Self/CCHome/PAV/venv/lib/python3.12/site-packages/django/contrib/sites/requests.py first seen with mtime 1729230685.7266035
File /Library/Frameworks/Python.framework/Versions/3.12/lib/python3.12/lib-dynload/math.cpython-312-darwin.so first seen with mtime 1717710662.0
File /Library/Frameworks/Python.framework/Versions/3.12/lib/python3.12/lib-dynload/math.cpython-312-darwin.so first seen with mtime 1717710662.0
File /Users/cc/Documents/CC_Self/CCHome/PAV/venv/lib/python3.12/site-packages/django/db/backends/mysql/features.py first seen with mtime 1729230685.7652547
File /Users/cc/Documents/CC_Self/CCHome/PAV/venv/lib/python3.12/site-packages/django/db/backends/mysql/features.py first seen with mtime 1729230685.7652547
File /Users/cc/Documents/CC_Self/CCHome/PAV/venv/lib/python3.12/site-packages/django/utils/numberformat.py first seen with mtime 1729230685.7939677
File /Users/cc/Documents/CC_Self/CCHome/PAV/venv/lib/python3.12/site-packages/django/utils/numberformat.py first seen with mtime 1729230685.7939677
File /Users/cc/Documents/CC_Self/CCHome/PAV/venv/lib/python3.12/site-packages/cryptography/hazmat/bindings/__init__.py first seen with mtime 1729230686.4691248
File /Users/cc/Documents/CC_Self/CCHome/PAV/venv/lib/python3.12/site-packages/cryptography/hazmat/bindings/__init__.py first seen with mtime 1729230686.4691248
File /Library/Frameworks/Python.framework/Versions/3.12/lib/python3.12/ast.py first seen with mtime 1717710263.0
File /Library/Frameworks/Python.framework/Versions/3.12/lib/python3.12/ast.py first seen with mtime 1717710263.0
File /Users/cc/Documents/CC_Self/CCHome/PAV/venv/lib/python3.12/site-packages/sqlparse/filters/aligned_indent.py first seen with mtime 1729230683.2978692
File /Users/cc/Documents/CC_Self/CCHome/PAV/venv/lib/python3.12/site-packages/sqlparse/filters/aligned_indent.py first seen with mtime 1729230683.2978692
File /Users/cc/Documents/CC_Self/CCHome/PAV/venv/lib/python3.12/site-packages/django/db/models/utils.py first seen with mtime 1729230685.7723348
File /Users/cc/Documents/CC_Self/CCHome/PAV/venv/lib/python3.12/site-packages/django/db/models/utils.py first seen with mtime 1729230685.7723348
File /Users/cc/Documents/CC_Self/CCHome/PAV/venv/lib/python3.12/site-packages/django/forms/formsets.py first seen with mtime 1729230685.7762012
File /Users/cc/Documents/CC_Self/CCHome/PAV/venv/lib/python3.12/site-packages/django/forms/formsets.py first seen with mtime 1729230685.7762012
File /Library/Frameworks/Python.framework/Versions/3.12/lib/python3.12/re/_parser.py first seen with mtime 1717710265.0
File /Library/Frameworks/Python.framework/Versions/3.12/lib/python3.12/re/_parser.py first seen with mtime 1717710265.0
File /Users/cc/Documents/CC_Self/CCHome/PAV/f_proc/urls.py first seen with mtime 1730473131.0399332
File /Users/cc/Documents/CC_Self/CCHome/PAV/f_proc/urls.py first seen with mtime 1730473131.0399332
File /Users/cc/Documents/CC_Self/CCHome/PAV/venv/lib/python3.12/site-packages/django/utils/functional.py first seen with mtime 1729230685.792882
File /Users/cc/Documents/CC_Self/CCHome/PAV/venv/lib/python3.12/site-packages/django/utils/functional.py first seen with mtime 1729230685.792882
File /Library/Frameworks/Python.framework/Versions/3.12/lib/python3.12/asyncio/events.py first seen with mtime 1717710263.0
File /Library/Frameworks/Python.framework/Versions/3.12/lib/python3.12/asyncio/events.py first seen with mtime 1717710263.0
File /Users/cc/Documents/CC_Self/CCHome/PAV/venv/lib/python3.12/site-packages/django/http/__init__.py first seen with mtime 1729230685.784825
File /Users/cc/Documents/CC_Self/CCHome/PAV/venv/lib/python3.12/site-packages/django/http/__init__.py first seen with mtime 1729230685.784825
File /Users/cc/Documents/CC_Self/CCHome/PAV/venv/lib/python3.12/site-packages/django/contrib/messages/storage/base.py first seen with mtime 1729230685.6515112
File /Users/cc/Documents/CC_Self/CCHome/PAV/venv/lib/python3.12/site-packages/django/contrib/messages/storage/base.py first seen with mtime 1729230685.6515112
File /Users/cc/Documents/CC_Self/CCHome/PAV/venv/lib/python3.12/site-packages/django/contrib/admin/templatetags/__init__.py first seen with mtime 1729230685.4392574
File /Users/cc/Documents/CC_Self/CCHome/PAV/venv/lib/python3.12/site-packages/django/contrib/admin/templatetags/__init__.py first seen with mtime 1729230685.4392574
File /Users/cc/Documents/CC_Self/CCHome/PAV/venv/lib/python3.12/site-packages/cryptography/hazmat/primitives/serialization/ssh.py first seen with mtime 1729230686.4636195
File /Users/cc/Documents/CC_Self/CCHome/PAV/venv/lib/python3.12/site-packages/cryptography/hazmat/primitives/serialization/ssh.py first seen with mtime 1729230686.4636195
File /Users/cc/Documents/CC_Self/CCHome/PAV/venv/lib/python3.12/site-packages/django/views/decorators/http.py first seen with mtime 1729230685.796901
File /Users/cc/Documents/CC_Self/CCHome/PAV/venv/lib/python3.12/site-packages/django/views/decorators/http.py first seen with mtime 1729230685.796901
File /Users/cc/Documents/CC_Self/CCHome/PAV/venv/lib/python3.12/site-packages/django/contrib/sessions/base_session.py first seen with mtime 1729230685.699112
File /Users/cc/Documents/CC_Self/CCHome/PAV/venv/lib/python3.12/site-packages/django/contrib/sessions/base_session.py first seen with mtime 1729230685.699112
File /Users/cc/Documents/CC_Self/CCHome/PAV/venv/lib/python3.12/site-packages/pymysql/constants/CR.py first seen with mtime 1729230683.3736193
File /Users/cc/Documents/CC_Self/CCHome/PAV/venv/lib/python3.12/site-packages/pymysql/constants/CR.py first seen with mtime 1729230683.3736193
File /Library/Frameworks/Python.framework/Versions/3.12/lib/python3.12/email/__init__.py first seen with mtime 1717710264.0
File /Library/Frameworks/Python.framework/Versions/3.12/lib/python3.12/email/__init__.py first seen with mtime 1717710264.0
File /Users/cc/Documents/CC_Self/CCHome/PAV/venv/lib/python3.12/site-packages/cffi/api.py first seen with mtime 1729230686.375604
File /Users/cc/Documents/CC_Self/CCHome/PAV/venv/lib/python3.12/site-packages/cffi/api.py first seen with mtime 1729230686.375604
File /Library/Frameworks/Python.framework/Versions/3.12/lib/python3.12/graphlib.py first seen with mtime 1717710263.0
File /Library/Frameworks/Python.framework/Versions/3.12/lib/python3.12/graphlib.py first seen with mtime 1717710263.0
File /Library/Frameworks/Python.framework/Versions/3.12/lib/python3.12/opcode.py first seen with mtime 1717710263.0
File /Library/Frameworks/Python.framework/Versions/3.12/lib/python3.12/opcode.py first seen with mtime 1717710263.0
File /Users/cc/Documents/CC_Self/CCHome/PAV/venv/lib/python3.12/site-packages/sqlparse/keywords.py first seen with mtime 1729230683.2969239
File /Users/cc/Documents/CC_Self/CCHome/PAV/venv/lib/python3.12/site-packages/sqlparse/keywords.py first seen with mtime 1729230683.2969239
File /Users/cc/Documents/CC_Self/CCHome/PAV/venv/lib/python3.12/site-packages/django/db/models/fields/related_lookups.py first seen with mtime 1729230685.7733364
File /Users/cc/Documents/CC_Self/CCHome/PAV/venv/lib/python3.12/site-packages/django/db/models/fields/related_lookups.py first seen with mtime 1729230685.7733364
File /Users/cc/Documents/CC_Self/CCHome/PAV/venv/lib/python3.12/site-packages/django/template/backends/__init__.py first seen with mtime 1729230685.7879071
File /Users/cc/Documents/CC_Self/CCHome/PAV/venv/lib/python3.12/site-packages/django/template/backends/__init__.py first seen with mtime 1729230685.7879071
File /Library/Frameworks/Python.framework/Versions/3.12/lib/python3.12/string.py first seen with mtime 1717710263.0
File /Library/Frameworks/Python.framework/Versions/3.12/lib/python3.12/string.py first seen with mtime 1717710263.0
File /Users/cc/Documents/CC_Self/CCHome/PAV/venv/lib/python3.12/site-packages/django/db/models/manager.py first seen with mtime 1729230685.771803
File /Users/cc/Documents/CC_Self/CCHome/PAV/venv/lib/python3.12/site-packages/django/db/models/manager.py first seen with mtime 1729230685.771803
File /Users/cc/Documents/CC_Self/CCHome/PAV/venv/lib/python3.12/site-packages/cryptography/hazmat/primitives/asymmetric/dsa.py first seen with mtime 1729230686.4656274
File /Users/cc/Documents/CC_Self/CCHome/PAV/venv/lib/python3.12/site-packages/cryptography/hazmat/primitives/asymmetric/dsa.py first seen with mtime 1729230686.4656274
File /Users/cc/Documents/CC_Self/CCHome/PAV/venv/lib/python3.12/site-packages/django/db/models/fields/json.py first seen with mtime 1729230685.7728121
File /Users/cc/Documents/CC_Self/CCHome/PAV/venv/lib/python3.12/site-packages/django/db/models/fields/json.py first seen with mtime 1729230685.7728121
File /Library/Frameworks/Python.framework/Versions/3.12/lib/python3.12/concurrent/__init__.py first seen with mtime 1717710264.0
File /Library/Frameworks/Python.framework/Versions/3.12/lib/python3.12/concurrent/__init__.py first seen with mtime 1717710264.0
File /Library/Frameworks/Python.framework/Versions/3.12/lib/python3.12/lzma.py first seen with mtime 1717710263.0
File /Library/Frameworks/Python.framework/Versions/3.12/lib/python3.12/lzma.py first seen with mtime 1717710263.0
File /Users/cc/Documents/CC_Self/CCHome/PAV/venv/lib/python3.12/site-packages/django/core/files/__init__.py first seen with mtime 1729230685.7553632
File /Users/cc/Documents/CC_Self/CCHome/PAV/venv/lib/python3.12/site-packages/django/core/files/__init__.py first seen with mtime 1729230685.7553632
File /Users/cc/Documents/CC_Self/CCHome/PAV/venv/lib/python3.12/site-packages/django/core/files/utils.py first seen with mtime 1729230685.7561343
File /Users/cc/Documents/CC_Self/CCHome/PAV/venv/lib/python3.12/site-packages/django/core/files/utils.py first seen with mtime 1729230685.7561343
File /Users/cc/Documents/CC_Self/CCHome/PAV/venv/lib/python3.12/site-packages/django/db/models/expressions.py first seen with mtime 1729230685.7714975
File /Users/cc/Documents/CC_Self/CCHome/PAV/venv/lib/python3.12/site-packages/django/db/models/expressions.py first seen with mtime 1729230685.7714975
File /Users/cc/Documents/CC_Self/CCHome/PAV/venv/lib/python3.12/site-packages/django/http/cookie.py first seen with mtime 1729230685.7849295
File /Users/cc/Documents/CC_Self/CCHome/PAV/venv/lib/python3.12/site-packages/django/http/cookie.py first seen with mtime 1729230685.7849295
File /Users/cc/Documents/CC_Self/CCHome/PAV/venv/lib/python3.12/site-packages/django/contrib/auth/signals.py first seen with mtime 1729230685.4706779
File /Users/cc/Documents/CC_Self/CCHome/PAV/venv/lib/python3.12/site-packages/django/contrib/auth/signals.py first seen with mtime 1729230685.4706779
File /Users/cc/Documents/CC_Self/CCHome/PAV/venv/lib/python3.12/site-packages/django/db/models/fields/mixins.py first seen with mtime 1729230685.772888
File /Users/cc/Documents/CC_Self/CCHome/PAV/venv/lib/python3.12/site-packages/django/db/models/fields/mixins.py first seen with mtime 1729230685.772888
File /Library/Frameworks/Python.framework/Versions/3.12/lib/python3.12/email/mime/text.py first seen with mtime 1717710264.0
File /Library/Frameworks/Python.framework/Versions/3.12/lib/python3.12/email/mime/text.py first seen with mtime 1717710264.0
File /Users/cc/Documents/CC_Self/CCHome/PAV/venv/lib/python3.12/site-packages/django/contrib/admin/apps.py first seen with mtime 1729230685.3695073
File /Users/cc/Documents/CC_Self/CCHome/PAV/venv/lib/python3.12/site-packages/django/contrib/admin/apps.py first seen with mtime 1729230685.3695073
File /Users/cc/Documents/CC_Self/CCHome/PAV/venv/lib/python3.12/site-packages/django/core/checks/registry.py first seen with mtime 1729230685.75453
File /Users/cc/Documents/CC_Self/CCHome/PAV/venv/lib/python3.12/site-packages/django/core/checks/registry.py first seen with mtime 1729230685.75453
File /Library/Frameworks/Python.framework/Versions/3.12/lib/python3.12/functools.py first seen with mtime 1717710263.0
File /Library/Frameworks/Python.framework/Versions/3.12/lib/python3.12/functools.py first seen with mtime 1717710263.0
File /Library/Frameworks/Python.framework/Versions/3.12/lib/python3.12/traceback.py first seen with mtime 1717710263.0
File /Library/Frameworks/Python.framework/Versions/3.12/lib/python3.12/traceback.py first seen with mtime 1717710263.0
File /Library/Frameworks/Python.framework/Versions/3.12/lib/python3.12/lib-dynload/array.cpython-312-darwin.so first seen with mtime 1717710661.0
File /Library/Frameworks/Python.framework/Versions/3.12/lib/python3.12/lib-dynload/array.cpython-312-darwin.so first seen with mtime 1717710661.0
File /Users/cc/Documents/CC_Self/CCHome/PAV/venv/lib/python3.12/site-packages/django/contrib/admin/__init__.py first seen with mtime 1729230685.3693633
File /Users/cc/Documents/CC_Self/CCHome/PAV/venv/lib/python3.12/site-packages/django/contrib/admin/__init__.py first seen with mtime 1729230685.3693633
File /Library/Frameworks/Python.framework/Versions/3.12/lib/python3.12/concurrent/futures/_base.py first seen with mtime 1717710264.0
File /Library/Frameworks/Python.framework/Versions/3.12/lib/python3.12/concurrent/futures/_base.py first seen with mtime 1717710264.0
File /Users/cc/Documents/CC_Self/CCHome/PAV/venv/lib/python3.12/site-packages/cryptography/hazmat/primitives/asymmetric/utils.py first seen with mtime 1729230686.46542
File /Users/cc/Documents/CC_Self/CCHome/PAV/venv/lib/python3.12/site-packages/cryptography/hazmat/primitives/asymmetric/utils.py first seen with mtime 1729230686.46542
File /Library/Frameworks/Python.framework/Versions/3.12/lib/python3.12/asyncio/staggered.py first seen with mtime 1717710263.0
File /Library/Frameworks/Python.framework/Versions/3.12/lib/python3.12/asyncio/staggered.py first seen with mtime 1717710263.0
File /Users/cc/Documents/CC_Self/CCHome/PAV/venv/lib/python3.12/site-packages/sqlparse/utils.py first seen with mtime 1729230683.2972426
File /Users/cc/Documents/CC_Self/CCHome/PAV/venv/lib/python3.12/site-packages/sqlparse/utils.py first seen with mtime 1729230683.2972426
File /Users/cc/Documents/CC_Self/CCHome/PAV/show/views.py first seen with mtime 1725170769.8636854
File /Users/cc/Documents/CC_Self/CCHome/PAV/show/views.py first seen with mtime 1725170769.8636854
File /Library/Frameworks/Python.framework/Versions/3.12/lib/python3.12/lib-dynload/zlib.cpython-312-darwin.so first seen with mtime 1717710664.0
File /Library/Frameworks/Python.framework/Versions/3.12/lib/python3.12/lib-dynload/zlib.cpython-312-darwin.so first seen with mtime 1717710664.0
File /Users/cc/Documents/CC_Self/CCHome/PAV/venv/lib/python3.12/site-packages/django/core/paginator.py first seen with mtime 1729230685.752246
File /Users/cc/Documents/CC_Self/CCHome/PAV/venv/lib/python3.12/site-packages/django/core/paginator.py first seen with mtime 1729230685.752246
File /Users/cc/Documents/CC_Self/CCHome/PAV/venv/lib/python3.12/site-packages/django/core/signing.py first seen with mtime 1729230685.7524543
File /Users/cc/Documents/CC_Self/CCHome/PAV/venv/lib/python3.12/site-packages/django/core/signing.py first seen with mtime 1729230685.7524543
File /Users/cc/Documents/CC_Self/CCHome/PAV/venv/lib/python3.12/site-packages/django/contrib/staticfiles/__init__.py first seen with mtime 1729230685.7503667
File /Users/cc/Documents/CC_Self/CCHome/PAV/venv/lib/python3.12/site-packages/django/contrib/staticfiles/__init__.py first seen with mtime 1729230685.7503667
File /Users/cc/Documents/CC_Self/CCHome/PAV/venv/lib/python3.12/site-packages/pymysql/times.py first seen with mtime 1729230683.373307
File /Users/cc/Documents/CC_Self/CCHome/PAV/venv/lib/python3.12/site-packages/pymysql/times.py first seen with mtime 1729230683.373307
File /Users/cc/Documents/CC_Self/CCHome/PAV/venv/lib/python3.12/site-packages/django/db/models/functions/__init__.py first seen with mtime 1729230685.7735724
File /Users/cc/Documents/CC_Self/CCHome/PAV/venv/lib/python3.12/site-packages/django/db/models/functions/__init__.py first seen with mtime 1729230685.7735724
File /Library/Frameworks/Python.framework/Versions/3.12/lib/python3.12/email/iterators.py first seen with mtime 1717710264.0
File /Library/Frameworks/Python.framework/Versions/3.12/lib/python3.12/email/iterators.py first seen with mtime 1717710264.0
File /Library/Frameworks/Python.framework/Versions/3.12/lib/python3.12/lib-dynload/select.cpython-312-darwin.so first seen with mtime 1717710663.0
File /Library/Frameworks/Python.framework/Versions/3.12/lib/python3.12/lib-dynload/select.cpython-312-darwin.so first seen with mtime 1717710663.0
File /Users/cc/Documents/CC_Self/CCHome/PAV/venv/lib/python3.12/site-packages/sqlparse/filters/output.py first seen with mtime 1729230683.2980576
File /Users/cc/Documents/CC_Self/CCHome/PAV/venv/lib/python3.12/site-packages/sqlparse/filters/output.py first seen with mtime 1729230683.2980576
File /Library/Frameworks/Python.framework/Versions/3.12/lib/python3.12/email/charset.py first seen with mtime 1717710264.0
File /Library/Frameworks/Python.framework/Versions/3.12/lib/python3.12/email/charset.py first seen with mtime 1717710264.0
File /Users/cc/Documents/CC_Self/CCHome/PAV/venv/lib/python3.12/site-packages/django/core/serializers/base.py first seen with mtime 1729230685.7618706
File /Users/cc/Documents/CC_Self/CCHome/PAV/venv/lib/python3.12/site-packages/django/core/serializers/base.py first seen with mtime 1729230685.7618706
File /Library/Frameworks/Python.framework/Versions/3.12/lib/python3.12/decimal.py first seen with mtime 1717710263.0
File /Library/Frameworks/Python.framework/Versions/3.12/lib/python3.12/decimal.py first seen with mtime 1717710263.0
File /Users/cc/Documents/CC_Self/CCHome/PAV/venv/lib/python3.12/site-packages/django/templatetags/i18n.py first seen with mtime 1729230685.7890098
File /Users/cc/Documents/CC_Self/CCHome/PAV/venv/lib/python3.12/site-packages/django/templatetags/i18n.py first seen with mtime 1729230685.7890098
File /Library/Frameworks/Python.framework/Versions/3.12/lib/python3.12/calendar.py first seen with mtime 1717710263.0
File /Library/Frameworks/Python.framework/Versions/3.12/lib/python3.12/calendar.py first seen with mtime 1717710263.0
File /Users/cc/Documents/CC_Self/CCHome/PAV/venv/lib/python3.12/site-packages/django/conf/global_settings.py first seen with mtime 1729230685.3245976
File /Users/cc/Documents/CC_Self/CCHome/PAV/venv/lib/python3.12/site-packages/django/conf/global_settings.py first seen with mtime 1729230685.3245976
File /Users/cc/Documents/CC_Self/CCHome/PAV/venv/lib/python3.12/site-packages/sqlparse/exceptions.py first seen with mtime 1729230683.2967257
File /Users/cc/Documents/CC_Self/CCHome/PAV/venv/lib/python3.12/site-packages/sqlparse/exceptions.py first seen with mtime 1729230683.2967257
File /Users/cc/Documents/CC_Self/CCHome/PAV/venv/lib/python3.12/site-packages/cryptography/hazmat/decrepit/ciphers/algorithms.py first seen with mtime 1729230686.4613733
File /Users/cc/Documents/CC_Self/CCHome/PAV/venv/lib/python3.12/site-packages/cryptography/hazmat/decrepit/ciphers/algorithms.py first seen with mtime 1729230686.4613733
File /Users/cc/Documents/CC_Self/CCHome/PAV/venv/lib/python3.12/site-packages/django/views/generic/edit.py first seen with mtime 1729230685.7975497
File /Users/cc/Documents/CC_Self/CCHome/PAV/venv/lib/python3.12/site-packages/django/views/generic/edit.py first seen with mtime 1729230685.7975497
File /Users/cc/Documents/CC_Self/CCHome/PAV/venv/lib/python3.12/site-packages/asgiref/current_thread_executor.py first seen with mtime 1729230684.9765012
File /Users/cc/Documents/CC_Self/CCHome/PAV/venv/lib/python3.12/site-packages/asgiref/current_thread_executor.py first seen with mtime 1729230684.9765012
File /Users/cc/Documents/CC_Self/CCHome/PAV/venv/lib/python3.12/site-packages/django/core/files/storage/__init__.py first seen with mtime 1729230685.756256
File /Users/cc/Documents/CC_Self/CCHome/PAV/venv/lib/python3.12/site-packages/django/core/files/storage/__init__.py first seen with mtime 1729230685.756256
File /Library/Frameworks/Python.framework/Versions/3.12/lib/python3.12/asyncio/selector_events.py first seen with mtime 1717710263.0
File /Library/Frameworks/Python.framework/Versions/3.12/lib/python3.12/asyncio/selector_events.py first seen with mtime 1717710263.0
File /Users/cc/Documents/CC_Self/CCHome/PAV/venv/lib/python3.12/site-packages/cryptography/hazmat/__init__.py first seen with mtime 1729230686.4618795
File /Users/cc/Documents/CC_Self/CCHome/PAV/venv/lib/python3.12/site-packages/cryptography/hazmat/__init__.py first seen with mtime 1729230686.4618795
File /Users/cc/Documents/CC_Self/CCHome/PAV/venv/lib/python3.12/site-packages/django/contrib/staticfiles/finders.py first seen with mtime 1729230685.7506366
File /Users/cc/Documents/CC_Self/CCHome/PAV/venv/lib/python3.12/site-packages/django/contrib/staticfiles/finders.py first seen with mtime 1729230685.7506366
File /Users/cc/Documents/CC_Self/CCHome/PAV/venv/lib/python3.12/site-packages/django/core/files/locks.py first seen with mtime 1729230685.7556465
File /Users/cc/Documents/CC_Self/CCHome/PAV/venv/lib/python3.12/site-packages/django/core/files/locks.py first seen with mtime 1729230685.7556465
File /Users/cc/Documents/CC_Self/CCHome/PAV/venv/lib/python3.12/site-packages/sqlparse/lexer.py first seen with mtime 1729230683.2970243
File /Users/cc/Documents/CC_Self/CCHome/PAV/venv/lib/python3.12/site-packages/sqlparse/lexer.py first seen with mtime 1729230683.2970243
File /Users/cc/Documents/CC_Self/CCHome/PAV/venv/lib/python3.12/site-packages/django/middleware/cache.py first seen with mtime 1729230685.7855122
File /Users/cc/Documents/CC_Self/CCHome/PAV/venv/lib/python3.12/site-packages/django/middleware/cache.py first seen with mtime 1729230685.7855122
File /Library/Frameworks/Python.framework/Versions/3.12/lib/python3.12/email/message.py first seen with mtime 1717710264.0
File /Library/Frameworks/Python.framework/Versions/3.12/lib/python3.12/email/message.py first seen with mtime 1717710264.0
File /Users/cc/Documents/CC_Self/CCHome/PAV/venv/lib/python3.12/site-packages/django/utils/choices.py first seen with mtime 1729230685.7914553
File /Users/cc/Documents/CC_Self/CCHome/PAV/venv/lib/python3.12/site-packages/django/utils/choices.py first seen with mtime 1729230685.7914553
File /Library/Frameworks/Python.framework/Versions/3.12/lib/python3.12/lib-dynload/_hashlib.cpython-312-darwin.so first seen with mtime 1717710655.0
File /Library/Frameworks/Python.framework/Versions/3.12/lib/python3.12/lib-dynload/_hashlib.cpython-312-darwin.so first seen with mtime 1717710655.0
File /Users/cc/Documents/CC_Self/CCHome/PAV/venv/lib/python3.12/site-packages/sqlparse/filters/tokens.py first seen with mtime 1729230683.298314
File /Users/cc/Documents/CC_Self/CCHome/PAV/venv/lib/python3.12/site-packages/sqlparse/filters/tokens.py first seen with mtime 1729230683.298314
File /Users/cc/Documents/CC_Self/CCHome/PAV/venv/lib/python3.12/site-packages/asgiref/__init__.py first seen with mtime 1729230684.9763079
File /Users/cc/Documents/CC_Self/CCHome/PAV/venv/lib/python3.12/site-packages/asgiref/__init__.py first seen with mtime 1729230684.9763079
File /Users/cc/Documents/CC_Self/CCHome/PAV/venv/lib/python3.12/site-packages/django/contrib/admin/checks.py first seen with mtime 1729230685.3696444
File /Users/cc/Documents/CC_Self/CCHome/PAV/venv/lib/python3.12/site-packages/django/contrib/admin/checks.py first seen with mtime 1729230685.3696444
File /Library/Frameworks/Python.framework/Versions/3.12/lib/python3.12/selectors.py first seen with mtime 1717710263.0
File /Library/Frameworks/Python.framework/Versions/3.12/lib/python3.12/selectors.py first seen with mtime 1717710263.0
File /Users/cc/Documents/CC_Self/CCHome/PAV/show/admin.py first seen with mtime 1725105618.2435699
File /Users/cc/Documents/CC_Self/CCHome/PAV/show/admin.py first seen with mtime 1725105618.2435699
File /Users/cc/Documents/CC_Self/CCHome/PAV/venv/lib/python3.12/site-packages/django/conf/urls/__init__.py first seen with mtime 1729230685.3690248
File /Users/cc/Documents/CC_Self/CCHome/PAV/venv/lib/python3.12/site-packages/django/conf/urls/__init__.py first seen with mtime 1729230685.3690248
File /Users/cc/Documents/CC_Self/CCHome/PAV/venv/lib/python3.12/site-packages/django/core/checks/security/base.py first seen with mtime 1729230685.755103
File /Users/cc/Documents/CC_Self/CCHome/PAV/venv/lib/python3.12/site-packages/django/core/checks/security/base.py first seen with mtime 1729230685.755103
File /Users/cc/Documents/CC_Self/CCHome/PAV/venv/lib/python3.12/site-packages/django/contrib/auth/models.py first seen with mtime 1729230685.470445
File /Users/cc/Documents/CC_Self/CCHome/PAV/venv/lib/python3.12/site-packages/django/contrib/auth/models.py first seen with mtime 1729230685.470445
File /Users/cc/Documents/CC_Self/CCHome/PAV/venv/lib/python3.12/site-packages/sqlparse/engine/__init__.py first seen with mtime 1729230683.2973456
File /Users/cc/Documents/CC_Self/CCHome/PAV/venv/lib/python3.12/site-packages/sqlparse/engine/__init__.py first seen with mtime 1729230683.2973456
File /Library/Frameworks/Python.framework/Versions/3.12/lib/python3.12/weakref.py first seen with mtime 1717710263.0
File /Library/Frameworks/Python.framework/Versions/3.12/lib/python3.12/weakref.py first seen with mtime 1717710263.0
File /Library/Frameworks/Python.framework/Versions/3.12/lib/python3.12/urllib/parse.py first seen with mtime 1717710265.0
File /Library/Frameworks/Python.framework/Versions/3.12/lib/python3.12/urllib/parse.py first seen with mtime 1717710265.0
File /Library/Frameworks/Python.framework/Versions/3.12/lib/python3.12/heapq.py first seen with mtime 1717710263.0
File /Library/Frameworks/Python.framework/Versions/3.12/lib/python3.12/heapq.py first seen with mtime 1717710263.0
File /Library/Frameworks/Python.framework/Versions/3.12/lib/python3.12/lib-dynload/_bz2.cpython-312-darwin.so first seen with mtime 1717710652.0
File /Library/Frameworks/Python.framework/Versions/3.12/lib/python3.12/lib-dynload/_bz2.cpython-312-darwin.so first seen with mtime 1717710652.0
File /Users/cc/Documents/CC_Self/CCHome/PAV/venv/lib/python3.12/site-packages/django/db/models/functions/datetime.py first seen with mtime 1729230685.7738237
File /Users/cc/Documents/CC_Self/CCHome/PAV/venv/lib/python3.12/site-packages/django/db/models/functions/datetime.py first seen with mtime 1729230685.7738237
File /Users/cc/Documents/CC_Self/CCHome/PAV/venv/lib/python3.12/site-packages/django/views/decorators/__init__.py first seen with mtime 1729230685.79621
File /Users/cc/Documents/CC_Self/CCHome/PAV/venv/lib/python3.12/site-packages/django/views/decorators/__init__.py first seen with mtime 1729230685.79621
File /Users/cc/Documents/CC_Self/CCHome/PAV/venv/lib/python3.12/site-packages/django/forms/__init__.py first seen with mtime 1729230685.7756925
File /Users/cc/Documents/CC_Self/CCHome/PAV/venv/lib/python3.12/site-packages/django/forms/__init__.py first seen with mtime 1729230685.7756925
File /Library/Frameworks/Python.framework/Versions/3.12/lib/python3.12/quopri.py first seen with mtime 1717710263.0
File /Library/Frameworks/Python.framework/Versions/3.12/lib/python3.12/quopri.py first seen with mtime 1717710263.0
File /Library/Frameworks/Python.framework/Versions/3.12/lib/python3.12/http/client.py first seen with mtime 1717710264.0
File /Library/Frameworks/Python.framework/Versions/3.12/lib/python3.12/http/client.py first seen with mtime 1717710264.0
File /Users/cc/Documents/CC_Self/CCHome/PAV/venv/lib/python3.12/site-packages/django/contrib/admin/filters.py first seen with mtime 1729230685.3699436
File /Users/cc/Documents/CC_Self/CCHome/PAV/venv/lib/python3.12/site-packages/django/contrib/admin/filters.py first seen with mtime 1729230685.3699436
File /Library/Frameworks/Python.framework/Versions/3.12/lib/python3.12/json/scanner.py first seen with mtime 1717710265.0
File /Library/Frameworks/Python.framework/Versions/3.12/lib/python3.12/json/scanner.py first seen with mtime 1717710265.0
File /Users/cc/Documents/CC_Self/CCHome/PAV/venv/lib/python3.12/site-packages/cryptography/hazmat/primitives/_serialization.py first seen with mtime 1729230686.4627445
File /Users/cc/Documents/CC_Self/CCHome/PAV/venv/lib/python3.12/site-packages/cryptography/hazmat/primitives/_serialization.py first seen with mtime 1729230686.4627445
File /Library/Frameworks/Python.framework/Versions/3.12/lib/python3.12/asyncio/timeouts.py first seen with mtime 1717710263.0
File /Library/Frameworks/Python.framework/Versions/3.12/lib/python3.12/asyncio/timeouts.py first seen with mtime 1717710263.0
File /Users/cc/Documents/CC_Self/CCHome/PAV/venv/lib/python3.12/site-packages/django/core/handlers/wsgi.py first seen with mtime 1729230685.757446
File /Users/cc/Documents/CC_Self/CCHome/PAV/venv/lib/python3.12/site-packages/django/core/handlers/wsgi.py first seen with mtime 1729230685.757446
File /Users/cc/Documents/CC_Self/CCHome/PAV/venv/lib/python3.12/site-packages/django/urls/__init__.py first seen with mtime 1729230685.7903202
File /Users/cc/Documents/CC_Self/CCHome/PAV/venv/lib/python3.12/site-packages/django/urls/__init__.py first seen with mtime 1729230685.7903202
File /Library/Frameworks/Python.framework/Versions/3.12/lib/python3.12/lib-dynload/_decimal.cpython-312-darwin.so first seen with mtime 1717710655.0
File /Library/Frameworks/Python.framework/Versions/3.12/lib/python3.12/lib-dynload/_decimal.cpython-312-darwin.so first seen with mtime 1717710655.0
File /Library/Frameworks/Python.framework/Versions/3.12/lib/python3.12/subprocess.py first seen with mtime 1717710263.0
File /Library/Frameworks/Python.framework/Versions/3.12/lib/python3.12/subprocess.py first seen with mtime 1717710263.0
File /Users/cc/Documents/CC_Self/CCHome/PAV/venv/lib/python3.12/site-packages/django/core/wsgi.py first seen with mtime 1729230685.7526424
File /Users/cc/Documents/CC_Self/CCHome/PAV/venv/lib/python3.12/site-packages/django/core/wsgi.py first seen with mtime 1729230685.7526424
File /Users/cc/Documents/CC_Self/CCHome/PAV/venv/lib/python3.12/site-packages/django/contrib/auth/base_user.py first seen with mtime 1729230685.4693496
File /Users/cc/Documents/CC_Self/CCHome/PAV/venv/lib/python3.12/site-packages/django/contrib/auth/base_user.py first seen with mtime 1729230685.4693496
File /Users/cc/Documents/CC_Self/CCHome/PAV/venv/lib/python3.12/site-packages/django/views/static.py first seen with mtime 1729230685.7961116
File /Users/cc/Documents/CC_Self/CCHome/PAV/venv/lib/python3.12/site-packages/django/views/static.py first seen with mtime 1729230685.7961116
File /Users/cc/Documents/CC_Self/CCHome/PAV/venv/lib/python3.12/site-packages/django/db/backends/mysql/__init__.py first seen with mtime 1729230685.76469
File /Users/cc/Documents/CC_Self/CCHome/PAV/venv/lib/python3.12/site-packages/django/db/backends/mysql/__init__.py first seen with mtime 1729230685.76469
File /Users/cc/Documents/CC_Self/CCHome/PAV/venv/lib/python3.12/site-packages/django/db/migrations/exceptions.py first seen with mtime 1729230685.7690003
File /Users/cc/Documents/CC_Self/CCHome/PAV/venv/lib/python3.12/site-packages/django/db/migrations/exceptions.py first seen with mtime 1729230685.7690003
File /Users/cc/Documents/CC_Self/CCHome/PAV/venv/lib/python3.12/site-packages/django/template/loaders/app_directories.py first seen with mtime 1729230685.788475
File /Users/cc/Documents/CC_Self/CCHome/PAV/venv/lib/python3.12/site-packages/django/template/loaders/app_directories.py first seen with mtime 1729230685.788475
File /Users/cc/Documents/CC_Self/CCHome/PAV/venv/lib/python3.12/site-packages/cryptography/hazmat/primitives/asymmetric/rsa.py first seen with mtime 1729230686.4650624
File /Users/cc/Documents/CC_Self/CCHome/PAV/venv/lib/python3.12/site-packages/cryptography/hazmat/primitives/asymmetric/rsa.py first seen with mtime 1729230686.4650624
File /Users/cc/Documents/CC_Self/CCHome/PAV/venv/lib/python3.12/site-packages/django/contrib/contenttypes/apps.py first seen with mtime 1729230685.5340874
File /Users/cc/Documents/CC_Self/CCHome/PAV/venv/lib/python3.12/site-packages/django/contrib/contenttypes/apps.py first seen with mtime 1729230685.5340874
File /Users/cc/Documents/CC_Self/CCHome/PAV/venv/lib/python3.12/site-packages/django/contrib/sessions/middleware.py first seen with mtime 1729230685.6993136
File /Users/cc/Documents/CC_Self/CCHome/PAV/venv/lib/python3.12/site-packages/django/contrib/sessions/middleware.py first seen with mtime 1729230685.6993136
File /Library/Frameworks/Python.framework/Versions/3.12/lib/python3.12/asyncio/coroutines.py first seen with mtime 1717710263.0
File /Library/Frameworks/Python.framework/Versions/3.12/lib/python3.12/asyncio/coroutines.py first seen with mtime 1717710263.0
File /Library/Frameworks/Python.framework/Versions/3.12/lib/python3.12/http/__init__.py first seen with mtime 1717710264.0
File /Library/Frameworks/Python.framework/Versions/3.12/lib/python3.12/http/__init__.py first seen with mtime 1717710264.0
File /Users/cc/Documents/CC_Self/CCHome/PAV/venv/lib/python3.12/site-packages/django/db/models/deletion.py first seen with mtime 1729230685.7712908
File /Users/cc/Documents/CC_Self/CCHome/PAV/venv/lib/python3.12/site-packages/django/db/models/deletion.py first seen with mtime 1729230685.7712908
File /Users/cc/Documents/CC_Self/CCHome/PAV/venv/lib/python3.12/site-packages/django/contrib/messages/apps.py first seen with mtime 1729230685.650868
File /Users/cc/Documents/CC_Self/CCHome/PAV/venv/lib/python3.12/site-packages/django/contrib/messages/apps.py first seen with mtime 1729230685.650868
File /Users/cc/Documents/CC_Self/CCHome/PAV/venv/lib/python3.12/site-packages/django/core/files/storage/memory.py first seen with mtime 1729230685.7567112
File /Users/cc/Documents/CC_Self/CCHome/PAV/venv/lib/python3.12/site-packages/django/core/files/storage/memory.py first seen with mtime 1729230685.7567112
File /Users/cc/Documents/CC_Self/CCHome/PAV/venv/lib/python3.12/site-packages/django/contrib/staticfiles/utils.py first seen with mtime 1729230685.7510722
File /Users/cc/Documents/CC_Self/CCHome/PAV/venv/lib/python3.12/site-packages/django/contrib/staticfiles/utils.py first seen with mtime 1729230685.7510722
File /Users/cc/Documents/CC_Self/CCHome/PAV/PAV/settings.py first seen with mtime 1730474315.0146637
File /Users/cc/Documents/CC_Self/CCHome/PAV/PAV/settings.py first seen with mtime 1730474315.0146637
File /Library/Frameworks/Python.framework/Versions/3.12/lib/python3.12/lib-dynload/_queue.cpython-312-darwin.so first seen with mtime 1717710657.0
File /Library/Frameworks/Python.framework/Versions/3.12/lib/python3.12/lib-dynload/_queue.cpython-312-darwin.so first seen with mtime 1717710657.0
File /Users/cc/Documents/CC_Self/CCHome/PAV/venv/lib/python3.12/site-packages/django/db/models/query.py first seen with mtime 1729230685.7720716
File /Users/cc/Documents/CC_Self/CCHome/PAV/venv/lib/python3.12/site-packages/django/db/models/query.py first seen with mtime 1729230685.7720716
File /Users/cc/Documents/CC_Self/CCHome/PAV/venv/lib/python3.12/site-packages/django/contrib/admin/utils.py first seen with mtime 1729230685.3707988
File /Users/cc/Documents/CC_Self/CCHome/PAV/venv/lib/python3.12/site-packages/django/contrib/admin/utils.py first seen with mtime 1729230685.3707988
File /Users/cc/Documents/CC_Self/CCHome/PAV/venv/lib/python3.12/site-packages/django/template/defaulttags.py first seen with mtime 1729230685.7869961
File /Users/cc/Documents/CC_Self/CCHome/PAV/venv/lib/python3.12/site-packages/django/template/defaulttags.py first seen with mtime 1729230685.7869961
File /Library/Frameworks/Python.framework/Versions/3.12/lib/python3.12/encodings/aliases.py first seen with mtime 1717710264.0
File /Library/Frameworks/Python.framework/Versions/3.12/lib/python3.12/encodings/aliases.py first seen with mtime 1717710264.0
File /Users/cc/Documents/CC_Self/CCHome/PAV/venv/lib/python3.12/site-packages/django/core/checks/messages.py first seen with mtime 1729230685.7543223
File /Users/cc/Documents/CC_Self/CCHome/PAV/venv/lib/python3.12/site-packages/django/core/checks/messages.py first seen with mtime 1729230685.7543223
File /Users/cc/Documents/CC_Self/CCHome/PAV/f_proc/templates/.DS_Store first seen with mtime 1723444317.0105464
File /Users/cc/Documents/CC_Self/CCHome/PAV/f_proc/templates/.DS_Store first seen with mtime 1723444317.0105464
File /Users/cc/Documents/CC_Self/CCHome/PAV/f_proc/templates/f_proc first seen with mtime 1730091672.7539563
File /Users/cc/Documents/CC_Self/CCHome/PAV/f_proc/templates/f_proc first seen with mtime 1730091672.7539563
File /Users/cc/Documents/CC_Self/CCHome/PAV/f_proc/templates/f_proc/v2hls.html first seen with mtime 1725891897.4783995
File /Users/cc/Documents/CC_Self/CCHome/PAV/f_proc/templates/f_proc/v2hls.html first seen with mtime 1725891897.4783995
File /Users/cc/Documents/CC_Self/CCHome/PAV/f_proc/templates/f_proc/checkAllFile.html first seen with mtime 1730083045.4359303
File /Users/cc/Documents/CC_Self/CCHome/PAV/f_proc/templates/f_proc/checkAllFile.html first seen with mtime 1730083045.4359303
File /Users/cc/Documents/CC_Self/CCHome/PAV/f_proc/templates/f_proc/base_ct.html first seen with mtime 1726897333.2463403
File /Users/cc/Documents/CC_Self/CCHome/PAV/f_proc/templates/f_proc/base_ct.html first seen with mtime 1726897333.2463403
File /Users/cc/Documents/CC_Self/CCHome/PAV/f_proc/templates/f_proc/base.html first seen with mtime 1726020282.4695687
File /Users/cc/Documents/CC_Self/CCHome/PAV/f_proc/templates/f_proc/base.html first seen with mtime 1726020282.4695687
File /Users/cc/Documents/CC_Self/CCHome/PAV/f_proc/templates/f_proc/base_upload_dir.html first seen with mtime 1726920970.1607993
File /Users/cc/Documents/CC_Self/CCHome/PAV/f_proc/templates/f_proc/base_upload_dir.html first seen with mtime 1726920970.1607993
File /Users/cc/Documents/CC_Self/CCHome/PAV/f_proc/templates/f_proc/list.html first seen with mtime 1725891824.1026528
File /Users/cc/Documents/CC_Self/CCHome/PAV/f_proc/templates/f_proc/list.html first seen with mtime 1725891824.1026528
File /Users/cc/Documents/CC_Self/CCHome/PAV/f_proc/templates/f_proc/base_list.html first seen with mtime 1726649561.255141
File /Users/cc/Documents/CC_Self/CCHome/PAV/f_proc/templates/f_proc/base_list.html first seen with mtime 1726649561.255141
File /Users/cc/Documents/CC_Self/CCHome/PAV/f_proc/templates/f_proc/ct.html first seen with mtime 1725891965.6607885
File /Users/cc/Documents/CC_Self/CCHome/PAV/f_proc/templates/f_proc/ct.html first seen with mtime 1725891965.6607885
File /Users/cc/Documents/CC_Self/CCHome/PAV/f_proc/templates/f_proc/404.html first seen with mtime 1724931395.2643437
File /Users/cc/Documents/CC_Self/CCHome/PAV/f_proc/templates/f_proc/404.html first seen with mtime 1724931395.2643437
File /Users/cc/Documents/CC_Self/CCHome/PAV/f_proc/templates/f_proc/base_upload_hls.html first seen with mtime 1727436345.6902459
File /Users/cc/Documents/CC_Self/CCHome/PAV/f_proc/templates/f_proc/base_upload_hls.html first seen with mtime 1727436345.6902459
File /Users/cc/Documents/CC_Self/CCHome/PAV/f_proc/templates/f_proc/base_v2hls.html first seen with mtime 1726368189.7547226
File /Users/cc/Documents/CC_Self/CCHome/PAV/f_proc/templates/f_proc/base_v2hls.html first seen with mtime 1726368189.7547226
File /Users/cc/Documents/CC_Self/CCHome/PAV/f_proc/templates/f_proc/base_proc_dis_file.html first seen with mtime 1730094720.2633197
File /Users/cc/Documents/CC_Self/CCHome/PAV/f_proc/templates/f_proc/base_proc_dis_file.html first seen with mtime 1730094720.2633197
File /Users/cc/Documents/CC_Self/CCHome/PAV/f_proc/templates/f_proc/random.html first seen with mtime 1726476137.1693559
File /Users/cc/Documents/CC_Self/CCHome/PAV/f_proc/templates/f_proc/random.html first seen with mtime 1726476137.1693559
File /Users/cc/Documents/CC_Self/CCHome/PAV/f_proc/templates/f_proc/upload_dir.html first seen with mtime 1726891762.3640983
File /Users/cc/Documents/CC_Self/CCHome/PAV/f_proc/templates/f_proc/upload_dir.html first seen with mtime 1726891762.3640983
File /Users/cc/Documents/CC_Self/CCHome/PAV/f_proc/templates/f_proc/base_random.html first seen with mtime 1727254285.897062
File /Users/cc/Documents/CC_Self/CCHome/PAV/f_proc/templates/f_proc/base_random.html first seen with mtime 1727254285.897062
File /Users/cc/Documents/CC_Self/CCHome/PAV/f_proc/templates/f_proc/base_delete.html first seen with mtime 1726368105.963921
File /Users/cc/Documents/CC_Self/CCHome/PAV/f_proc/templates/f_proc/base_delete.html first seen with mtime 1726368105.963921
File /Users/cc/Documents/CC_Self/CCHome/PAV/f_proc/templates/f_proc/base_upload.html first seen with mtime 1726218758.681473
File /Users/cc/Documents/CC_Self/CCHome/PAV/f_proc/templates/f_proc/base_upload.html first seen with mtime 1726218758.681473
File /Users/cc/Documents/CC_Self/CCHome/PAV/f_proc/templates/f_proc/base_filter.html first seen with mtime 1726649599.1921616
File /Users/cc/Documents/CC_Self/CCHome/PAV/f_proc/templates/f_proc/base_filter.html first seen with mtime 1726649599.1921616
File /Users/cc/Documents/CC_Self/CCHome/PAV/f_proc/templates/f_proc/proc_dis_file.html first seen with mtime 1730091653.9952068
File /Users/cc/Documents/CC_Self/CCHome/PAV/f_proc/templates/f_proc/proc_dis_file.html first seen with mtime 1730091653.9952068
File /Users/cc/Documents/CC_Self/CCHome/PAV/f_proc/templates/f_proc/delete.html first seen with mtime 1726219077.3907254
File /Users/cc/Documents/CC_Self/CCHome/PAV/f_proc/templates/f_proc/delete.html first seen with mtime 1726219077.3907254
File /Users/cc/Documents/CC_Self/CCHome/PAV/f_proc/templates/f_proc/nav.html first seen with mtime 1726538280.2516758
File /Users/cc/Documents/CC_Self/CCHome/PAV/f_proc/templates/f_proc/nav.html first seen with mtime 1726538280.2516758
File /Users/cc/Documents/CC_Self/CCHome/PAV/f_proc/templates/f_proc/upload.html first seen with mtime 1725891920.4677904
File /Users/cc/Documents/CC_Self/CCHome/PAV/f_proc/templates/f_proc/upload.html first seen with mtime 1725891920.4677904
File /Users/cc/Documents/CC_Self/CCHome/PAV/f_proc/templates/f_proc/upload_hls.html first seen with mtime 1727400872.8842237
File /Users/cc/Documents/CC_Self/CCHome/PAV/f_proc/templates/f_proc/upload_hls.html first seen with mtime 1727400872.8842237
File /Users/cc/Documents/CC_Self/CCHome/PAV/f_proc/templates/f_proc/filter.html first seen with mtime 1730474118.1955228
File /Users/cc/Documents/CC_Self/CCHome/PAV/f_proc/templates/f_proc/filter.html first seen with mtime 1730474118.1955228
File /Users/cc/Documents/CC_Self/CCHome/PAV/show/templates/show first seen with mtime 1725170513.966875
File /Users/cc/Documents/CC_Self/CCHome/PAV/show/templates/show first seen with mtime 1725170513.966875
File /Users/cc/Documents/CC_Self/CCHome/PAV/show/templates/show/index.html first seen with mtime 1726216566.2719233
File /Users/cc/Documents/CC_Self/CCHome/PAV/show/templates/show/index.html first seen with mtime 1726216566.2719233
File /Users/cc/Documents/CC_Self/CCHome/PAV/venv/lib/python3.12/site-packages/django/contrib/auth/migrations/0005_alter_user_last_login_null.py first seen with mtime 1729230685.5328724
File /Users/cc/Documents/CC_Self/CCHome/PAV/venv/lib/python3.12/site-packages/django/contrib/auth/migrations/0005_alter_user_last_login_null.py first seen with mtime 1729230685.5328724
File /Users/cc/Documents/CC_Self/CCHome/PAV/venv/lib/python3.12/site-packages/django/contrib/auth/migrations/0012_alter_user_first_name_max_length.py first seen with mtime 1729230685.5334558
File /Users/cc/Documents/CC_Self/CCHome/PAV/venv/lib/python3.12/site-packages/django/contrib/auth/migrations/0012_alter_user_first_name_max_length.py first seen with mtime 1729230685.5334558
File /Users/cc/Documents/CC_Self/CCHome/PAV/venv/lib/python3.12/site-packages/django/contrib/contenttypes/migrations/0002_remove_content_type_name.py first seen with mtime 1729230685.5589855
File /Users/cc/Documents/CC_Self/CCHome/PAV/venv/lib/python3.12/site-packages/django/contrib/contenttypes/migrations/0002_remove_content_type_name.py first seen with mtime 1729230685.5589855
File /Users/cc/Documents/CC_Self/CCHome/PAV/venv/lib/python3.12/site-packages/django/contrib/admin/migrations/0001_initial.py first seen with mtime 1729230685.4212947
File /Users/cc/Documents/CC_Self/CCHome/PAV/venv/lib/python3.12/site-packages/django/contrib/admin/migrations/0001_initial.py first seen with mtime 1729230685.4212947
File /Users/cc/Documents/CC_Self/CCHome/PAV/PAV/wsgi.py first seen with mtime 1722835473.1499202
File /Users/cc/Documents/CC_Self/CCHome/PAV/PAV/wsgi.py first seen with mtime 1722835473.1499202
File /Users/cc/Documents/CC_Self/CCHome/PAV/venv/lib/python3.12/site-packages/django/contrib/sessions/migrations/__init__.py first seen with mtime 1729230685.7251523
File /Users/cc/Documents/CC_Self/CCHome/PAV/venv/lib/python3.12/site-packages/django/contrib/sessions/migrations/__init__.py first seen with mtime 1729230685.7251523
File /Users/cc/Documents/CC_Self/CCHome/PAV/venv/lib/python3.12/site-packages/django/contrib/auth/migrations/0006_require_contenttypes_0002.py first seen with mtime 1729230685.5329506
File /Users/cc/Documents/CC_Self/CCHome/PAV/venv/lib/python3.12/site-packages/django/contrib/auth/migrations/0006_require_contenttypes_0002.py first seen with mtime 1729230685.5329506
File /Users/cc/Documents/CC_Self/CCHome/PAV/venv/lib/python3.12/site-packages/django/contrib/auth/migrations/0008_alter_user_username_max_length.py first seen with mtime 1729230685.5331032
File /Users/cc/Documents/CC_Self/CCHome/PAV/venv/lib/python3.12/site-packages/django/contrib/auth/migrations/0008_alter_user_username_max_length.py first seen with mtime 1729230685.5331032
File /Users/cc/Documents/CC_Self/CCHome/PAV/venv/lib/python3.12/site-packages/django/middleware/common.py first seen with mtime 1729230685.7857127
File /Users/cc/Documents/CC_Self/CCHome/PAV/venv/lib/python3.12/site-packages/django/middleware/common.py first seen with mtime 1729230685.7857127
File /Users/cc/Documents/CC_Self/CCHome/PAV/venv/lib/python3.12/site-packages/django/contrib/messages/middleware.py first seen with mtime 1729230685.6510913
File /Users/cc/Documents/CC_Self/CCHome/PAV/venv/lib/python3.12/site-packages/django/contrib/messages/middleware.py first seen with mtime 1729230685.6510913
File /Users/cc/Documents/CC_Self/CCHome/PAV/venv/lib/python3.12/site-packages/django/contrib/contenttypes/migrations/__init__.py first seen with mtime 1729230685.5590332
File /Users/cc/Documents/CC_Self/CCHome/PAV/venv/lib/python3.12/site-packages/django/contrib/contenttypes/migrations/__init__.py first seen with mtime 1729230685.5590332
File /Users/cc/Documents/CC_Self/CCHome/PAV/venv/lib/python3.12/site-packages/django/contrib/admin/migrations/0003_logentry_add_action_flag_choices.py first seen with mtime 1729230685.4214795
File /Users/cc/Documents/CC_Self/CCHome/PAV/venv/lib/python3.12/site-packages/django/contrib/admin/migrations/0003_logentry_add_action_flag_choices.py first seen with mtime 1729230685.4214795
File /Library/Frameworks/Python.framework/Versions/3.12/lib/python3.12/encodings/idna.py first seen with mtime 1717710264.0
File /Library/Frameworks/Python.framework/Versions/3.12/lib/python3.12/encodings/idna.py first seen with mtime 1717710264.0
File /Users/cc/Documents/CC_Self/CCHome/PAV/venv/lib/python3.12/site-packages/django/db/migrations/recorder.py first seen with mtime 1729230685.7696955
File /Users/cc/Documents/CC_Self/CCHome/PAV/venv/lib/python3.12/site-packages/django/db/migrations/recorder.py first seen with mtime 1729230685.7696955
File /Users/cc/Documents/CC_Self/CCHome/PAV/venv/lib/python3.12/site-packages/django/contrib/auth/migrations/__init__.py first seen with mtime 1729230685.5334995
File /Users/cc/Documents/CC_Self/CCHome/PAV/venv/lib/python3.12/site-packages/django/contrib/auth/migrations/__init__.py first seen with mtime 1729230685.5334995
File /Users/cc/Documents/CC_Self/CCHome/PAV/venv/lib/python3.12/site-packages/django/contrib/auth/migrations/0003_alter_user_email_max_length.py first seen with mtime 1729230685.532718
File /Users/cc/Documents/CC_Self/CCHome/PAV/venv/lib/python3.12/site-packages/django/contrib/auth/migrations/0003_alter_user_email_max_length.py first seen with mtime 1729230685.532718
File /Users/cc/Documents/CC_Self/CCHome/PAV/venv/lib/python3.12/site-packages/django/contrib/admin/migrations/__init__.py first seen with mtime 1729230685.4215386
File /Users/cc/Documents/CC_Self/CCHome/PAV/venv/lib/python3.12/site-packages/django/contrib/admin/migrations/__init__.py first seen with mtime 1729230685.4215386
File /Users/cc/Documents/CC_Self/CCHome/PAV/venv/lib/python3.12/site-packages/django/contrib/contenttypes/migrations/0001_initial.py first seen with mtime 1729230685.558905
File /Users/cc/Documents/CC_Self/CCHome/PAV/venv/lib/python3.12/site-packages/django/contrib/contenttypes/migrations/0001_initial.py first seen with mtime 1729230685.558905
File /Users/cc/Documents/CC_Self/CCHome/PAV/venv/lib/python3.12/site-packages/django/contrib/auth/migrations/0001_initial.py first seen with mtime 1729230685.5325522
File /Users/cc/Documents/CC_Self/CCHome/PAV/venv/lib/python3.12/site-packages/django/contrib/auth/migrations/0001_initial.py first seen with mtime 1729230685.5325522
File /Users/cc/Documents/CC_Self/CCHome/PAV/venv/lib/python3.12/site-packages/django/contrib/auth/migrations/0009_alter_user_last_name_max_length.py first seen with mtime 1729230685.5331864
File /Users/cc/Documents/CC_Self/CCHome/PAV/venv/lib/python3.12/site-packages/django/contrib/auth/migrations/0009_alter_user_last_name_max_length.py first seen with mtime 1729230685.5331864
File /Library/Frameworks/Python.framework/Versions/3.12/lib/python3.12/stringprep.py first seen with mtime 1717710263.0
File /Library/Frameworks/Python.framework/Versions/3.12/lib/python3.12/stringprep.py first seen with mtime 1717710263.0
File /Users/cc/Documents/CC_Self/CCHome/PAV/venv/lib/python3.12/site-packages/django/contrib/sessions/backends/db.py first seen with mtime 1729230685.6999402
File /Users/cc/Documents/CC_Self/CCHome/PAV/venv/lib/python3.12/site-packages/django/contrib/sessions/backends/db.py first seen with mtime 1729230685.6999402
File /Users/cc/Documents/CC_Self/CCHome/PAV/venv/lib/python3.12/site-packages/django/contrib/admin/migrations/0002_logentry_remove_auto_add.py first seen with mtime 1729230685.4213896
File /Users/cc/Documents/CC_Self/CCHome/PAV/venv/lib/python3.12/site-packages/django/contrib/admin/migrations/0002_logentry_remove_auto_add.py first seen with mtime 1729230685.4213896
File /Users/cc/Documents/CC_Self/CCHome/PAV/venv/lib/python3.12/site-packages/django/db/backends/mysql/compiler.py first seen with mtime 1729230685.7650135
File /Users/cc/Documents/CC_Self/CCHome/PAV/venv/lib/python3.12/site-packages/django/db/backends/mysql/compiler.py first seen with mtime 1729230685.7650135
File /Users/cc/Documents/CC_Self/CCHome/PAV/venv/lib/python3.12/site-packages/django/middleware/clickjacking.py first seen with mtime 1729230685.7856014
File /Users/cc/Documents/CC_Self/CCHome/PAV/venv/lib/python3.12/site-packages/django/middleware/clickjacking.py first seen with mtime 1729230685.7856014
File /Users/cc/Documents/CC_Self/CCHome/PAV/venv/lib/python3.12/site-packages/django/db/migrations/loader.py first seen with mtime 1729230685.7693174
File /Users/cc/Documents/CC_Self/CCHome/PAV/venv/lib/python3.12/site-packages/django/db/migrations/loader.py first seen with mtime 1729230685.7693174
File /Users/cc/Documents/CC_Self/CCHome/PAV/venv/lib/python3.12/site-packages/django/db/migrations/graph.py first seen with mtime 1729230685.7692266
File /Users/cc/Documents/CC_Self/CCHome/PAV/venv/lib/python3.12/site-packages/django/db/migrations/graph.py first seen with mtime 1729230685.7692266
File /Users/cc/Documents/CC_Self/CCHome/PAV/venv/lib/python3.12/site-packages/django/contrib/auth/migrations/0011_update_proxy_permissions.py first seen with mtime 1729230685.533373
File /Users/cc/Documents/CC_Self/CCHome/PAV/venv/lib/python3.12/site-packages/django/contrib/auth/migrations/0011_update_proxy_permissions.py first seen with mtime 1729230685.533373
File /Users/cc/Documents/CC_Self/CCHome/PAV/venv/lib/python3.12/site-packages/django/contrib/auth/migrations/0004_alter_user_username_opts.py first seen with mtime 1729230685.532799
File /Users/cc/Documents/CC_Self/CCHome/PAV/venv/lib/python3.12/site-packages/django/contrib/auth/migrations/0004_alter_user_username_opts.py first seen with mtime 1729230685.532799
File /Users/cc/Documents/CC_Self/CCHome/PAV/venv/lib/python3.12/site-packages/django/contrib/auth/migrations/0010_alter_group_name_max_length.py first seen with mtime 1729230685.5332658
File /Users/cc/Documents/CC_Self/CCHome/PAV/venv/lib/python3.12/site-packages/django/contrib/auth/migrations/0010_alter_group_name_max_length.py first seen with mtime 1729230685.5332658
File /Users/cc/Documents/CC_Self/CCHome/PAV/venv/lib/python3.12/site-packages/django/contrib/sessions/backends/base.py first seen with mtime 1729230685.6997097
File /Users/cc/Documents/CC_Self/CCHome/PAV/venv/lib/python3.12/site-packages/django/contrib/sessions/backends/base.py first seen with mtime 1729230685.6997097
File /Users/cc/Documents/CC_Self/CCHome/PAV/venv/lib/python3.12/site-packages/django/contrib/sessions/migrations/0001_initial.py first seen with mtime 1729230685.725093
File /Users/cc/Documents/CC_Self/CCHome/PAV/venv/lib/python3.12/site-packages/django/contrib/sessions/migrations/0001_initial.py first seen with mtime 1729230685.725093
File /Users/cc/Documents/CC_Self/CCHome/PAV/venv/lib/python3.12/site-packages/django/contrib/auth/migrations/0002_alter_permission_name_max_length.py first seen with mtime 1729230685.5326347
File /Users/cc/Documents/CC_Self/CCHome/PAV/venv/lib/python3.12/site-packages/django/contrib/auth/migrations/0002_alter_permission_name_max_length.py first seen with mtime 1729230685.5326347
File /Users/cc/Documents/CC_Self/CCHome/PAV/venv/lib/python3.12/site-packages/django/contrib/auth/migrations/0007_alter_validators_add_error_messages.py first seen with mtime 1729230685.5330265
File /Users/cc/Documents/CC_Self/CCHome/PAV/venv/lib/python3.12/site-packages/django/contrib/auth/migrations/0007_alter_validators_add_error_messages.py first seen with mtime 1729230685.5330265
File /Users/cc/Documents/CC_Self/CCHome/PAV/venv/lib/python3.12/site-packages/django/db/models/sql/compiler.py first seen with mtime 1729230685.7745457
File /Users/cc/Documents/CC_Self/CCHome/PAV/venv/lib/python3.12/site-packages/django/db/models/sql/compiler.py first seen with mtime 1729230685.7745457
File /Users/cc/Documents/CC_Self/CCHome/PAV/venv/lib/python3.12/site-packages/django/contrib/sessions/exceptions.py first seen with mtime 1729230685.6992044
File /Users/cc/Documents/CC_Self/CCHome/PAV/venv/lib/python3.12/site-packages/django/contrib/sessions/exceptions.py first seen with mtime 1729230685.6992044
File /Users/cc/Documents/CC_Self/CCHome/PAV/venv/lib/python3.12/site-packages/django/db/migrations/executor.py first seen with mtime 1729230685.7690883
File /Users/cc/Documents/CC_Self/CCHome/PAV/venv/lib/python3.12/site-packages/django/db/migrations/executor.py first seen with mtime 1729230685.7690883
File /Users/cc/Documents/CC_Self/CCHome/PAV/PAV/settings.py previous mtime: 1730474315.0146637, current mtime: 1730474327.7298968
File /Users/cc/Documents/CC_Self/CCHome/PAV/PAV/settings.py previous mtime: 1730474315.0146637, current mtime: 1730474327.7298968
/Users/cc/Documents/CC_Self/CCHome/PAV/PAV/settings.py notified as changed. Signal results: [(<function template_changed at 0x1043f63e0>, None), (<function translation_file_changed at 0x104f1cb80>, None)].
/Users/cc/Documents/CC_Self/CCHome/PAV/PAV/settings.py notified as changed. Signal results: [(<function template_changed at 0x1043f63e0>, None), (<function translation_file_changed at 0x104f1cb80>, None)].
/Users/cc/Documents/CC_Self/CCHome/PAV/PAV/settings.py changed, reloading.
/Users/cc/Documents/CC_Self/CCHome/PAV/PAV/settings.py changed, reloading.
Watching for file changes with StatReloader
Watching for file changes with StatReloader
/Users/cc/Documents/CC_Self/CCHome/PAV/PAV/settings.py changed, reloading.
/Users/cc/Documents/CC_Self/CCHome/PAV/PAV/settings.py changed, reloading.
Watching for file changes with StatReloader
Watching for file changes with StatReloader
/Users/cc/Documents/CC_Self/CCHome/PAV/PAV/settings.py changed, reloading.
/Users/cc/Documents/CC_Self/CCHome/PAV/PAV/settings.py changed, reloading.
Watching for file changes with StatReloader
Watching for file changes with StatReloader
/Users/cc/Documents/CC_Self/CCHome/PAV/PAV/settings.py changed, reloading.
/Users/cc/Documents/CC_Self/CCHome/PAV/PAV/settings.py changed, reloading.
STREAM b'IHDR' 16 13
STREAM b'sRGB' 41 1
STREAM b'gAMA' 54 4
STREAM b'pHYs' 70 9
STREAM b'IDAT' 91 65445
Successfully deleted directory: media/2024-11-01/41daec91fb6f783f4a0ca476844b291e
STREAM b'IHDR' 16 13
STREAM b'sRGB' 41 1
STREAM b'gAMA' 54 4
STREAM b'pHYs' 70 9
STREAM b'IDAT' 91 65445
Successfully deleted directory: media/2024-11-01/0a9965989b347c1129e616194d3a202a
STREAM b'IHDR' 16 13
STREAM b'sRGB' 41 1
STREAM b'gAMA' 54 4
STREAM b'pHYs' 70 9
STREAM b'IDAT' 91 65445
Successfully deleted directory: media/2024-11-01/825040a945a2e124405494e3673400e7
